scenario,label,method,rep,seed,n,test_n,conversion,converters,success,error,warnings,log_ratio_rmse,lift_mae,lift_bias,rank_spearman,theta0,theta1,moment_norm,propensity_clip_fraction
continuous_null,Contínuo: efeito nulo,Q,0,20270906,12000,2000,0.04958333333333333,595,True,,,0.38696209589685837,0.24894306237849298,-0.0958513279702251,,,,,
continuous_null,Contínuo: efeito nulo,DML,0,20270906,12000,2000,0.04958333333333333,595,True,,,0.04822641264725964,0.043197211603951104,0.0011633194865272908,,0.02523912467609885,-0.07190406521871102,4.696561137668627e-19,
continuous_null,Contínuo: efeito nulo,S-learner,0,20270906,12000,2000,0.04958333333333333,595,True,,,0.2602139737603337,0.17535302064833402,-0.13023201497836157,,,,,
continuous_null,Contínuo: efeito nulo,Q,1,20270907,12000,2000,0.04791666666666667,575,True,,,0.3767475834154751,0.26778227606641986,-0.061398568650927514,,,,,
continuous_null,Contínuo: efeito nulo,DML,1,20270907,12000,2000,0.04791666666666667,575,True,,,0.08694566570069541,0.0648853166672057,0.003786029808605534,,0.10691679153825193,-0.08524760893519655,3.7844923031718e-19,
continuous_null,Contínuo: efeito nulo,S-learner,1,20270907,12000,2000,0.04791666666666667,575,True,,,0.40969004213801935,0.28037745315143653,-0.2633826453513618,,,,,
continuous_null,Contínuo: efeito nulo,Q,2,20270908,12000,2000,0.04883333333333333,586,True,,,0.5289526389685913,0.5919755895264268,0.5252152635071984,,,,,
continuous_null,Contínuo: efeito nulo,DML,2,20270908,12000,2000,0.04883333333333333,586,True,,,0.026037066989716234,0.024699924534084237,0.0003389905097330034,,-0.0007747522772160138,0.04120976522339243,1.6482868571321268e-19,
continuous_null,Contínuo: efeito nulo,S-learner,2,20270908,12000,2000,0.04883333333333333,586,True,,,0.37038021193830445,0.35014046410766964,0.22824566816377273,,,,,
continuous_null,Contínuo: efeito nulo,Q,3,20270909,12000,2000,0.050166666666666665,602,True,,,0.6467985084446999,0.30954883282975915,-0.2783974383767672,,,,,
continuous_null,Contínuo: efeito nulo,DML,3,20270909,12000,2000,0.050166666666666665,602,True,,,0.11280774785801065,0.09940047564442421,0.006376467246990988,,-0.06743367496947218,-0.16485670830338903,3.578869021569914e-19,
continuous_null,Contínuo: efeito nulo,S-learner,3,20270909,12000,2000,0.050166666666666665,602,True,,,0.5262536646646033,0.3033662440934924,-0.25800338824182767,,,,,
continuous_null,Contínuo: efeito nulo,Q,4,20270910,12000,2000,0.049416666666666664,593,True,,,0.3844569923094761,0.23757261335694158,0.06961510460781961,,,,,
continuous_null,Contínuo: efeito nulo,DML,4,20270910,12000,2000,0.049416666666666664,593,True,,,0.052976419877303775,0.03850061289582516,0.0014041472928651526,,-0.05393344589703951,0.06534175500862005,1.1462420026593143e-16,
continuous_null,Contínuo: efeito nulo,S-learner,4,20270910,12000,2000,0.049416666666666664,593,True,,,0.33060998213316395,0.2940574621379245,0.19721020651751486,,,,,
continuous_null,Contínuo: efeito nulo,Q,5,20270911,12000,2000,0.04858333333333333,583,True,,,0.6201030612419406,0.32816105452742567,-0.18450228296175955,,,,,
continuous_null,Contínuo: efeito nulo,DML,5,20270911,12000,2000,0.04858333333333333,583,True,,,0.0609610192522837,0.05771827360077413,0.0018589226775461683,,-0.0962031475192141,0.007115374096612642,3.4591779502613944e-19,
continuous_null,Contínuo: efeito nulo,S-learner,5,20270911,12000,2000,0.04858333333333333,583,True,,,0.4497429305101478,0.26940008451178726,-0.08464739629690804,,,,,
continuous_null,Contínuo: efeito nulo,Q,6,20270912,12000,2000,0.04675,561,True,,,0.6154753460670841,0.5909850629960957,0.3288278122212009,,,,,
continuous_null,Contínuo: efeito nulo,DML,6,20270912,12000,2000,0.04675,561,True,,,0.11317118656254141,0.08203293810041956,0.0064221989194644885,,0.11619826008415338,-0.13572998377519155,1.4707655943199378e-18,
continuous_null,Contínuo: efeito nulo,S-learner,6,20270912,12000,2000,0.04675,561,True,,,0.3703673701526108,0.2996364654324655,0.046418194050094126,,,,,
continuous_null,Contínuo: efeito nulo,Q,7,20270913,12000,2000,0.049166666666666664,590,True,,,0.47293216493545176,0.304034227339291,-0.2538104207199923,,,,,
continuous_null,Contínuo: efeito nulo,DML,7,20270913,12000,2000,0.049166666666666664,590,True,,,0.08147937393217004,0.05578322570109249,0.0033244250125272785,,0.0894336282275066,-0.09246205589439399,1.0660761483222433e-18,
continuous_null,Contínuo: efeito nulo,S-learner,7,20270913,12000,2000,0.049166666666666664,590,True,,,0.3351927083566537,0.2520661027300303,-0.06933040767725086,,,,,
continuous_null,Contínuo: efeito nulo,Q,8,20270914,12000,2000,0.050333333333333334,604,True,,,0.5572706038968911,0.29674101302121975,0.04391417213341262,,,,,
continuous_null,Contínuo: efeito nulo,DML,8,20270914,12000,2000,0.050333333333333334,604,True,,,0.04221674927415042,0.030238042949919653,0.0008914735649396146,,0.04891731067258099,-0.043831711919357634,6.789407489821939e-18,
continuous_null,Contínuo: efeito nulo,S-learner,8,20270914,12000,2000,0.050333333333333334,604,True,,,0.3259546086663333,0.203630353303802,0.008866809796593725,,,,,
continuous_null,Contínuo: efeito nulo,Q,9,20270915,12000,2000,0.049166666666666664,590,True,,,0.4986477720310845,0.36714679831527847,-0.007450758273250443,,,,,
continuous_null,Contínuo: efeito nulo,DML,9,20270915,12000,2000,0.049166666666666664,590,True,,,0.0458813587215678,0.04282365931071445,0.0010528327280240042,,0.07140655673900567,-0.013162454386702304,5.513590849586744e-19,
continuous_null,Contínuo: efeito nulo,S-learner,9,20270915,12000,2000,0.049166666666666664,590,True,,,0.45693351342882843,0.37474490532235666,0.04261914624337818,,,,,
continuous_null,Contínuo: efeito nulo,Q,10,20270916,12000,2000,0.050333333333333334,604,True,,,0.3311198218577088,0.2852488842820162,0.16407026715360998,,,,,
continuous_null,Contínuo: efeito nulo,DML,10,20270916,12000,2000,0.050333333333333334,604,True,,,0.03451883843661887,0.024611971389842027,0.000595935117604288,,0.0360243326914739,0.04110971505592877,1.826393819378849e-18,
continuous_null,Contínuo: efeito nulo,S-learner,10,20270916,12000,2000,0.050333333333333334,604,True,,,0.30828037126408536,0.2533236834483983,0.10486575973370617,,,,,
continuous_null,Contínuo: efeito nulo,Q,11,20270917,12000,2000,0.04858333333333333,583,True,,,0.47483925543374916,0.30365472605225635,-0.11836837830135007,,,,,
continuous_null,Contínuo: efeito nulo,DML,11,20270917,12000,2000,0.04858333333333333,583,True,,,0.09070719855195022,0.0809545630991799,0.004119372249535294,,0.049403238994625724,-0.13593387912298283,1.951006449210658e-18,
continuous_null,Contínuo: efeito nulo,S-learner,11,20270917,12000,2000,0.04858333333333333,583,True,,,0.46930886487192663,0.28332786961555156,-0.1421703422632902,,,,,
continuous_null,Contínuo: efeito nulo,Q,12,20270918,12000,2000,0.048,576,True,,,0.665024622000447,0.34000077780536025,-0.3177817591003808,,,,,
continuous_null,Contínuo: efeito nulo,DML,12,20270918,12000,2000,0.048,576,True,,,0.10858135319708352,0.09477029747132502,0.005907005590734464,,0.06842163684810286,-0.15657177250502957,1.569943381413186e-19,
continuous_null,Contínuo: efeito nulo,S-learner,12,20270918,12000,2000,0.048,576,True,,,0.43794782616288475,0.2898733762578603,-0.21524828642697777,,,,,
continuous_null,Contínuo: efeito nulo,Q,13,20270919,12000,2000,0.04733333333333333,568,True,,,0.5248892653568531,0.3378068175138176,0.07101418265543305,,,,,
continuous_null,Contínuo: efeito nulo,DML,13,20270919,12000,2000,0.04733333333333333,568,True,,,0.059926203277447215,0.05157871385279006,0.0017967200001959718,,0.08439908881441748,-0.04005616462581349,1.0831222511606512e-19,
continuous_null,Contínuo: efeito nulo,S-learner,13,20270919,12000,2000,0.04733333333333333,568,True,,,0.4580389910840813,0.34712730724586904,0.04747572935786479,,,,,
continuous_null,Contínuo: efeito nulo,Q,14,20270920,12000,2000,0.05408333333333333,649,True,,,0.4198884002040168,0.28087054401202943,-0.12765855314871632,,,,,
continuous_null,Contínuo: efeito nulo,DML,14,20270920,12000,2000,0.05408333333333333,649,True,,,0.025351569960773424,0.020076839353064223,0.0003213944587525033,,-0.022081317624966776,0.033631125070559126,1.1427832589158547e-17,
continuous_null,Contínuo: efeito nulo,S-learner,14,20270920,12000,2000,0.05408333333333333,649,True,,,0.224253184200063,0.17443465790586005,-0.03306763689900755,,,,,
continuous_null,Contínuo: efeito nulo,Q,15,20270921,12000,2000,0.04625,555,True,,,0.39692940193567705,0.3801524671159133,0.21206886243884798,,,,,
continuous_null,Contínuo: efeito nulo,DML,15,20270921,12000,2000,0.04625,555,True,,,0.022848928527231922,0.02023401185155302,0.0002610591337866346,,-0.03368001574913591,0.012969942522379235,2.6048986031239854e-19,
continuous_null,Contínuo: efeito nulo,S-learner,15,20270921,12000,2000,0.04625,555,True,,,0.24741000382527276,0.1724668158091418,-0.01040458504824436,,,,,
continuous_null,Contínuo: efeito nulo,Q,16,20270922,12000,2000,0.05333333333333334,640,True,,,0.4591906840439786,0.28593589209933523,-0.06711641402226048,,,,,
continuous_null,Contínuo: efeito nulo,DML,16,20270922,12000,2000,0.05333333333333334,640,True,,,0.052365120592687754,0.04661328338796411,0.0013716629585399929,,0.07824023360074242,-0.028780290148638296,5.603135941462597e-19,
continuous_null,Contínuo: efeito nulo,S-learner,16,20270922,12000,2000,0.05333333333333334,640,True,,,0.39726604616811256,0.2460326884862234,-0.11822954395746274,,,,,
continuous_null,Contínuo: efeito nulo,Q,17,20270923,12000,2000,0.05341666666666667,641,True,,,0.5295057408091584,0.23464856790498664,-0.036125309243212625,,,,,
continuous_null,Contínuo: efeito nulo,DML,17,20270923,12000,2000,0.05341666666666667,641,True,,,0.07933419425393333,0.07462807776630888,0.003149372847856249,,-0.12402559124410968,0.017458574957872272,9.506581469344166e-19,
continuous_null,Contínuo: efeito nulo,S-learner,17,20270923,12000,2000,0.05341666666666667,641,True,,,0.39720969551549856,0.33407474529376663,0.1774803330910775,,,,,
continuous_null,Contínuo: efeito nulo,Q,18,20270924,12000,2000,0.04766666666666667,572,True,,,0.36700293190707417,0.3535972699505994,0.27068623848535506,,,,,
continuous_null,Contínuo: efeito nulo,DML,18,20270924,12000,2000,0.04766666666666667,572,True,,,0.04582986548967035,0.04203569617285749,0.0010504999165517556,,-0.018635545557766666,-0.06993300702374931,2.2781417449958823e-19,
continuous_null,Contínuo: efeito nulo,S-learner,18,20270924,12000,2000,0.04766666666666667,572,True,,,0.37695649471431836,0.3836963976286597,0.3172009552888492,,,,,
continuous_null,Contínuo: efeito nulo,Q,19,20270925,12000,2000,0.0485,582,True,,,0.5755678951192718,0.7051178801835115,0.6790622746983687,,,,,
continuous_null,Contínuo: efeito nulo,DML,19,20270925,12000,2000,0.0485,582,True,,,0.09501971454183608,0.0900696238974839,0.0045190916269293065,,-0.010914090180070828,0.14978785008649428,1.1714419681253562e-19,
continuous_null,Contínuo: efeito nulo,S-learner,19,20270925,12000,2000,0.0485,582,True,,,0.4214021250156841,0.46269490872314245,0.4231575587476273,,,,,
continuous_null,Contínuo: efeito nulo,Q,20,20270926,12000,2000,0.0485,582,True,,,0.5558833215324321,0.5988772234870896,0.4520067486692318,,,,,
continuous_null,Contínuo: efeito nulo,DML,20,20270926,12000,2000,0.0485,582,True,,,0.012233274366728362,0.01150160966104459,7.482785852829999e-05,,0.0025876346482717008,0.019101476744409922,4.81598607517849e-19,
continuous_null,Contínuo: efeito nulo,S-learner,20,20270926,12000,2000,0.0485,582,True,,,0.3205808420989131,0.30465422992973884,0.24726495732651188,,,,,
continuous_null,Contínuo: efeito nulo,Q,21,20270927,12000,2000,0.04491666666666667,539,True,,,0.4535804630385897,0.2746857261409461,0.046925165468950744,,,,,
continuous_null,Contínuo: efeito nulo,DML,21,20270927,12000,2000,0.04491666666666667,539,True,,,0.11588640205873073,0.08876808520523832,0.006734079946324108,,-0.1445489024580728,0.10904869017772291,8.018913221500035e-19,
continuous_null,Contínuo: efeito nulo,S-learner,21,20270927,12000,2000,0.04491666666666667,539,True,,,0.3378876731816259,0.21816213294689646,0.046277165632697556,,,,,
continuous_null,Contínuo: efeito nulo,Q,22,20270928,12000,2000,0.04816666666666667,578,True,,,0.44356515753224096,0.32245838372688784,0.011154987296129619,,,,,
continuous_null,Contínuo: efeito nulo,DML,22,20270928,12000,2000,0.04816666666666667,578,True,,,0.10515541934491904,0.07742914103622286,0.0055424286007445854,,0.10546534902642526,-0.12842945917224358,4.555498202880515e-19,
continuous_null,Contínuo: efeito nulo,S-learner,22,20270928,12000,2000,0.04816666666666667,578,True,,,0.2682524421031363,0.20279355077591166,0.03461795644295352,,,,,
continuous_null,Contínuo: efeito nulo,Q,23,20270929,12000,2000,0.05216666666666667,626,True,,,0.356481895115517,0.2123127625511599,-0.047997945762988936,,,,,
continuous_null,Contínuo: efeito nulo,DML,23,20270929,12000,2000,0.05216666666666667,626,True,,,0.04556030555615749,0.03562944286963442,0.00103833508593954,,-0.06032210601308489,0.04085195691409797,4.338905271093189e-19,
continuous_null,Contínuo: efeito nulo,S-learner,23,20270929,12000,2000,0.05216666666666667,626,True,,,0.29527990196645953,0.1914843748532448,-0.06719396671200566,,,,,
continuous_null,Contínuo: efeito nulo,Q,24,20270930,12000,2000,0.04958333333333333,595,True,,,0.41329277764122146,0.2592225803781156,-0.023265128173327744,,,,,
continuous_null,Contínuo: efeito nulo,DML,24,20270930,12000,2000,0.04958333333333333,595,True,,,0.06861889161286018,0.06461090381368366,0.002355616138185784,,0.10773483611914422,0.014068802536434156,7.552635307557831e-19,
continuous_null,Contínuo: efeito nulo,S-learner,24,20270930,12000,2000,0.04958333333333333,595,True,,,0.408378779709956,0.3190448809520234,0.09294231837265202,,,,,
continuous_null,Contínuo: efeito nulo,Q,25,20270931,12000,2000,0.04933333333333333,592,True,,,0.4801744123157009,0.4651991109883169,0.36343990334818677,,,,,
continuous_null,Contínuo: efeito nulo,DML,25,20270931,12000,2000,0.04933333333333333,592,True,,,0.16349056792879235,0.13188831070289767,0.01343798118567397,,-0.2161673384738334,0.13897308654255497,3.7938547398257567e-19,
continuous_null,Contínuo: efeito nulo,S-learner,25,20270931,12000,2000,0.04933333333333333,592,True,,,0.41346314041113563,0.4058358969068513,0.34072529207239177,,,,,
continuous_null,Contínuo: efeito nulo,Q,26,20270932,12000,2000,0.04933333333333333,592,True,,,0.38040518648543203,0.3558947329504239,0.3010284170068161,,,,,
continuous_null,Contínuo: efeito nulo,DML,26,20270932,12000,2000,0.04933333333333333,592,True,,,0.025953320135954524,0.02266334207424225,0.0003368261949983475,,0.016057160518146128,-0.03739629207713257,8.609431232566279e-19,
continuous_null,Contínuo: efeito nulo,S-learner,26,20270932,12000,2000,0.04933333333333333,592,True,,,0.359487603997506,0.35874418325451163,0.3378498358808403,,,,,
continuous_null,Contínuo: efeito nulo,Q,27,20270933,12000,2000,0.05291666666666667,635,True,,,0.38141422561638305,0.234761787542594,0.034738343422175855,,,,,
continuous_null,Contínuo: efeito nulo,DML,27,20270933,12000,2000,0.05291666666666667,635,True,,,0.03118425697001904,0.025751213932518648,0.00048632052626915276,,0.024306244180220243,0.042128565370576604,2.85219985148973e-18,
continuous_null,Contínuo: efeito nulo,S-learner,27,20270933,12000,2000,0.05291666666666667,635,True,,,0.27328826247025756,0.19667210049127648,0.0050033321924938985,,,,,
continuous_null,Contínuo: efeito nulo,Q,28,20270934,12000,2000,0.048,576,True,,,0.4898095920512969,0.3576144255177241,-0.24052153439986204,,,,,
continuous_null,Contínuo: efeito nulo,DML,28,20270934,12000,2000,0.048,576,True,,,0.08284002695976124,0.058178946120554687,0.0034366372222907914,,-0.08835011869811933,-0.09821124605224268,2.844554055225488e-17,
continuous_null,Contínuo: efeito nulo,S-learner,28,20270934,12000,2000,0.048,576,True,,,0.43834720614699973,0.3214798005774554,-0.1730690313593823,,,,,
continuous_null,Contínuo: efeito nulo,Q,29,20270935,12000,2000,0.0495,594,True,,,0.38268054830573744,0.3459666726449037,0.1770384972036453,,,,,
continuous_null,Contínuo: efeito nulo,DML,29,20270935,12000,2000,0.0495,594,True,,,0.06493764115806806,0.059227766058488715,0.002109754295321192,,-0.10021980871948931,-0.028628196273403596,6.841192873035709e-19,
continuous_null,Contínuo: efeito nulo,S-learner,29,20270935,12000,2000,0.0495,594,True,,,0.4069041987119112,0.4226390896313127,0.3834991523717688,,,,,
continuous_common,Contínuo: efeito comum,Q,0,20271906,12000,2000,0.0455,546,True,,,0.46682724446696455,0.4963279640185474,0.38918332492516433,,,,,
continuous_common,Contínuo: efeito comum,DML,0,20271906,12000,2000,0.0455,546,True,,,0.08626892900152343,0.07701248680464201,-0.00386026199524623,,-0.29664753786770187,-0.1251632785404523,2.668719986220447e-19,
continuous_common,Contínuo: efeito comum,S-learner,0,20271906,12000,2000,0.0455,546,True,,,0.3063734665205733,0.26548878879191923,0.09222166143263841,,,,,
continuous_common,Contínuo: efeito comum,Q,1,20271907,12000,2000,0.04716666666666667,566,True,,,0.41589321508985405,0.26976047797091307,-0.18137392128438262,,,,,
continuous_common,Contínuo: efeito comum,DML,1,20271907,12000,2000,0.04716666666666667,566,True,,,0.05627441836149931,0.05498175792195583,0.0011815051459894126,,-0.3493647171064127,-0.08895697878940194,3.0888419036935936e-19,
continuous_common,Contínuo: efeito comum,S-learner,1,20271907,12000,2000,0.04716666666666667,566,True,,,0.37172389883598916,0.2873983856819669,-0.026557153782463858,,,,,
continuous_common,Contínuo: efeito comum,Q,2,20271908,12000,2000,0.04533333333333334,544,True,,,0.8793554508998206,0.45249791900240455,-0.4197806462241119,,,,,
continuous_common,Contínuo: efeito comum,DML,2,20271908,12000,2000,0.04533333333333334,544,True,,,0.0334530687328265,0.03137725240002054,-0.006644851507342302,,-0.2989749300460641,0.013987106257352269,3.9363912869118493e-19,
continuous_common,Contínuo: efeito comum,S-learner,2,20271908,12000,2000,0.04533333333333334,544,True,,,0.563451774283179,0.3635213979529632,-0.33692338828916796,,,,,
continuous_common,Contínuo: efeito comum,Q,3,20271909,12000,2000,0.04825,579,True,,,0.3112436555858277,0.23229547924797014,-0.02581586346570474,,,,,
continuous_common,Contínuo: efeito comum,DML,3,20271909,12000,2000,0.04825,579,True,,,0.04066158862019453,0.037567179517988394,-0.0021279315629921013,,-0.3296815165711843,-0.060753150689449927,8.873583013999511e-19,
continuous_common,Contínuo: efeito comum,S-learner,3,20271909,12000,2000,0.04825,579,True,,,0.2568309205403952,0.18326731277142866,-0.04787737564510697,,,,,
continuous_common,Contínuo: efeito comum,Q,4,20271910,12000,2000,0.04875,585,True,,,0.4044680395611046,0.3572347376612956,0.1205680481537752,,,,,
continuous_common,Contínuo: efeito comum,DML,4,20271910,12000,2000,0.04875,585,True,,,0.049915010619118245,0.04471829593764658,0.01146363919623523,,-0.4217611127516039,0.032706652934570334,8.81809827952412e-19,
continuous_common,Contínuo: efeito comum,S-learner,4,20271910,12000,2000,0.04875,585,True,,,0.35832391980024647,0.3410229505481687,0.13949958558038614,,,,,
continuous_common,Contínuo: efeito comum,Q,5,20271911,12000,2000,0.04783333333333333,574,True,,,0.41350498887872633,0.29986670683883015,-0.024042031598438776,,,,,
continuous_common,Contínuo: efeito comum,DML,5,20271911,12000,2000,0.04783333333333333,574,True,,,0.05469795898724123,0.04304292735643896,-0.005655944707811271,,-0.2994764749198859,0.06999107543154555,2.1346804906433585e-19,
continuous_common,Contínuo: efeito comum,S-learner,5,20271911,12000,2000,0.04783333333333333,574,True,,,0.31173521677772303,0.2486150160897113,0.0366351132591202,,,,,
continuous_common,Contínuo: efeito comum,Q,6,20271912,12000,2000,0.05,600,True,,,0.31591314523077646,0.20911006639622545,-0.04055963429712509,,,,,
continuous_common,Contínuo: efeito comum,DML,6,20271912,12000,2000,0.05,600,True,,,0.04298802345599257,0.04042230428395542,0.010164777653664522,,-0.41552016946902876,-0.019796083767934323,9.214570869425575e-19,
continuous_common,Contínuo: efeito comum,S-learner,6,20271912,12000,2000,0.05,600,True,,,0.2558940039720567,0.21250552940212872,0.028939543847052253,,,,,
continuous_common,Contínuo: efeito comum,Q,7,20271913,12000,2000,0.04583333333333333,550,True,,,0.3391758326187843,0.21903700845131815,-0.0684107465264192,,,,,
continuous_common,Contínuo: efeito comum,DML,7,20271913,12000,2000,0.04583333333333333,550,True,,,0.060480361048101915,0.0539765172072043,0.014155219372644169,,-0.4369003589333467,-0.040702329732643365,5.440565728757874e-19,
continuous_common,Contínuo: efeito comum,S-learner,7,20271913,12000,2000,0.04583333333333333,550,True,,,0.27930251239877185,0.19587529507024637,-0.0863696522179901,,,,,
continuous_common,Contínuo: efeito comum,Q,8,20271914,12000,2000,0.043833333333333335,526,True,,,0.29250347482692585,0.23270461392430936,0.031575914087241974,,,,,
continuous_common,Contínuo: efeito comum,DML,8,20271914,12000,2000,0.043833333333333335,526,True,,,0.06509067137074494,0.05101583829942153,-0.00607663994321906,,-0.2895219859312228,-0.08486030920086605,8.560659756495668e-19,
continuous_common,Contínuo: efeito comum,S-learner,8,20271914,12000,2000,0.043833333333333335,526,True,,,0.2766724315537147,0.26507984639950244,0.20557835076577882,,,,,
continuous_common,Contínuo: efeito comum,Q,9,20271915,12000,2000,0.04658333333333333,559,True,,,0.5471672480347802,0.4794824549957031,0.34824223552872036,,,,,
continuous_common,Contínuo: efeito comum,DML,9,20271915,12000,2000,0.04658333333333333,559,True,,,0.07225578638575646,0.06565347084679825,-0.01249992774963981,,-0.24384719600918767,-0.0394664096169957,1.207547603110103e-18,
continuous_common,Contínuo: efeito comum,S-learner,9,20271915,12000,2000,0.04658333333333333,559,True,,,0.40358263778269476,0.41325935215562687,0.34190924313577775,,,,,
continuous_common,Contínuo: efeito comum,Q,10,20271916,12000,2000,0.04833333333333333,580,True,,,0.3553812331763076,0.2709935996268182,0.028529746680887598,,,,,
continuous_common,Contínuo: efeito comum,DML,10,20271916,12000,2000,0.04833333333333333,580,True,,,0.052838633389494245,0.04236661842827793,-0.008347757692858738,,-0.2791658621131196,-0.04699649582287355,1.223762134810545e-18,
continuous_common,Contínuo: efeito comum,S-learner,10,20271916,12000,2000,0.04833333333333333,580,True,,,0.318225670101418,0.2656595309818495,0.09119445214109179,,,,,
continuous_common,Contínuo: efeito comum,Q,11,20271917,12000,2000,0.04808333333333333,577,True,,,0.42337936079259947,0.44146258278628214,0.24943513349293903,,,,,
continuous_common,Contínuo: efeito comum,DML,11,20271917,12000,2000,0.04808333333333333,577,True,,,0.08055822316071501,0.06852538566971995,-0.00527182691636648,,-0.2890436363519264,0.11196289309918751,9.413638195503778e-19,
continuous_common,Contínuo: efeito comum,S-learner,11,20271917,12000,2000,0.04808333333333333,577,True,,,0.33500341326500904,0.3059708448325879,0.0217124933860146,,,,,
continuous_common,Contínuo: efeito comum,Q,12,20271918,12000,2000,0.044833333333333336,538,True,,,0.3290446575638904,0.23137755805295807,-0.06355477271294781,,,,,
continuous_common,Contínuo: efeito comum,DML,12,20271918,12000,2000,0.044833333333333336,538,True,,,0.10206877401797386,0.0689506465982043,-0.010717582337690221,,-0.23153986767787724,-0.11506082966730753,1.010340644775355e-18,
continuous_common,Contínuo: efeito comum,S-learner,12,20271918,12000,2000,0.044833333333333336,538,True,,,0.3904579873558557,0.32372505899641385,0.10126480411569967,,,,,
continuous_common,Contínuo: efeito comum,Q,13,20271919,12000,2000,0.04775,573,True,,,0.3097443345694809,0.24791566939840953,0.07918474686636938,,,,,
continuous_common,Contínuo: efeito comum,DML,13,20271919,12000,2000,0.04775,573,True,,,0.09115813770332801,0.08620242803837028,-0.00032797632814280677,,-0.3159522954152276,-0.1404295469922073,5.534906731037764e-19,
continuous_common,Contínuo: efeito comum,S-learner,13,20271919,12000,2000,0.04775,573,True,,,0.295625940928362,0.23909314912129054,0.0658334123246694,,,,,
continuous_common,Contínuo: efeito comum,Q,14,20271920,12000,2000,0.04816666666666667,578,True,,,0.41137666361524894,0.280750142501538,-0.09425391867869547,,,,,
continuous_common,Contínuo: efeito comum,DML,14,20271920,12000,2000,0.04816666666666667,578,True,,,0.19645032753301,0.13467940862031327,-0.011943860021507987,,-0.12694141039845555,-0.21661015811819606,2.4455773110691643e-19,
continuous_common,Contínuo: efeito comum,S-learner,14,20271920,12000,2000,0.04816666666666667,578,True,,,0.3449678401442322,0.29131128392956296,0.023257006092197836,,,,,
continuous_common,Contínuo: efeito comum,Q,15,20271921,12000,2000,0.05216666666666667,626,True,,,0.34476245326542204,0.26713454742377596,0.039493607424767346,,,,,
continuous_common,Contínuo: efeito comum,DML,15,20271921,12000,2000,0.05216666666666667,626,True,,,0.04160987026955595,0.03894531004586484,0.0036943187505911012,,-0.36956501147271453,0.06275584970486014,1.605773940695452e-18,
continuous_common,Contínuo: efeito comum,S-learner,15,20271921,12000,2000,0.05216666666666667,626,True,,,0.29748559378400063,0.23927870155633252,-0.10445146843939093,,,,,
continuous_common,Contínuo: efeito comum,Q,16,20271922,12000,2000,0.051166666666666666,614,True,,,0.4164907227553285,0.23828508134707718,-0.1732914381041895,,,,,
continuous_common,Contínuo: efeito comum,DML,16,20271922,12000,2000,0.051166666666666666,614,True,,,0.05160711787920221,0.04953553615732433,0.0038836663257554114,,-0.3664841990540882,0.07966874830118942,2.3578213110052996e-18,
continuous_common,Contínuo: efeito comum,S-learner,16,20271922,12000,2000,0.051166666666666666,614,True,,,0.3413414131612105,0.2143429876958546,-0.14652718287408747,,,,,
continuous_common,Contínuo: efeito comum,Q,17,20271923,12000,2000,0.048,576,True,,,0.36129814232723784,0.265562287431901,-0.0741145556563616,,,,,
continuous_common,Contínuo: efeito comum,DML,17,20271923,12000,2000,0.048,576,True,,,0.023407375314651837,0.022171303782732948,0.001774104108650721,,-0.35928615480133347,-0.03550285099666007,2.4831462261076454e-18,
continuous_common,Contínuo: efeito comum,S-learner,17,20271923,12000,2000,0.048,576,True,,,0.3290910452164501,0.2499752215332355,-0.08209633534625942,,,,,
continuous_common,Contínuo: efeito comum,Q,18,20271924,12000,2000,0.04758333333333333,571,True,,,0.2575461885728823,0.20173428205773386,-0.05185255333210918,,,,,
continuous_common,Contínuo: efeito comum,DML,18,20271924,12000,2000,0.04758333333333333,571,True,,,0.020006144870366508,0.018515124577675738,-0.001218214746103874,,-0.34002573586545437,-0.02998889683434143,1.6512577136558993e-18,
continuous_common,Contínuo: efeito comum,S-learner,18,20271924,12000,2000,0.04758333333333333,571,True,,,0.24332731607563524,0.19082259084411174,-0.015930135950642618,,,,,
continuous_common,Contínuo: efeito comum,Q,19,20271925,12000,2000,0.04841666666666666,581,True,,,0.5377838027854422,0.45613608520877486,0.1364510035179215,,,,,
continuous_common,Contínuo: efeito comum,DML,19,20271925,12000,2000,0.04841666666666666,581,True,,,0.162573546174959,0.1440812012008505,0.031800243164268285,,-0.4708737434592201,0.22421520193065458,2.730719000243215e-19,
continuous_common,Contínuo: efeito comum,S-learner,19,20271925,12000,2000,0.04841666666666666,581,True,,,0.3434380801907117,0.35318316073690154,0.28835727822029417,,,,,
continuous_common,Contínuo: efeito comum,Q,20,20271926,12000,2000,0.04833333333333333,580,True,,,0.29613387495679766,0.21271514927217045,0.06095766165226149,,,,,
continuous_common,Contínuo: efeito comum,DML,20,20271926,12000,2000,0.04833333333333333,580,True,,,0.028833790088019753,0.028135201639199366,0.00047943838572185815,,-0.35240415783705675,-0.04563510613573708,9.469747252991003e-20,
continuous_common,Contínuo: efeito comum,S-learner,20,20271926,12000,2000,0.04833333333333333,580,True,,,0.27521098471441646,0.2524065302879659,0.15422137642452188,,,,,
continuous_common,Contínuo: efeito comum,Q,21,20271927,12000,2000,0.0465,558,True,,,0.5497520325383373,0.3598305098954643,0.07402547609160677,,,,,
continuous_common,Contínuo: efeito comum,DML,21,20271927,12000,2000,0.0465,558,True,,,0.25298943912098587,0.251860441694986,0.08929703842423388,,-0.7413135091370042,0.09419863627017358,2.4438254529374446e-18,
continuous_common,Contínuo: efeito comum,S-learner,21,20271927,12000,2000,0.0465,558,True,,,0.5232586555493387,0.41791129047703746,0.17435405373665472,,,,,
continuous_common,Contínuo: efeito comum,Q,22,20271928,12000,2000,0.044083333333333335,529,True,,,0.44783995743263316,0.3572615435544776,0.13155201761057736,,,,,
continuous_common,Contínuo: efeito comum,DML,22,20271928,12000,2000,0.044083333333333335,529,True,,,0.01760840870786432,0.015929467414881143,0.0038015592895547065,,-0.3754218092463173,-0.01066265337752933,1.408884507870292e-17,
continuous_common,Contínuo: efeito comum,S-learner,22,20271928,12000,2000,0.044083333333333335,529,True,,,0.39646285082234445,0.33208256467025615,0.16561040605364005,,,,,
continuous_common,Contínuo: efeito comum,Q,23,20271929,12000,2000,0.05075,609,True,,,0.43087115139969157,0.33832823004360274,0.04267066437610919,,,,,
continuous_common,Contínuo: efeito comum,DML,23,20271929,12000,2000,0.05075,609,True,,,0.12553297565538132,0.10976391959034984,-0.004058623274973648,,-0.26515692045785055,-0.17909888160114273,1.1899958772330706e-18,
continuous_common,Contínuo: efeito comum,S-learner,23,20271929,12000,2000,0.05075,609,True,,,0.41229388303416986,0.3854925040918392,0.1904114163222659,,,,,
continuous_common,Contínuo: efeito comum,Q,24,20271930,12000,2000,0.044833333333333336,538,True,,,0.5819194771773825,0.547146369280028,0.30030872286414895,,,,,
continuous_common,Contínuo: efeito comum,DML,24,20271930,12000,2000,0.044833333333333336,538,True,,,0.0453934805124244,0.04339352886546017,-0.008939612442901786,,-0.2796531027818735,0.012712132641589888,8.115516956175925e-19,
continuous_common,Contínuo: efeito comum,S-learner,24,20271930,12000,2000,0.044833333333333336,538,True,,,0.496432857375353,0.4648447893291081,0.17867364445899486,,,,,
continuous_common,Contínuo: efeito comum,Q,25,20271931,12000,2000,0.04875,585,True,,,0.5223239136866825,0.6149477877358756,0.5580801636828892,,,,,
continuous_common,Contínuo: efeito comum,DML,25,20271931,12000,2000,0.04875,585,True,,,0.041496437898482466,0.03448000051894668,-0.007062051872879625,,-0.29345105138449223,0.03395865329338828,3.97089249191943e-19,
continuous_common,Contínuo: efeito comum,S-learner,25,20271931,12000,2000,0.04875,585,True,,,0.3651117634601788,0.35440538817759926,0.33152108718883,,,,,
continuous_common,Contínuo: efeito comum,Q,26,20271932,12000,2000,0.04933333333333333,592,True,,,0.32829135898366857,0.2143819025394514,-0.113518909884007,,,,,
continuous_common,Contínuo: efeito comum,DML,26,20271932,12000,2000,0.04933333333333333,592,True,,,0.09866092104116736,0.0904673804731992,-0.015984684641672665,,-0.20198554278343941,-0.04896604006093378,1.5270158014512584e-18,
continuous_common,Contínuo: efeito comum,S-learner,26,20271932,12000,2000,0.04933333333333333,592,True,,,0.2890963944990286,0.2369915724874856,0.027084171047133475,,,,,
continuous_common,Contínuo: efeito comum,Q,27,20271933,12000,2000,0.05225,627,True,,,0.41693304896451194,0.28446442729641447,-0.08474021944887779,,,,,
continuous_common,Contínuo: efeito comum,DML,27,20271933,12000,2000,0.05225,627,True,,,0.09736838455526957,0.08066898855660218,-0.013861792391361533,,-0.21760167720621545,-0.07896148496385509,3.559789427995676e-19,
continuous_common,Contínuo: efeito comum,S-learner,27,20271933,12000,2000,0.05225,627,True,,,0.4206687589667655,0.29660304923745107,-0.09900380501953014,,,,,
continuous_common,Contínuo: efeito comum,Q,28,20271934,12000,2000,0.050416666666666665,605,True,,,0.38817360209977403,0.24965741415009038,-0.1380489824098882,,,,,
continuous_common,Contínuo: efeito comum,DML,28,20271934,12000,2000,0.050416666666666665,605,True,,,0.08306279556057765,0.07016703125744579,-0.01271523473712449,,-0.23637152327422004,-0.06384340114426941,7.192162799184155e-19,
continuous_common,Contínuo: efeito comum,S-learner,28,20271934,12000,2000,0.050416666666666665,605,True,,,0.3301804712770757,0.23495699332811842,-0.1606257414935643,,,,,
continuous_common,Contínuo: efeito comum,Q,29,20271935,12000,2000,0.04858333333333333,583,True,,,0.8258563820410747,0.36533135381409987,-0.21291529050936037,,,,,
continuous_common,Contínuo: efeito comum,DML,29,20271935,12000,2000,0.04858333333333333,583,True,,,0.09895072337255,0.09122100008504785,-0.016129528789010302,,-0.200655144987658,-0.04662862233885796,1.0222958835935769e-18,
continuous_common,Contínuo: efeito comum,S-learner,29,20271935,12000,2000,0.04858333333333333,583,True,,,0.5446330964950692,0.33059670379370176,-0.16134261245951462,,,,,
continuous_heterogeneous,Contínuo: heterogêneo,Q,0,20272906,12000,2000,0.046,552,True,,,0.7145553299002184,0.8981645693127677,0.657727613583297,0.7565136249275132,,,,
continuous_heterogeneous,Contínuo: heterogêneo,DML,0,20272906,12000,2000,0.046,552,True,,,0.05039558623301715,0.04086878102996995,-0.004820480510097742,0.9544650060225544,-0.28241970831570085,-0.2429659432195383,1.6152709042462806e-18,
continuous_heterogeneous,Contínuo: heterogêneo,S-learner,0,20272906,12000,2000,0.046,552,True,,,0.43890462289946197,0.4132213301825028,0.13389584305064867,0.8164825971739043,,,,
continuous_heterogeneous,Contínuo: heterogêneo,Q,1,20272907,12000,2000,0.04583333333333333,550,True,,,0.3051139937071957,0.26505925045720824,0.006566155281885727,0.4332328482801332,,,,
continuous_heterogeneous,Contínuo: heterogêneo,DML,1,20272907,12000,2000,0.04583333333333333,550,True,,,0.1250757054019965,0.09395705727879507,0.01260507535400147,0.956505759147407,-0.4760096346453261,-0.04336645853108845,1.367330032578281e-18,
continuous_heterogeneous,Contínuo: heterogêneo,S-learner,1,20272907,12000,2000,0.04583333333333333,550,True,,,0.2908405996316709,0.2206257080171073,-0.04564263414477823,0.5621430936400067,,,,
continuous_heterogeneous,Contínuo: heterogêneo,Q,2,20272908,12000,2000,0.04375,525,True,,,0.4640122857192046,0.3857330185799956,0.10924777154917834,0.3402418476844408,,,,
continuous_heterogeneous,Contínuo: heterogêneo,DML,2,20272908,12000,2000,0.04375,525,True,,,0.07220740457417925,0.04990309546908469,-0.0020668864643151037,0.9465802388110872,-0.2715230576860076,-0.28067790349914395,1.269974840975713e-18,
continuous_heterogeneous,Contínuo: heterogêneo,S-learner,2,20272908,12000,2000,0.04375,525,True,,,0.3420519943517252,0.31492688232365007,0.12027663033547184,0.5621738707703537,,,,
continuous_heterogeneous,Contínuo: heterogêneo,Q,3,20272909,12000,2000,0.051083333333333335,613,True,,,0.43310063215298156,0.3724552846247999,0.18409745796707325,0.7268313921029527,,,,
continuous_heterogeneous,Contínuo: heterogêneo,DML,3,20272909,12000,2000,0.051083333333333335,613,True,,,0.016805212150016867,0.012188496439170382,-0.004049574453570957,0.946100348051438,-0.33024823503941664,-0.1814598567593718,9.217121047726416e-19,
continuous_heterogeneous,Contínuo: heterogêneo,S-learner,3,20272909,12000,2000,0.051083333333333335,613,True,,,0.3549054377245251,0.3452166381851157,0.22015001776568413,0.7831598332486881,,,,
continuous_heterogeneous,Contínuo: heterogêneo,Q,4,20272910,12000,2000,0.04733333333333333,568,True,,,0.7306311441648942,1.0741538655659797,1.0491228158612993,-0.4100356957562761,,,,
continuous_heterogeneous,Contínuo: heterogêneo,DML,4,20272910,12000,2000,0.04733333333333333,568,True,,,0.025337619323083913,0.018521478185458514,-0.0008612334384006015,0.9572671424268144,-0.3241373533308471,-0.23046688933466355,1.1038289763575938e-18,
continuous_heterogeneous,Contínuo: heterogêneo,S-learner,4,20272910,12000,2000,0.04733333333333333,568,True,,,0.5717852869610734,0.7526084338551051,0.7350633246900344,-0.059347453308097056,,,,
continuous_heterogeneous,Contínuo: heterogêneo,Q,5,20272911,12000,2000,0.048666666666666664,584,True,,,0.3417076539511173,0.30267194737795616,0.10278791103728878,-0.05627555159669212,,,,
continuous_heterogeneous,Contínuo: heterogêneo,DML,5,20272911,12000,2000,0.048666666666666664,584,True,,,0.11936146338254096,0.10877962540909854,0.025905706454838386,0.9555566900464206,-0.5223756512285311,-0.12831711236016782,1.5272345077588504e-18,
continuous_heterogeneous,Contínuo: heterogêneo,S-learner,5,20272911,12000,2000,0.048666666666666664,584,True,,,0.2980302711038072,0.24565982941565545,0.027905313784178216,0.10089105376295533,,,,
continuous_heterogeneous,Contínuo: heterogêneo,Q,6,20272912,12000,2000,0.04641666666666667,557,True,,,0.46728445978647637,0.32501460108631774,-0.17807409108900862,0.12371854967059104,,,,
continuous_heterogeneous,Contínuo: heterogêneo,DML,6,20272912,12000,2000,0.04641666666666667,557,True,,,0.12590648062279025,0.096160325173199,0.020004685405176522,0.9586866318891485,-0.5047717631929546,-0.07633109970501537,2.565964484050093e-19,
continuous_heterogeneous,Contínuo: heterogêneo,S-learner,6,20272912,12000,2000,0.04641666666666667,557,True,,,0.3926671324472052,0.27128599373531653,-0.16224917595187147,-0.08550669576262675,,,,
continuous_heterogeneous,Contínuo: heterogêneo,Q,7,20272913,12000,2000,0.04858333333333333,583,True,,,0.42845137526767235,0.32115116407137556,-0.06981437298447411,-0.054149331239253765,,,,
continuous_heterogeneous,Contínuo: heterogêneo,DML,7,20272913,12000,2000,0.04858333333333333,583,True,,,0.05354708752416901,0.050971132487421536,0.011424419604989246,0.9568115044687241,-0.43190493791374757,-0.17872005939175584,1.3149575196881317e-18,
continuous_heterogeneous,Contínuo: heterogêneo,S-learner,7,20272913,12000,2000,0.04858333333333333,583,True,,,0.29532395784092663,0.2358860120506812,-0.06468895792905976,0.6047738481001179,,,,
continuous_heterogeneous,Contínuo: heterogêneo,Q,8,20272914,12000,2000,0.04475,537,True,,,0.42483895296288005,0.42250422017230826,0.36857372616398026,0.8234116788498022,,,,
continuous_heterogeneous,Contínuo: heterogêneo,DML,8,20272914,12000,2000,0.04475,537,True,,,0.049303751483375596,0.04840859422484746,0.0069070834943383485,0.95118592156861,-0.34205083228390326,-0.2777965449814613,4.689250588959281e-19,
continuous_heterogeneous,Contínuo: heterogêneo,S-learner,8,20272914,12000,2000,0.04475,537,True,,,0.3859319497903349,0.36359020805072345,0.2986619320275998,0.8080275941303325,,,,
continuous_heterogeneous,Contínuo: heterogêneo,Q,9,20272915,12000,2000,0.04441666666666667,533,True,,,0.6045479663959417,0.29416854323882446,-0.16822251690473616,-0.328639942083433,,,,
continuous_heterogeneous,Contínuo: heterogêneo,DML,9,20272915,12000,2000,0.04441666666666667,533,True,,,0.12064429745379,0.11416121582088912,0.014913628455493417,0.9513126978164668,-0.29992742149950885,-0.38281860736581164,6.988934988346347e-19,
continuous_heterogeneous,Contínuo: heterogêneo,S-learner,9,20272915,12000,2000,0.04441666666666667,533,True,,,0.36977977454716865,0.24332137857760608,-0.08534062756218767,-0.04500370922285734,,,,
continuous_heterogeneous,Contínuo: heterogêneo,Q,10,20272916,12000,2000,0.04516666666666667,542,True,,,0.4288657690774375,0.2544975705533071,0.005898291173821196,-0.7547746449991405,,,,
continuous_heterogeneous,Contínuo: heterogêneo,DML,10,20272916,12000,2000,0.04516666666666667,542,True,,,0.14056592388757688,0.1327543061317815,0.03506476226576221,0.9579101283833696,-0.5625795868163782,-0.13097498717309683,1.3505537460615241e-18,
continuous_heterogeneous,Contínuo: heterogêneo,S-learner,10,20272916,12000,2000,0.04516666666666667,542,True,,,0.3263572096500854,0.2477844446034727,0.13763438629761685,-0.2884378970942273,,,,
continuous_heterogeneous,Contínuo: heterogêneo,Q,11,20272917,12000,2000,0.04491666666666667,539,True,,,0.5680682457490124,0.39537393610151705,0.18965264133284632,-0.6794735308224136,,,,
continuous_heterogeneous,Contínuo: heterogêneo,DML,11,20272917,12000,2000,0.04491666666666667,539,True,,,0.18188209421656162,0.1376304921254419,0.026006908148001627,-0.9523414006759026,-0.5334403337459114,0.014439072905887588,3.02680388352831e-19,
continuous_heterogeneous,Contínuo: heterogêneo,S-learner,11,20272917,12000,2000,0.04491666666666667,539,True,,,0.4646338628871712,0.4197894463996287,0.2591102836167733,-0.6656952931392027,,,,
continuous_heterogeneous,Contínuo: heterogêneo,Q,12,20272918,12000,2000,0.04466666666666667,536,True,,,0.4544015722766357,0.33751722778532567,-0.14962841609219332,-0.3082888756451924,,,,
continuous_heterogeneous,Contínuo: heterogêneo,DML,12,20272918,12000,2000,0.04466666666666667,536,True,,,0.04846186595049395,0.04326480026252446,0.013822229021332656,0.9486354308555769,-0.41825379611379415,-0.2363592253971203,8.09802512362629e-18,
continuous_heterogeneous,Contínuo: heterogêneo,S-learner,12,20272918,12000,2000,0.04466666666666667,536,True,,,0.328437486921117,0.25860598199862816,-0.10507414394739431,0.43689632062922545,,,,
continuous_heterogeneous,Contínuo: heterogêneo,Q,13,20272919,12000,2000,0.04708333333333333,565,True,,,0.3627317300350683,0.24993404884049336,-0.10401408425706604,-0.16317098676745723,,,,
continuous_heterogeneous,Contínuo: heterogêneo,DML,13,20272919,12000,2000,0.04708333333333333,565,True,,,0.02351503959693918,0.023071872992788678,-0.003344616957290568,0.952920636644404,-0.34583739121906554,-0.16303238953827134,2.7412325193300562e-18,
continuous_heterogeneous,Contínuo: heterogêneo,S-learner,13,20272919,12000,2000,0.04708333333333333,565,True,,,0.2452589546700644,0.18434827481438992,0.01198664296757704,0.08382757021887048,,,,
continuous_heterogeneous,Contínuo: heterogêneo,Q,14,20272920,12000,2000,0.04733333333333333,568,True,,,0.57046636132246,0.5008403622299086,0.0996412384068318,-0.5068710927934319,,,,
continuous_heterogeneous,Contínuo: heterogêneo,DML,14,20272920,12000,2000,0.04733333333333333,568,True,,,0.055647123439037084,0.04029224232432525,-0.01248409107779681,0.951240112554701,-0.2864676236846365,-0.13913011395343663,1.6220290400862142e-18,
continuous_heterogeneous,Contínuo: heterogêneo,S-learner,14,20272920,12000,2000,0.04733333333333333,568,True,,,0.46125477634263234,0.4364979990775226,0.07997017881268703,-0.49403729404982555,,,,
continuous_heterogeneous,Contínuo: heterogêneo,Q,15,20272921,12000,2000,0.04825,579,True,,,0.5288427510226178,0.3346758953165956,-0.07339150313871204,0.008294243704850997,,,,
continuous_heterogeneous,Contínuo: heterogêneo,DML,15,20272921,12000,2000,0.04825,579,True,,,0.03574892501204759,0.03352873891137123,-0.006428003970574609,0.9560577415115843,-0.3315913625378149,-0.14664960090099075,3.0384248307021752e-19,
continuous_heterogeneous,Contínuo: heterogêneo,S-learner,15,20272921,12000,2000,0.04825,579,True,,,0.36082143662206706,0.243827086051171,-0.09370997443123628,0.34091795939135733,,,,
continuous_heterogeneous,Contínuo: heterogêneo,Q,16,20272922,12000,2000,0.045,540,True,,,0.4809501755791926,0.3149650759442379,-0.12878442064000117,0.17650079906863317,,,,
continuous_heterogeneous,Contínuo: heterogêneo,DML,16,20272922,12000,2000,0.045,540,True,,,0.01148260346465547,0.01122360470464827,-0.0018538026008499044,0.9554862645816836,-0.3470751870562721,-0.18210200991068057,6.587940880267626e-19,
continuous_heterogeneous,Contínuo: heterogêneo,S-learner,16,20272922,12000,2000,0.045,540,True,,,0.5675184983813503,0.3485139341469916,-0.30624605220262757,0.7045247755907433,,,,
continuous_heterogeneous,Contínuo: heterogêneo,Q,17,20272923,12000,2000,0.044833333333333336,538,True,,,0.4505561977827525,0.3422029820391707,0.048322490762509704,0.80498248348257,,,,
continuous_heterogeneous,Contínuo: heterogêneo,DML,17,20272923,12000,2000,0.044833333333333336,538,True,,,0.18718795880464004,0.173833691608035,0.028317956744551107,0.9570941248225532,-0.2524419486230683,-0.48227284631729717,1.0531763504960252e-18,
continuous_heterogeneous,Contínuo: heterogêneo,S-learner,17,20272923,12000,2000,0.044833333333333336,538,True,,,0.46295867103676247,0.4158014290822268,0.16103169766787137,0.7999911852569331,,,,
continuous_heterogeneous,Contínuo: heterogêneo,Q,18,20272924,12000,2000,0.04733333333333333,568,True,,,0.37428512134459896,0.29435777620606884,0.011534188840002098,0.7566152980116502,,,,
continuous_heterogeneous,Contínuo: heterogêneo,DML,18,20272924,12000,2000,0.04733333333333333,568,True,,,0.07082897828525955,0.06614388411361159,0.014809596580217849,0.9535116808923688,-0.45601371465835755,-0.16515331742681527,8.557981128699964e-19,
continuous_heterogeneous,Contínuo: heterogêneo,S-learner,18,20272924,12000,2000,0.04733333333333333,568,True,,,0.3290963700674606,0.25525528594484564,-0.04179416149558349,0.7731631122172121,,,,
continuous_heterogeneous,Contínuo: heterogêneo,Q,19,20272925,12000,2000,0.04566666666666667,548,True,,,0.33067300311808806,0.20529987009324047,-0.12219310837732295,0.5047524880194494,,,,
continuous_heterogeneous,Contínuo: heterogêneo,DML,19,20272925,12000,2000,0.04566666666666667,548,True,,,0.07220663438676994,0.06649353783897792,0.0059183350730620515,0.9517014487675314,-0.31250654187172583,-0.3070521276467472,9.342406208661576e-19,
continuous_heterogeneous,Contínuo: heterogêneo,S-learner,19,20272925,12000,2000,0.04566666666666667,548,True,,,0.19721130851931656,0.17705411477945313,0.03698440646126173,0.8275114788344364,,,,
continuous_heterogeneous,Contínuo: heterogêneo,Q,20,20272926,12000,2000,0.04675,561,True,,,0.511277121226878,0.27028882418274364,-0.2106761932403975,0.2317766170441864,,,,
continuous_heterogeneous,Contínuo: heterogêneo,DML,20,20272926,12000,2000,0.04675,561,True,,,0.06518285585424759,0.06309182645295205,-0.011248620149202325,0.9555212589840862,-0.24794184047511858,-0.21263770904672843,1.0339304418006636e-18,
continuous_heterogeneous,Contínuo: heterogêneo,S-learner,20,20272926,12000,2000,0.04675,561,True,,,0.36795093701380654,0.21664465324857626,-0.15541809701329595,0.5533757466859558,,,,
continuous_heterogeneous,Contínuo: heterogêneo,Q,21,20272927,12000,2000,0.04575,549,True,,,0.5839346838201702,0.3472499914214467,-0.2687347824421943,0.29943263494070815,,,,
continuous_heterogeneous,Contínuo: heterogêneo,DML,21,20272927,12000,2000,0.04575,549,True,,,0.14103417041417027,0.10244757921879251,-0.002404034847813122,0.957669998068202,-0.1790433173555273,-0.344899400051308,6.046910434644529e-19,
continuous_heterogeneous,Contínuo: heterogêneo,S-learner,21,20272927,12000,2000,0.04575,549,True,,,0.4128414373929174,0.30586789688614585,-0.2270771020538711,0.7300429289493137,,,,
continuous_heterogeneous,Contínuo: heterogêneo,Q,22,20272928,12000,2000,0.043333333333333335,520,True,,,0.2850049877864784,0.20446726358791462,-0.06929731610194596,0.6465465812258573,,,,
continuous_heterogeneous,Contínuo: heterogêneo,DML,22,20272928,12000,2000,0.043333333333333335,520,True,,,0.1621673915188036,0.13348611588270382,0.012170310006935565,0.9540180550623548,-0.21565243810918028,-0.4185294204076216,1.1468108365993374e-18,
continuous_heterogeneous,Contínuo: heterogêneo,S-learner,22,20272928,12000,2000,0.043333333333333335,520,True,,,0.2823526015991294,0.20786598735364084,-0.1231761363947042,0.5883381994252196,,,,
continuous_heterogeneous,Contínuo: heterogêneo,Q,23,20272929,12000,2000,0.04816666666666667,578,True,,,0.49903351788172806,0.3525313116404537,-0.01942805353067048,0.5931761713472166,,,,
continuous_heterogeneous,Contínuo: heterogêneo,DML,23,20272929,12000,2000,0.04816666666666667,578,True,,,0.029513442238163604,0.02357339385747014,-0.006887012656874305,0.9551573807823991,-0.3216439906881375,-0.1641378894585139,6.203286687931969e-19,
continuous_heterogeneous,Contínuo: heterogêneo,S-learner,23,20272929,12000,2000,0.04816666666666667,578,True,,,0.3884260668506081,0.3387306568126503,0.14209926423500546,0.6274374859087593,,,,
continuous_heterogeneous,Contínuo: heterogêneo,Q,24,20272930,12000,2000,0.04583333333333333,550,True,,,0.29638771285946003,0.21923529694014396,0.04249607949716069,0.10266230678633856,,,,
continuous_heterogeneous,Contínuo: heterogêneo,DML,24,20272930,12000,2000,0.04583333333333333,550,True,,,0.007525786749236896,0.0072724579549376415,-0.0011979188199119247,0.9505867186736269,-0.3473864156848995,-0.18822013412795527,7.208585488465489e-19,
continuous_heterogeneous,Contínuo: heterogêneo,S-learner,24,20272930,12000,2000,0.04583333333333333,550,True,,,0.28799963242433285,0.2327095857408201,0.012607860573435459,0.11611444507309004,,,,
continuous_heterogeneous,Contínuo: heterogêneo,Q,25,20272931,12000,2000,0.0465,558,True,,,0.3988783602047604,0.40659373273152677,0.2755309613589776,0.7467545173223848,,,,
continuous_heterogeneous,Contínuo: heterogêneo,DML,25,20272931,12000,2000,0.0465,558,True,,,0.12241242332240863,0.11082380791248224,0.012700537004646056,0.955333879246817,-0.2777496037342544,-0.3810110730559748,1.796385988012831e-18,
continuous_heterogeneous,Contínuo: heterogêneo,S-learner,25,20272931,12000,2000,0.0465,558,True,,,0.36464657480123547,0.4025497995916842,0.36054567577739305,0.8214404986397829,,,,
continuous_heterogeneous,Contínuo: heterogêneo,Q,26,20272932,12000,2000,0.044333333333333336,532,True,,,0.3834842762000477,0.3060512163491982,0.06428687272077178,0.7835110130146625,,,,
continuous_heterogeneous,Contínuo: heterogêneo,DML,26,20272932,12000,2000,0.044333333333333336,532,True,,,0.019004414475578036,0.018633529123184212,-0.002905799549193402,0.9535621696069669,-0.34608757426133957,-0.17026580480624146,1.252674009977272e-18,
continuous_heterogeneous,Contínuo: heterogêneo,S-learner,26,20272932,12000,2000,0.044333333333333336,532,True,,,0.4008720131098657,0.3703760722977919,0.14710670197029813,0.6504487063408865,,,,
continuous_heterogeneous,Contínuo: heterogêneo,Q,27,20272933,12000,2000,0.0455,546,True,,,0.5119481001784254,0.462644915630011,0.16254210126635124,-0.5655399099011732,,,,
continuous_heterogeneous,Contínuo: heterogêneo,DML,27,20272933,12000,2000,0.0455,546,True,,,0.05200963076188819,0.046078766749942164,-0.00979586982921117,0.955691001981936,-0.3129308380888458,-0.1260362610489681,3.55418457642395e-19,
continuous_heterogeneous,Contínuo: heterogêneo,S-learner,27,20272933,12000,2000,0.0455,546,True,,,0.489054974251032,0.5599422551082284,0.37401580634658615,0.04861708101271542,,,,
continuous_heterogeneous,Contínuo: heterogêneo,Q,28,20272934,12000,2000,0.043,516,True,,,0.39747591791290704,0.3367548077481112,0.15864327450406435,0.7853739906791042,,,,
continuous_heterogeneous,Contínuo: heterogêneo,DML,28,20272934,12000,2000,0.043,516,True,,,0.07369470279521631,0.06589991959197228,0.005007678037282153,0.9526899992102903,-0.3043221129407198,-0.3068758979902354,7.123791009851783e-19,
continuous_heterogeneous,Contínuo: heterogêneo,S-learner,28,20272934,12000,2000,0.043,516,True,,,0.3284302925233705,0.2660576383042975,0.13428186832347075,0.7939580309705948,,,,
continuous_heterogeneous,Contínuo: heterogêneo,Q,29,20272935,12000,2000,0.04641666666666667,557,True,,,0.4629946322148576,0.2780939033523983,-0.15918861780407584,-0.45932788999900753,,,,
continuous_heterogeneous,Contínuo: heterogêneo,DML,29,20272935,12000,2000,0.04641666666666667,557,True,,,0.10989105776744298,0.099909522605745,0.010126152858585674,0.9512987465535763,-0.287537620578098,-0.3607072104213963,5.4005247754435105e-19,
continuous_heterogeneous,Contínuo: heterogêneo,S-learner,29,20272935,12000,2000,0.04641666666666667,557,True,,,0.5109757876677029,0.28609479694827245,-0.20577974502127108,-0.23315080191596954,,,,
continuous_rare,Contínuo: conversão rara,Q,0,20273906,12000,2000,0.008166666666666666,98,True,,,1.1548926504007742,0.802965486546781,-0.24499812889972875,-0.472847831151283,,,,
continuous_rare,Contínuo: conversão rara,DML,0,20273906,12000,2000,0.008166666666666666,98,True,,,0.16230512310018097,0.13383134119331078,-0.028022287234696634,0.9532357534207667,-0.12904447631078386,-0.06244859483101954,2.0804551498929448e-19,
continuous_rare,Contínuo: conversão rara,S-learner,0,20273906,12000,2000,0.008166666666666666,98,True,,,0.7786405450687033,0.5463345846967045,-0.2617410948653346,-0.35278452809396993,,,,
continuous_rare,Contínuo: conversão rara,Q,1,20273907,12000,2000,0.00925,111,True,,,1.8084330892038882,6.5944102113069505,6.590970506296891,0.2867882294181772,,,,
continuous_rare,Contínuo: conversão rara,DML,1,20273907,12000,2000,0.00925,111,True,,,0.24154742988153746,0.19931626863754862,0.035335012328194845,-0.9511055418031203,-0.5636492172282561,0.11253724158405158,7.35951486791754e-19,
continuous_rare,Contínuo: conversão rara,S-learner,1,20273907,12000,2000,0.00925,111,True,,S-learner response clipped.,1.113640238510485,2.125318872856252,2.125318872856252,0.32347534166900593,,,,
continuous_rare,Contínuo: conversão rara,Q,2,20273908,12000,2000,0.009333333333333334,112,True,,,1.087168091906476,0.5604810715012984,-0.3068425644303531,-0.22328360168140646,,,,
continuous_rare,Contínuo: conversão rara,DML,2,20273908,12000,2000,0.009333333333333334,112,True,,,0.1482885029229067,0.12929149534884005,0.0097911678327075,-0.9507062778616386,-0.45716074522529715,0.006729444840355717,1.065926301757834e-19,
continuous_rare,Contínuo: conversão rara,S-learner,2,20273908,12000,2000,0.009333333333333334,112,True,,S-learner response clipped.,0.501377396832833,0.4217062694603634,0.026966010263429978,0.2919503531299986,,,,
continuous_rare,Contínuo: conversão rara,Q,3,20273909,12000,2000,0.0115,138,True,,,0.9524623047961922,0.5204882840875407,-0.365123465886846,-0.624807567262721,,,,
continuous_rare,Contínuo: conversão rara,DML,3,20273909,12000,2000,0.0115,138,True,,,0.1438067836744624,0.13088874946435664,-0.02603426449763613,0.9510145447493967,-0.1366323110674129,-0.11792951208057302,1.6981248289076336e-19,
continuous_rare,Contínuo: conversão rara,S-learner,3,20273909,12000,2000,0.0115,138,True,,S-learner response clipped.,0.5376989311444902,0.3475972139472317,-0.23480215312136835,0.058971094150750705,,,,
continuous_rare,Contínuo: conversão rara,Q,4,20273910,12000,2000,0.009416666666666667,113,True,,,1.3327308354056677,0.6873893521620041,-0.18464646195180076,0.762152674327203,,,,
continuous_rare,Contínuo: conversão rara,DML,4,20273910,12000,2000,0.009416666666666667,113,True,,,0.08824607426567162,0.08725443287737696,0.019820851908663024,0.9538793782814141,-0.37588252135967504,-0.33635915320209453,3.7517487730088456e-16,
continuous_rare,Contínuo: conversão rara,S-learner,4,20273910,12000,2000,0.009416666666666667,113,True,,S-learner response clipped.,0.97624228184236,0.5795901022595388,-0.1438333656808726,0.8064622592044551,,,,
continuous_rare,Contínuo: conversão rara,Q,5,20273911,12000,2000,0.00975,117,True,,,0.7641246830392155,0.3855830520915087,-0.018287859303971317,0.36062974441205636,,,,
continuous_rare,Contínuo: conversão rara,DML,5,20273911,12000,2000,0.00975,117,True,,,0.15775014973070195,0.12371577653063057,-0.004958452151638333,0.9554906931323006,-0.14415491637117842,-0.34397809339003027,2.466593805287547e-19,
continuous_rare,Contínuo: conversão rara,S-learner,5,20273911,12000,2000,0.00975,117,True,,,0.4806373698971122,0.37815632859807097,0.13075767080990947,0.6323605601841378,,,,
continuous_rare,Contínuo: conversão rara,Q,6,20273912,12000,2000,0.010166666666666666,122,True,,,1.2378598377741081,0.6281245396126829,-0.5512965637095086,-0.06749914165717748,,,,
continuous_rare,Contínuo: conversão rara,DML,6,20273912,12000,2000,0.010166666666666666,122,True,,,0.27050140508406206,0.20328867372515355,0.02599183413935461,0.9544573133508218,-0.08077299772797397,-0.53287057186477,2.224630449165629e-19,
continuous_rare,Contínuo: conversão rara,S-learner,6,20273912,12000,2000,0.010166666666666666,122,True,,,0.9467618448053741,0.5667240596673194,-0.5494548343972494,0.0583919052389449,,,,
continuous_rare,Contínuo: conversão rara,Q,7,20273913,12000,2000,0.009583333333333333,115,True,,,0.9554837401532245,1.5971007423320258,1.459674357360514,0.5032680756117437,,,,
continuous_rare,Contínuo: conversão rara,DML,7,20273913,12000,2000,0.009583333333333333,115,True,,,0.005754596507626941,0.004943796921110811,-0.0014688530203963946,0.9511583774161169,-0.34207901598265716,-0.1952953947700467,2.8769528407582737e-19,
continuous_rare,Contínuo: conversão rara,S-learner,7,20273913,12000,2000,0.009583333333333333,115,True,,S-learner response clipped.,0.6244501808117427,0.8467140742293734,0.6813690853096057,0.28363146739125417,,,,
continuous_rare,Contínuo: conversão rara,Q,8,20273914,12000,2000,0.00825,99,True,,,0.6660100517530217,0.45775187012811264,-0.27486827456778906,0.30945778836001053,,,,
continuous_rare,Contínuo: conversão rara,DML,8,20273914,12000,2000,0.00825,99,True,,,0.019147382132052183,0.018767293136664934,0.005000448435951887,0.9541388983879283,-0.37957614169956405,-0.20546350089064688,6.315582868511689e-20,
continuous_rare,Contínuo: conversão rara,S-learner,8,20273914,12000,2000,0.00825,99,True,,S-learner response clipped.,0.49736634238834704,0.3765343177151115,-0.11605888814804995,0.6016099871620859,,,,
continuous_rare,Contínuo: conversão rara,Q,9,20273915,12000,2000,0.008833333333333334,106,True,,,0.6950732483693175,0.6060575939518581,0.08917856876963941,0.6963524610295325,,,,
continuous_rare,Contínuo: conversão rara,DML,9,20273915,12000,2000,0.008833333333333334,106,True,,,0.1100738021305912,0.09953068992086794,0.035769543630428,0.9588481223501002,-0.5003417805692777,-0.2841469847536748,2.2533276463646015e-19,
continuous_rare,Contínuo: conversão rara,S-learner,9,20273915,12000,2000,0.008833333333333334,106,True,,S-learner response clipped.,0.49106784593279457,0.43902571276588526,0.06711274569341887,0.7776573140187785,,,,
continuous_rare,Contínuo: conversão rara,Q,10,20273916,12000,2000,0.009916666666666667,119,True,,,0.8136332244443852,1.1662797171248296,1.103078757497699,-0.2859320262818103,,,,
continuous_rare,Contínuo: conversão rara,DML,10,20273916,12000,2000,0.009916666666666667,119,True,,,0.4062006501104028,0.3980639024002993,0.056916707457062,-0.955549949828509,-0.5004171739877956,0.42379600598744277,1.6646240149085864e-19,
continuous_rare,Contínuo: conversão rara,S-learner,10,20273916,12000,2000,0.009916666666666667,119,True,,,0.41796486473440764,0.3792614737472234,0.11910846059975634,-0.14740121586976307,,,,
continuous_rare,Contínuo: conversão rara,Q,11,20273917,12000,2000,0.009583333333333333,115,True,,,1.4563678490444454,0.569945300189139,-0.5087432860291848,0.5248221984615974,,,,
continuous_rare,Contínuo: conversão rara,DML,11,20273917,12000,2000,0.009583333333333333,115,True,,,0.17642617449340303,0.14688209102338,0.014721228226282641,0.9528470942275061,-0.20789104662638772,-0.4377797984724113,5.247367269819281e-19,
continuous_rare,Contínuo: conversão rara,S-learner,11,20273917,12000,2000,0.009583333333333333,115,True,,,0.9390585131452068,0.4674367162738052,-0.2977317425771333,0.77074566695889,,,,
continuous_rare,Contínuo: conversão rara,Q,12,20273918,12000,2000,0.010083333333333333,121,True,,,0.7294530838435183,0.7289803038433932,0.3877937163499374,-0.2673763841133211,,,,
continuous_rare,Contínuo: conversão rara,DML,12,20273918,12000,2000,0.010083333333333333,121,True,,,0.18449535255029192,0.1672698335653156,0.06767994246203721,0.9558395422827364,-0.5976456498494458,-0.350982858112887,1.6798910673448434e-19,
continuous_rare,Contínuo: conversão rara,S-learner,12,20273918,12000,2000,0.010083333333333333,121,True,,,0.5134628109144028,0.5721761538426963,0.40739135657930264,0.7183907570366118,,,,
continuous_rare,Contínuo: conversão rara,Q,13,20273919,12000,2000,0.009,108,True,,,1.100415592946652,0.5246021434331825,-0.4153402508388256,-0.14424752906763377,,,,
continuous_rare,Contínuo: conversão rara,DML,13,20273919,12000,2000,0.009,108,True,,,0.4337743798504717,0.3303888818437997,0.12985570025207716,-0.9510273279528996,-0.8273344463358555,0.2844482098886782,6.593248855129187e-20,
continuous_rare,Contínuo: conversão rara,S-learner,13,20273919,12000,2000,0.009,108,True,,S-learner response clipped.,0.5406697324462165,0.3311931449490803,-0.2488927351767238,0.5184010312111934,,,,
continuous_rare,Contínuo: conversão rara,Q,14,20273920,12000,2000,0.009333333333333334,112,True,,,1.6349717609978756,0.7489589933594757,-0.14071827803586906,-0.7339775780551564,,,,
continuous_rare,Contínuo: conversão rara,DML,14,20273920,12000,2000,0.009333333333333334,112,True,,,0.3576278907068567,0.2769540246091068,0.08827403095159364,-0.9512882063856902,-0.7223557461350373,0.20805522294938122,3.542712329888255e-19,
continuous_rare,Contínuo: conversão rara,S-learner,14,20273920,12000,2000,0.009333333333333334,112,True,,S-learner response clipped.,0.8203091711087158,0.5518157329262233,-0.0729850018209523,0.11005909229042296,,,,
continuous_rare,Contínuo: conversão rara,Q,15,20273921,12000,2000,0.008833333333333334,106,True,,,0.9944234121011636,0.8650539071642611,0.3195212011438218,-0.32663471368217856,,,,
continuous_rare,Contínuo: conversão rara,DML,15,20273921,12000,2000,0.008833333333333334,106,True,,,0.06727012208966708,0.05612785298823901,-0.013531108243371037,0.9548276583220534,-0.29220890797846916,-0.11191167647973274,1.0190966816686623e-19,
continuous_rare,Contínuo: conversão rara,S-learner,15,20273921,12000,2000,0.008833333333333334,106,True,,S-learner response clipped.,0.6549598229533335,0.5774105788400875,0.22139685140937934,0.06967477518700331,,,,
continuous_rare,Contínuo: conversão rara,Q,16,20273922,12000,2000,0.00825,99,True,,,1.3848752941422124,4.134251889935462,3.945622642159961,0.7782827299362358,,,,
continuous_rare,Contínuo: conversão rara,DML,16,20273922,12000,2000,0.00825,99,True,,,0.0640559439799284,0.05837656441647927,-0.014328756735859063,0.9507500238283367,-0.25600795697085427,-0.1609331205772113,6.858930284585253e-19,
continuous_rare,Contínuo: conversão rara,S-learner,16,20273922,12000,2000,0.00825,99,True,,S-learner response clipped.,0.8266952229940682,1.4954494035055497,1.3157300032141095,0.8222725938485635,,,,
continuous_rare,Contínuo: conversão rara,Q,17,20273923,12000,2000,0.00925,111,True,,,1.6216653874203868,1.0018872961554979,0.12779731018019222,-0.44789977563626737,,,,
continuous_rare,Contínuo: conversão rara,DML,17,20273923,12000,2000,0.00925,111,True,,,0.17345309509556925,0.14317291886638017,-0.0068963291218536536,0.9527514934785489,-0.11406541474301606,-0.3412434156178809,4.548582986054103e-18,
continuous_rare,Contínuo: conversão rara,S-learner,17,20273923,12000,2000,0.00925,111,True,,S-learner response clipped.,1.1889807053910593,0.6596783693862923,-0.08500068688146105,-0.35844663495506657,,,,
continuous_rare,Contínuo: conversão rara,Q,18,20273924,12000,2000,0.01025,123,True,,,0.6570011257320566,0.6721232784996342,0.373015289443132,0.32175228414689133,,,,
continuous_rare,Contínuo: conversão rara,DML,18,20273924,12000,2000,0.01025,123,True,,,0.25103174856626465,0.2047335588981553,0.0013388994537559568,0.9543632493446434,-0.013785095682488853,-0.4129816336691572,1.2480441136856456e-18,
continuous_rare,Contínuo: conversão rara,S-learner,18,20273924,12000,2000,0.01025,123,True,,S-learner response clipped.,0.44316460515840445,0.42953382200826923,0.15475071330275178,0.38617667310094034,,,,
continuous_rare,Contínuo: conversão rara,Q,19,20273925,12000,2000,0.009333333333333334,112,True,,,1.288252914659394,2.648139303845322,2.622413477786619,0.04354349744124771,,,,
continuous_rare,Contínuo: conversão rara,DML,19,20273925,12000,2000,0.009333333333333334,112,True,,,0.05909322779263511,0.05591210840305504,-0.01305936830966976,0.954714837781546,-0.2599414508421105,-0.17381787783292954,2.689886143273467e-19,
continuous_rare,Contínuo: conversão rara,S-learner,19,20273925,12000,2000,0.009333333333333334,112,True,,,0.7826509392477886,1.0839766079687352,1.058790363258305,0.03794033256420798,,,,
continuous_rare,Contínuo: conversão rara,Q,20,20273926,12000,2000,0.008916666666666666,107,True,,,1.0580750334044307,0.5371551780993267,-0.22394416822553592,0.4358907672146762,,,,
continuous_rare,Contínuo: conversão rara,DML,20,20273926,12000,2000,0.008916666666666666,107,True,,,0.1787432576985235,0.17661790346818185,0.05056309768012666,0.95069848366208,-0.42905006286016184,-0.4729229765549476,1.077462544620073e-18,
continuous_rare,Contínuo: conversão rara,S-learner,20,20273926,12000,2000,0.008916666666666666,107,True,,,0.652620662937507,0.4645516745809801,-0.107503477962531,0.7296304324764804,,,,
continuous_rare,Contínuo: conversão rara,Q,21,20273927,12000,2000,0.008,96,True,,,0.9795726528639154,0.6462998860105178,0.06701336513520499,-0.7129732749643788,,,,
continuous_rare,Contínuo: conversão rara,DML,21,20273927,12000,2000,0.008,96,True,,,0.10235640845142943,0.0870027777122247,-0.017849913420232066,0.9555853592936038,-0.26790990948186105,-0.06085287600392182,1.480634387357856e-19,
continuous_rare,Contínuo: conversão rara,S-learner,21,20273927,12000,2000,0.008,96,True,,S-learner response clipped.,0.7295274441555063,0.6796140969534626,0.28382256762298,0.4755901022844296,,,,
continuous_rare,Contínuo: conversão rara,Q,22,20273928,12000,2000,0.009,108,True,,,1.3775551115597426,0.5541613243006334,-0.2287853846235887,0.5712584716619232,,,,
continuous_rare,Contínuo: conversão rara,DML,22,20273928,12000,2000,0.009,108,True,,,0.3779072197320661,0.3233740431584917,0.18049225981998204,0.9518447574365566,-0.7641895987159508,-0.6365134875631109,5.826476090517336e-19,
continuous_rare,Contínuo: conversão rara,S-learner,22,20273928,12000,2000,0.009,108,True,,S-learner response clipped.,0.8548587734128353,0.46211646343021495,-0.06771318383883976,0.7119846117561508,,,,
continuous_rare,Contínuo: conversão rara,Q,23,20273929,12000,2000,0.009416666666666667,113,True,,,0.7703174222077346,0.47521592342678526,0.012359046433471264,0.5192262491949743,,,,
continuous_rare,Contínuo: conversão rara,DML,23,20273929,12000,2000,0.009416666666666667,113,True,,,0.3118640825418493,0.27261130137165285,0.004818181906903618,0.9512427404760146,0.0865363149990386,-0.41494974201554713,2.3743007712390264e-19,
continuous_rare,Contínuo: conversão rara,S-learner,23,20273929,12000,2000,0.009416666666666667,113,True,,S-learner response clipped.,0.43453415480469754,0.32326747423358726,-0.10132422165476712,0.6667565080539161,,,,
continuous_rare,Contínuo: conversão rara,Q,24,20273930,12000,2000,0.01,120,True,,,1.1312625662381715,0.6379405709300241,-0.16070284564511325,0.5617248376072288,,,,
continuous_rare,Contínuo: conversão rara,DML,24,20273930,12000,2000,0.01,120,True,,,0.15274102273285994,0.14207959093974196,0.05277192853711884,0.9496802404026763,-0.566094602922005,-0.3086995294604982,1.1409095172927695e-19,
continuous_rare,Contínuo: conversão rara,S-learner,24,20273930,12000,2000,0.01,120,True,,,0.578035853847345,0.49872886295143104,0.07508206312609317,0.8105411613353416,,,,
continuous_rare,Contínuo: conversão rara,Q,25,20273931,12000,2000,0.009,108,True,,,0.7954410168675291,0.6465051011907718,0.1093658154022503,0.6777895651660912,,,,
continuous_rare,Contínuo: conversão rara,DML,25,20273931,12000,2000,0.009,108,True,,,0.278535850178336,0.29005723243348724,0.10982300042176567,0.9531052073807341,-0.7869958843300959,-0.24929559230047457,2.220312520821822e-19,
continuous_rare,Contínuo: conversão rara,S-learner,25,20273931,12000,2000,0.009,108,True,,S-learner response clipped.,0.5516468248050862,0.3611821132007631,-0.03773231695474006,0.8176957364197469,,,,
continuous_rare,Contínuo: conversão rara,Q,26,20273932,12000,2000,0.011,132,True,,,0.831940170944916,0.7245019970793278,0.20434962211966928,-0.5392909798280126,,,,
continuous_rare,Contínuo: conversão rara,DML,26,20273932,12000,2000,0.011,132,True,,,0.04710866214201998,0.04595772413624381,-0.006262341111907273,0.9502122017862566,-0.3394469612679292,-0.12606524853094428,1.2007372605570631e-19,
continuous_rare,Contínuo: conversão rara,S-learner,26,20273932,12000,2000,0.011,132,True,,S-learner response clipped.,0.7661802946967063,0.9475316634673177,0.554666603318539,0.5393427585551057,,,,
continuous_rare,Contínuo: conversão rara,Q,27,20273933,12000,2000,0.00925,111,True,,,0.8277771643527121,1.1080723956835627,0.9369630175654204,-0.39819488637557454,,,,
continuous_rare,Contínuo: conversão rara,DML,27,20273933,12000,2000,0.00925,111,True,,,0.3255823719629497,0.26388222404890527,0.08888008839029322,-0.9520106105821927,-0.7650990372601676,0.11373994019199848,1.2974848975042324e-19,
continuous_rare,Contínuo: conversão rara,S-learner,27,20273933,12000,2000,0.00925,111,True,,S-learner response clipped.,0.5031634378618974,0.4236380478184179,0.07708752095219376,0.26440869020051294,,,,
continuous_rare,Contínuo: conversão rara,Q,28,20273934,12000,2000,0.010333333333333333,124,True,,,0.9904598072406855,1.319927255001314,0.9779786159641628,-0.6237439840141518,,,,
continuous_rare,Contínuo: conversão rara,DML,28,20273934,12000,2000,0.010333333333333333,124,True,,,0.18571629545626034,0.183456224379591,0.036549030031380096,0.9518324781480483,-0.31123088313271174,-0.4910339246820657,4.989296987283198e-19,
continuous_rare,Contínuo: conversão rara,S-learner,28,20273934,12000,2000,0.010333333333333333,124,True,,,0.6599588594145033,0.6374605430021881,0.2581993063328709,0.26073748834154337,,,,
continuous_rare,Contínuo: conversão rara,Q,29,20273935,12000,2000,0.008666666666666666,104,True,,,0.8148370915976396,0.6478180629859078,0.04973795378223697,-0.7099453499446665,,,,
continuous_rare,Contínuo: conversão rara,DML,29,20273935,12000,2000,0.008666666666666666,104,True,,,0.08028841149257948,0.07991422755245002,0.015393208354846841,0.9541869534761592,-0.3587786688155814,-0.3265379290730813,3.664914298379964e-20,
continuous_rare,Contínuo: conversão rara,S-learner,29,20273935,12000,2000,0.008666666666666666,104,True,,S-learner response clipped.,0.5927539050762943,0.5834048364236923,0.3276864861178787,0.06390028377049536,,,,
continuous_weak,Contínuo: pouco overlap,Q,0,20274906,12000,2000,0.03825,459,True,,,0.6356256378086744,0.7391297178888455,0.4070004322240948,0.773358054202081,,,,
continuous_weak,Contínuo: pouco overlap,DML,0,20274906,12000,2000,0.03825,459,True,,,0.20070389252555712,0.18928653073029167,0.05491049128870682,0.9523663121646697,-0.649179608640629,-0.09298208758272085,5.983357554584335e-19,
continuous_weak,Contínuo: pouco overlap,S-learner,0,20274906,12000,2000,0.03825,459,True,,,0.48836650936708176,0.4588723562542691,0.04520658168186958,0.8424734658712268,,,,
continuous_weak,Contínuo: pouco overlap,Q,1,20274907,12000,2000,0.0365,438,True,,,0.3562944330641674,0.27171457578182445,-0.03925588668982196,-0.026718893816379718,,,,
continuous_weak,Contínuo: pouco overlap,DML,1,20274907,12000,2000,0.0365,438,True,,,0.05190839030573959,0.050875423168251374,-0.010816158628309619,0.9556186440085316,-0.2681394701957882,-0.1950484895681342,1.7558948107273882e-19,
continuous_weak,Contínuo: pouco overlap,S-learner,1,20274907,12000,2000,0.0365,438,True,,,0.2604238307678268,0.22723249985448882,0.06418608440506712,-0.11222212289551466,,,,
continuous_weak,Contínuo: pouco overlap,Q,2,20274908,12000,2000,0.03791666666666667,455,True,,,0.49141918670516715,0.3554601756400834,-0.09466927918979731,-0.7775085124293435,,,,
continuous_weak,Contínuo: pouco overlap,DML,2,20274908,12000,2000,0.03791666666666667,455,True,,,0.027294491947342042,0.02695500216071467,0.006924462959261531,0.956497593378175,-0.39289398884568794,-0.2048821550771492,2.083887594696512e-19,
continuous_weak,Contínuo: pouco overlap,S-learner,2,20274908,12000,2000,0.03791666666666667,455,True,,,0.27297230869008965,0.21546537835489027,-0.10638221572354556,0.2832015015092773,,,,
continuous_weak,Contínuo: pouco overlap,Q,3,20274909,12000,2000,0.034583333333333334,415,True,,,0.6142452493776853,0.3185087039673247,-0.0843836663847487,-0.7259419988915241,,,,
continuous_weak,Contínuo: pouco overlap,DML,3,20274909,12000,2000,0.034583333333333334,415,True,,,0.07592514527206576,0.06757948028177299,0.0007982167938812044,0.949360802843954,-0.399017092220718,-0.09021865741741802,2.607399605677454e-19,
continuous_weak,Contínuo: pouco overlap,S-learner,3,20274909,12000,2000,0.034583333333333334,415,True,,,0.42356561123910585,0.28201218057141736,-0.10348746754211532,-0.7007151833579299,,,,
continuous_weak,Contínuo: pouco overlap,Q,4,20274910,12000,2000,0.03816666666666667,458,True,,,0.5666734093744588,0.3526986827789976,-0.08713529618129058,0.5657763169148486,,,,
continuous_weak,Contínuo: pouco overlap,DML,4,20274910,12000,2000,0.03816666666666667,458,True,,,0.12415299497340798,0.11113528991824048,-0.012229098516879866,0.9539487406419688,-0.16735669809445833,-0.2741718787371257,6.074746404798177e-19,
continuous_weak,Contínuo: pouco overlap,S-learner,4,20274910,12000,2000,0.03816666666666667,458,True,,,0.33549479115177466,0.3027554195835812,0.059738233330875856,0.713994440909083,,,,
continuous_weak,Contínuo: pouco overlap,Q,5,20274911,12000,2000,0.037,444,True,,,0.37277059057415546,0.2626533469619922,-0.10034415584388325,0.4721534168443268,,,,
continuous_weak,Contínuo: pouco overlap,DML,5,20274911,12000,2000,0.037,444,True,,,0.0844455599796216,0.0689188677118844,0.025759794106863063,0.9539096492860739,-0.4557245902792665,-0.28218399443094516,2.2918801871208433e-19,
continuous_weak,Contínuo: pouco overlap,S-learner,5,20274911,12000,2000,0.037,444,True,,,0.31180070220339945,0.249609793705667,0.031990188913970215,0.6135987107334755,,,,
continuous_weak,Contínuo: pouco overlap,Q,6,20274912,12000,2000,0.03858333333333333,463,True,,,0.8407101654207547,1.0557450947496412,0.7406296219147009,0.7346608666469745,,,,
continuous_weak,Contínuo: pouco overlap,DML,6,20274912,12000,2000,0.03858333333333333,463,True,,,0.1349275970927922,0.11512045005408329,-0.025802239828059115,0.9546195287720086,-0.16504015465780764,-0.09496893158828842,1.1024871323022883e-19,
continuous_weak,Contínuo: pouco overlap,S-learner,6,20274912,12000,2000,0.03858333333333333,463,True,,,0.5082276677062549,0.49953448205273554,0.2500796571578787,0.7777709268110489,,,,
continuous_weak,Contínuo: pouco overlap,Q,7,20274913,12000,2000,0.041,492,True,,,0.7085306534561764,0.8951984010702491,0.6284493174187151,0.8133146415572462,,,,
continuous_weak,Contínuo: pouco overlap,DML,7,20274913,12000,2000,0.041,492,True,,,0.10616135311116998,0.10599427583085443,0.021477264819126526,0.9574250822933115,-0.36053754764104323,-0.3674826064943437,4.213406489164018e-19,
continuous_weak,Contínuo: pouco overlap,S-learner,7,20274913,12000,2000,0.041,492,True,,,0.40464297099570296,0.34953086228660585,-0.1004912042944216,0.8347734082417324,,,,
continuous_weak,Contínuo: pouco overlap,Q,8,20274914,12000,2000,0.04058333333333333,487,True,,,0.4606280510046781,0.34794085569259137,-0.002537542350746634,0.741036872724044,,,,
continuous_weak,Contínuo: pouco overlap,DML,8,20274914,12000,2000,0.04058333333333333,487,True,,,0.2120970018139332,0.21108578072733628,0.06656495146171283,0.9496938329442557,-0.4485282506690791,-0.5184918376261242,5.847662327610008e-19,
continuous_weak,Contínuo: pouco overlap,S-learner,8,20274914,12000,2000,0.04058333333333333,487,True,,,0.3412428383172263,0.24519973249036775,-0.1274600403617421,0.7378876743745899,,,,
continuous_weak,Contínuo: pouco overlap,Q,9,20274915,12000,2000,0.034833333333333334,418,True,,,0.547635234179457,0.4164591031186048,0.01318908872688104,0.4282504522202544,,,,
continuous_weak,Contínuo: pouco overlap,DML,9,20274915,12000,2000,0.034833333333333334,418,True,,,0.20776568591296352,0.1758274661224246,0.022365560666518007,0.9515715788731046,-0.18863708175434973,-0.4858215793216292,3.088669029448982e-19,
continuous_weak,Contínuo: pouco overlap,S-learner,9,20274915,12000,2000,0.034833333333333334,418,True,,,0.36452491131991316,0.30593972591678675,0.027852188124118854,0.5907376419437699,,,,
continuous_weak,Contínuo: pouco overlap,Q,10,20274916,12000,2000,0.03891666666666667,467,True,,,0.785229396236388,0.390082623976158,-0.21167405782149762,-0.795991319114362,,,,
continuous_weak,Contínuo: pouco overlap,DML,10,20274916,12000,2000,0.03891666666666667,467,True,,,0.10398136607658641,0.08691984253838941,0.01905444054254685,0.9510827712218505,-0.49440083699763276,-0.1143159446742485,9.682708417025165e-19,
continuous_weak,Contínuo: pouco overlap,S-learner,10,20274916,12000,2000,0.03891666666666667,467,True,,,0.5058942026076374,0.29817058614753844,-0.19862453371899047,-0.5949556762614566,,,,
continuous_weak,Contínuo: pouco overlap,Q,11,20274917,12000,2000,0.037,444,True,,,0.3474259434314045,0.2391443290944351,-0.07629787710553297,-0.20582208221475273,,,,
continuous_weak,Contínuo: pouco overlap,DML,11,20274917,12000,2000,0.037,444,True,,,0.09100599389250291,0.08026923783086774,0.025102303890492162,0.953258443936775,-0.4238441888341583,-0.3246126829866802,1.3015930403784627e-18,
continuous_weak,Contínuo: pouco overlap,S-learner,11,20274917,12000,2000,0.037,444,True,,,0.3140593811835943,0.23486342465388874,-0.048257807487775056,0.1467970653486934,,,,
continuous_weak,Contínuo: pouco overlap,Q,12,20274918,12000,2000,0.04025,483,True,,,0.38269733407721107,0.2757724764916616,-0.10991920350414813,-0.494039699297211,,,,
continuous_weak,Contínuo: pouco overlap,DML,12,20274918,12000,2000,0.04025,483,True,,,0.10497218843554533,0.08443777499843248,-0.021559479857397482,0.9548614620658182,-0.215370066760037,-0.1037339188229494,2.1981954769793373e-19,
continuous_weak,Contínuo: pouco overlap,S-learner,12,20274918,12000,2000,0.04025,483,True,,,0.4114962982531746,0.3698425581739017,0.19468460918630565,-0.5642369458838749,,,,
continuous_weak,Contínuo: pouco overlap,Q,13,20274919,12000,2000,0.036833333333333336,442,True,,,0.5638038313786089,0.667010058053464,0.5509998413184853,-0.7555016583017045,,,,
continuous_weak,Contínuo: pouco overlap,DML,13,20274919,12000,2000,0.036833333333333336,442,True,,,0.2416153402415762,0.1963236867411331,0.03609705071585767,-0.9540829960250409,-0.5709455834301517,0.11099149117633879,3.903339836947688e-19,
continuous_weak,Contínuo: pouco overlap,S-learner,13,20274919,12000,2000,0.036833333333333336,442,True,,,0.4596666088106264,0.537297392130398,0.5296667662672266,0.43646198369865763,,,,
continuous_weak,Contínuo: pouco overlap,Q,14,20274920,12000,2000,0.03933333333333333,472,True,,,0.5556178563019122,0.4046796018248109,-0.19126595853744305,-0.8004024564094455,,,,
continuous_weak,Contínuo: pouco overlap,DML,14,20274920,12000,2000,0.03933333333333333,472,True,,,0.16396464371907452,0.16304656486921276,0.04764306146708297,0.9549152471152818,-0.6063785273911266,-0.16302297620584955,9.474357909400863e-17,
continuous_weak,Contínuo: pouco overlap,S-learner,14,20274920,12000,2000,0.03933333333333333,472,True,,,0.407079911521972,0.26972919482406915,-0.09530466855535553,0.7106942662821742,,,,
continuous_weak,Contínuo: pouco overlap,Q,15,20274921,12000,2000,0.03991666666666667,479,True,,,0.39030482426927254,0.2967888752299417,-0.07319235055032146,-0.11170270257164948,,,,
continuous_weak,Contínuo: pouco overlap,DML,15,20274921,12000,2000,0.03991666666666667,479,True,,,0.08123526067849475,0.07742620968281999,-0.016772528529065623,0.9537566927863975,-0.2248166035989868,-0.16930277373121852,3.525176098862519e-19,
continuous_weak,Contínuo: pouco overlap,S-learner,15,20274921,12000,2000,0.03991666666666667,479,True,,,0.31725353385977206,0.23205201731342048,-0.05365082226727871,0.5759051187467555,,,,
continuous_weak,Contínuo: pouco overlap,Q,16,20274922,12000,2000,0.03816666666666667,458,True,,,0.42740710197221227,0.3603624321320358,0.0575992941772583,0.7801704530198614,,,,
continuous_weak,Contínuo: pouco overlap,DML,16,20274922,12000,2000,0.03816666666666667,458,True,,,0.103208482566513,0.098325778663601,-0.014573557823969985,0.9556895378523357,-0.19054006157058842,-0.2314898076115487,4.57200113022423e-19,
continuous_weak,Contínuo: pouco overlap,S-learner,16,20274922,12000,2000,0.03816666666666667,458,True,,,0.2567408921774071,0.1971088793974959,-0.02982813577694624,0.8003221862178748,,,,
continuous_weak,Contínuo: pouco overlap,Q,17,20274923,12000,2000,0.04008333333333333,481,True,,,1.0600052902557229,0.507988130663055,-0.49864479166428455,-0.8040416410503616,,,,
continuous_weak,Contínuo: pouco overlap,DML,17,20274923,12000,2000,0.04008333333333333,481,True,,,0.027050256694867592,0.02290941093336514,0.007422767087724847,0.9544764105502543,-0.38603855193796394,-0.22350614939959815,7.513146155734907e-19,
continuous_weak,Contínuo: pouco overlap,S-learner,17,20274923,12000,2000,0.04008333333333333,481,True,,,0.6148918453023469,0.4211132999164358,-0.4192417794472982,0.3769595485216458,,,,
continuous_weak,Contínuo: pouco overlap,Q,18,20274924,12000,2000,0.038,456,True,,,0.5615892321733271,0.36854793444467215,-0.21797432742484574,0.3809790762763917,,,,
continuous_weak,Contínuo: pouco overlap,DML,18,20274924,12000,2000,0.038,456,True,,,0.07205506865509298,0.06573220107129207,0.005772928183994387,0.9510181525460552,-0.3099231450457524,-0.30668753158480666,2.27909279946536e-19,
continuous_weak,Contínuo: pouco overlap,S-learner,18,20274924,12000,2000,0.038,456,True,,,0.3312323310681193,0.24459420290443484,-0.05281365203629588,0.08598963584478904,,,,
continuous_weak,Contínuo: pouco overlap,Q,19,20274925,12000,2000,0.03925,471,True,,,0.5250325262386083,0.4240485167053553,-0.016314979954284964,0.7909670883217241,,,,
continuous_weak,Contínuo: pouco overlap,DML,19,20274925,12000,2000,0.03925,471,True,,,0.17807665538049416,0.14289774009755063,0.012152083671904101,0.9538161868868361,-0.19401579636768307,-0.43008124642454326,1.8867213532104853e-18,
continuous_weak,Contínuo: pouco overlap,S-learner,19,20274925,12000,2000,0.03925,471,True,,,0.5853469926583034,0.392841484706997,-0.21394715445167606,0.8125079334421169,,,,
continuous_weak,Contínuo: pouco overlap,Q,20,20274926,12000,2000,0.040916666666666664,491,True,,,0.4800210305314957,0.5197873175970572,0.48338561911978534,0.42197204613374156,,,,
continuous_weak,Contínuo: pouco overlap,DML,20,20274926,12000,2000,0.040916666666666664,491,True,,,0.2210344509769886,0.2195068135718563,0.06890762601261037,0.9544050475726014,-0.6922702716255312,-0.13203363622015102,5.4914785126286095e-17,
continuous_weak,Contínuo: pouco overlap,S-learner,20,20274926,12000,2000,0.040916666666666664,491,True,,,0.3000765778491191,0.27937782450264464,0.18797138194724586,0.534193644143478,,,,
continuous_weak,Contínuo: pouco overlap,Q,21,20274927,12000,2000,0.041666666666666664,500,True,,,0.5690844690080128,0.4825096241383699,-0.04293146484913845,-0.6366127055008982,,,,
continuous_weak,Contínuo: pouco overlap,DML,21,20274927,12000,2000,0.041666666666666664,500,True,,,0.181677732676005,0.17585102963969962,-0.025170276462016816,0.9512422631507145,-0.06307733614793357,-0.18397671884593733,1.3219167068449236e-20,
continuous_weak,Contínuo: pouco overlap,S-learner,21,20274927,12000,2000,0.041666666666666664,500,True,,,0.474795423817428,0.4012859629193085,-0.0257351656344604,-0.2999486815330393,,,,
continuous_weak,Contínuo: pouco overlap,Q,22,20274928,12000,2000,0.03958333333333333,475,True,,,0.4505034299382826,0.40283245717390137,0.03324225516660579,0.5978717359352707,,,,
continuous_weak,Contínuo: pouco overlap,DML,22,20274928,12000,2000,0.03958333333333333,475,True,,,0.07549813249622425,0.07217034789367997,-0.010623968365435506,0.9545808726497464,-0.32127593701493357,-0.083961880113279,4.8508755571099927e-20,
continuous_weak,Contínuo: pouco overlap,S-learner,22,20274928,12000,2000,0.03958333333333333,475,True,,,0.39195618741104366,0.27783762017444136,-0.1519437323845296,0.6058331006616239,,,,
continuous_weak,Contínuo: pouco overlap,Q,23,20274929,12000,2000,0.04,480,True,,,0.7100430462066688,0.8751792427805615,0.7396609802321092,0.670865419873676,,,,
continuous_weak,Contínuo: pouco overlap,DML,23,20274929,12000,2000,0.04,480,True,,,0.05821104875923757,0.05670387764694398,-0.010740038304629934,0.9565122961931289,-0.25828014560003487,-0.20748581404249752,2.4456123456857465e-19,
continuous_weak,Contínuo: pouco overlap,S-learner,23,20274929,12000,2000,0.04,480,True,,,0.391968822449628,0.35557877771978014,0.25406369914490146,0.5651051789966165,,,,
continuous_weak,Contínuo: pouco overlap,Q,24,20274930,12000,2000,0.041833333333333333,502,True,,,0.7244657247703353,0.8296676829396138,0.5077403546150672,-0.7572451262398437,,,,
continuous_weak,Contínuo: pouco overlap,DML,24,20274930,12000,2000,0.041833333333333333,502,True,,,0.19855110168068021,0.20208888375484838,0.06498785446500084,0.9501339729871165,-0.6638383432206093,-0.19699493514205346,4.0146242848343946e-18,
continuous_weak,Contínuo: pouco overlap,S-learner,24,20274930,12000,2000,0.041833333333333333,502,True,,,0.3482830086761542,0.33713054566055034,0.1647258458671045,-0.3192358736001198,,,,
continuous_weak,Contínuo: pouco overlap,Q,25,20274931,12000,2000,0.03783333333333333,454,True,,,0.4599027684983359,0.403722075658361,0.06843038491157377,-0.4926644062940576,,,,
continuous_weak,Contínuo: pouco overlap,DML,25,20274931,12000,2000,0.03783333333333333,454,True,,,0.07840566308889312,0.05267116078591322,0.008283045678249579,0.9543705873617481,-0.43880661317865144,-0.1109790946304979,2.5907268972605962e-19,
continuous_weak,Contínuo: pouco overlap,S-learner,25,20274931,12000,2000,0.03783333333333333,454,True,,,0.2667945131813864,0.21202522727824094,-0.032810763585888775,0.8019365963178504,,,,
continuous_weak,Contínuo: pouco overlap,Q,26,20274932,12000,2000,0.0385,462,True,,,0.6778895254672372,0.4070851426867795,-0.34796876314800584,0.1708112422859662,,,,
continuous_weak,Contínuo: pouco overlap,DML,26,20274932,12000,2000,0.0385,462,True,,,0.17046385799629413,0.16507870474748734,0.05127298160143326,0.9524728747577943,-0.44599377176019217,-0.45032194046800744,2.022561709049455e-19,
continuous_weak,Contínuo: pouco overlap,S-learner,26,20274932,12000,2000,0.0385,462,True,,,0.5657731937647136,0.3951379478236429,-0.379000592927158,0.4768642970333799,,,,
continuous_weak,Contínuo: pouco overlap,Q,27,20274933,12000,2000,0.03916666666666667,470,True,,,0.5558243242422702,0.642260529004913,0.6149366663216269,0.7809025846661019,,,,
continuous_weak,Contínuo: pouco overlap,DML,27,20274933,12000,2000,0.03916666666666667,470,True,,,0.05053583315794566,0.049498250664690345,0.013792141384129639,0.953498513479186,-0.42850655981814856,-0.21653213172812888,3.3493157668282515e-19,
continuous_weak,Contínuo: pouco overlap,S-learner,27,20274933,12000,2000,0.03916666666666667,470,True,,,0.2697205095145901,0.24410085030652318,0.21709566393338423,0.6182003529393858,,,,
continuous_weak,Contínuo: pouco overlap,Q,28,20274934,12000,2000,0.04033333333333333,484,True,,,0.5043758717948337,0.500588107830394,0.18875787088365,-0.6649528548088719,,,,
continuous_weak,Contínuo: pouco overlap,DML,28,20274934,12000,2000,0.04033333333333333,484,True,,,0.09240372628578712,0.07371910560846351,0.006666325636462716,0.9520860169216367,-0.43330202493807035,-0.08178993212507797,3.099874995084271e-19,
continuous_weak,Contínuo: pouco overlap,S-learner,28,20274934,12000,2000,0.04033333333333333,484,True,,,0.31095138143711865,0.26143612138598216,0.02476396234985174,0.6668976721496577,,,,
continuous_weak,Contínuo: pouco overlap,Q,29,20274935,12000,2000,0.04,480,True,,,0.5986386730679567,0.5129520714125299,0.14543617923774846,-0.4093134438690778,,,,
continuous_weak,Contínuo: pouco overlap,DML,29,20274935,12000,2000,0.04,480,True,,,0.2542672031613258,0.2007011973207716,0.02671379553177784,0.9534286681530267,-0.11658907448561207,-0.5292086277836549,5.091639657213641e-19,
continuous_weak,Contínuo: pouco overlap,S-learner,29,20274935,12000,2000,0.04,480,True,,,0.36625759827483184,0.28281881755418103,-0.03458793902696738,0.2073422477621419,,,,
continuous_curved,Contínuo: curva omitida,Q,0,20275906,12000,2000,0.06125,735,True,,,0.3728585651693908,0.519285435747985,0.42418514838666527,0.29012762964184846,,,,
continuous_curved,Contínuo: curva omitida,DML,0,20275906,12000,2000,0.06125,735,True,,,0.3844039121688363,0.43561403088868755,-0.43561403088868755,0.9805214576927559,-0.2949068310902963,-0.06485068705387509,4.515899969025413e-18,
continuous_curved,Contínuo: curva omitida,S-learner,0,20275906,12000,2000,0.06125,735,True,,,0.3371822196444646,0.4653218495552667,0.39619497777106394,0.45861556233469036,,,,
continuous_curved,Contínuo: curva omitida,Q,1,20275907,12000,2000,0.06491666666666666,779,True,,,0.42921199797934484,0.40432937713828043,-0.0322540782140071,0.3853559941599225,,,,
continuous_curved,Contínuo: curva omitida,DML,1,20275907,12000,2000,0.06491666666666666,779,True,,,0.40359812562500436,0.42263783144928024,-0.42263783144928024,-0.9802024847090952,-0.3944852481554526,0.039156998226545496,1.5941466415890147e-18,
continuous_curved,Contínuo: curva omitida,S-learner,1,20275907,12000,2000,0.06491666666666666,779,True,,,0.305367892474994,0.3100000017250774,-0.08268910616269978,-0.3732585779135585,,,,
continuous_curved,Contínuo: curva omitida,Q,2,20275908,12000,2000,0.0625,750,True,,,0.38812078586127774,0.40229768555879314,-0.04644272797384315,-0.034102247978970004,,,,
continuous_curved,Contínuo: curva omitida,DML,2,20275908,12000,2000,0.0625,750,True,,,0.3891787748266942,0.4247793043925678,-0.4247793043925678,0.97592594439544,-0.38255506388891314,-0.028153658201114064,7.347525063240175e-19,
continuous_curved,Contínuo: curva omitida,S-learner,2,20275908,12000,2000,0.0625,750,True,,,0.23954105623555855,0.27570428129157054,0.06560350003590965,0.6918570388285029,,,,
continuous_curved,Contínuo: curva omitida,Q,3,20275909,12000,2000,0.06366666666666666,764,True,,,0.28204110564521295,0.3257055804199448,0.07047693391213215,0.3483790640385509,,,,
continuous_curved,Contínuo: curva omitida,DML,3,20275909,12000,2000,0.06366666666666666,764,True,,,0.3750651758630556,0.4211449885422568,-0.4211449885422568,0.9753890140899457,-0.3756063151427303,-0.14648784258594866,1.857590159813428e-19,
continuous_curved,Contínuo: curva omitida,S-learner,3,20275909,12000,2000,0.06366666666666666,764,True,,,0.23201167686266885,0.24727793492983194,-0.03405462387782068,0.46991354442986777,,,,
continuous_curved,Contínuo: curva omitida,Q,4,20275910,12000,2000,0.06308333333333334,757,True,,,0.4144002155824077,0.5031857513207857,0.18071170185778423,-0.48276075956554254,,,,
continuous_curved,Contínuo: curva omitida,DML,4,20275910,12000,2000,0.06308333333333334,757,True,,,0.3943143372824867,0.4330216961221645,-0.4330216961221645,-0.9830431845875758,-0.33120213905525336,5.784551079434455e-05,7.861454152590198e-19,
continuous_curved,Contínuo: curva omitida,S-learner,4,20275910,12000,2000,0.06308333333333334,757,True,,,0.38865002119992287,0.5164502661838236,0.33211459825655665,-0.2657787601791502,,,,
continuous_curved,Contínuo: curva omitida,Q,5,20275911,12000,2000,0.05875,705,True,,,0.5882513668693551,0.7704573524500831,0.4956492121042308,-0.8405130803021573,,,,
continuous_curved,Contínuo: curva omitida,DML,5,20275911,12000,2000,0.05875,705,True,,,0.4059880196070606,0.4137621160305117,-0.41018121353599146,-0.9818610515028796,-0.4763688809397377,0.02444553496230437,3.2832354786043693e-18,
continuous_curved,Contínuo: curva omitida,S-learner,5,20275911,12000,2000,0.05875,705,True,,,0.37859032015579824,0.36877311102618143,0.05320797706608235,-0.8504178838906813,,,,
continuous_curved,Contínuo: curva omitida,Q,6,20275912,12000,2000,0.062,744,True,,,0.48886951991658506,0.7770696776647985,0.7537652253495052,0.6838975414309998,,,,
continuous_curved,Contínuo: curva omitida,DML,6,20275912,12000,2000,0.062,744,True,,,0.39087968203312795,0.44270634710806767,-0.44270634710806767,0.9806777585430595,-0.2399932595087492,-0.05496303989483441,7.143414465378192e-19,
continuous_curved,Contínuo: curva omitida,S-learner,6,20275912,12000,2000,0.062,744,True,,,0.3433691421392702,0.4275195771319594,0.26728742218213886,0.5406761770271484,,,,
continuous_curved,Contínuo: curva omitida,Q,7,20275913,12000,2000,0.06958333333333333,835,True,,,0.41783627386716465,0.5129020089966188,0.09152369421674743,-0.6764626542955335,,,,
continuous_curved,Contínuo: curva omitida,DML,7,20275913,12000,2000,0.06958333333333333,835,True,,,0.3997821379073694,0.42802475784986144,-0.42802475784986144,-0.9827806880252343,-0.361310291809361,0.026533587684818897,1.7251336310580651e-18,
continuous_curved,Contínuo: curva omitida,S-learner,7,20275913,12000,2000,0.06958333333333333,835,True,,,0.3778315659989695,0.48007143051254597,-0.03627412729497398,-0.11610608419227234,,,,
continuous_curved,Contínuo: curva omitida,Q,8,20275914,12000,2000,0.066,792,True,,,0.37363625147951457,0.3882003694158949,-0.3705444307534948,0.16411389031301918,,,,
continuous_curved,Contínuo: curva omitida,DML,8,20275914,12000,2000,0.066,792,True,,,0.39542902334108565,0.4402149198981621,-0.4402149198981621,0.9792078816979503,-0.26350626174147435,-0.012458571143023511,2.1090869326634463e-18,
continuous_curved,Contínuo: curva omitida,S-learner,8,20275914,12000,2000,0.066,792,True,,,0.30596700516697967,0.3202489319152806,-0.17254815191285638,0.05623901094209123,,,,
continuous_curved,Contínuo: curva omitida,Q,9,20275915,12000,2000,0.06158333333333333,739,True,,,0.2742236334054726,0.2977575398085633,0.03200535901503207,-0.4625562108069729,,,,
continuous_curved,Contínuo: curva omitida,DML,9,20275915,12000,2000,0.06158333333333333,739,True,,,0.40054253528886624,0.43006501979586587,-0.43006501979586587,-0.9785248248038978,-0.3464575903951011,0.030004023909983128,2.5086032191267123e-18,
continuous_curved,Contínuo: curva omitida,S-learner,9,20275915,12000,2000,0.06158333333333333,739,True,,,0.3178388290759052,0.3526919146653065,-0.12944162169305876,-0.35893204111506505,,,,
continuous_curved,Contínuo: curva omitida,Q,10,20275916,12000,2000,0.06091666666666667,731,True,,,0.3398061408345508,0.3589602271481023,-0.04681036052016263,0.3467256295699711,,,,
continuous_curved,Contínuo: curva omitida,DML,10,20275916,12000,2000,0.06091666666666667,731,True,,,0.38915927499835073,0.44398944250273303,-0.44398944250273303,0.9790920518569638,-0.20283609132862748,-0.10854267487231463,7.661485873324828e-19,
continuous_curved,Contínuo: curva omitida,S-learner,10,20275916,12000,2000,0.06091666666666667,731,True,,,0.2972191812201508,0.3253753480974947,-0.10603620914314513,-0.388509635803792,,,,
continuous_curved,Contínuo: curva omitida,Q,11,20275917,12000,2000,0.06216666666666667,746,True,,,0.4224559369152405,0.5886425061905245,0.3873932964824094,-0.5660449770767599,,,,
continuous_curved,Contínuo: curva omitida,DML,11,20275917,12000,2000,0.06216666666666667,746,True,,,0.40792094776330834,0.4310648307869292,-0.4310648307869292,-0.9786143876120519,-0.33188620108259137,0.05986432588881566,1.7041098788514815e-18,
continuous_curved,Contínuo: curva omitida,S-learner,11,20275917,12000,2000,0.06216666666666667,746,True,,,0.28761796744290613,0.3781385656657436,0.28033750291170134,-0.6258425198337408,,,,
continuous_curved,Contínuo: curva omitida,Q,12,20275918,12000,2000,0.06375,765,True,,,0.3802437874790827,0.5122120594634375,0.3351192998808933,0.8427100020889087,,,,
continuous_curved,Contínuo: curva omitida,DML,12,20275918,12000,2000,0.06375,765,True,,,0.38041973428406134,0.4294869572522784,-0.4294869572522784,0.9793116352749097,-0.35110759575041056,-0.08316717937934963,9.579130276449191e-19,
continuous_curved,Contínuo: curva omitida,S-learner,12,20275918,12000,2000,0.06375,765,True,,,0.3268738443296347,0.41605250196885474,0.21091132809387864,0.8469072046678869,,,,
continuous_curved,Contínuo: curva omitida,Q,13,20275919,12000,2000,0.06158333333333333,739,True,,,0.4804354670696661,0.7997255207497085,0.7002619114050044,0.20376870755774065,,,,
continuous_curved,Contínuo: curva omitida,DML,13,20275919,12000,2000,0.06158333333333333,739,True,,,0.4160988558906165,0.4348882049192823,-0.43392518380088235,-0.9759683955458772,-0.30705903733868267,0.08752194323740772,1.9187459528809194e-18,
continuous_curved,Contínuo: curva omitida,S-learner,13,20275919,12000,2000,0.06158333333333333,739,True,,,0.3973091864250691,0.5883312110894368,0.5327530625015449,0.20425618893051833,,,,
continuous_curved,Contínuo: curva omitida,Q,14,20275920,12000,2000,0.06933333333333333,832,True,,,0.2984390968222104,0.36394710036493405,0.21395335816974898,0.7311534014876354,,,,
continuous_curved,Contínuo: curva omitida,DML,14,20275920,12000,2000,0.06933333333333333,832,True,,,0.3816240498664675,0.43007944178884655,-0.43007944178884655,0.9764189916331377,-0.3260031557693695,-0.0750669298796061,2.0000076805450334e-17,
continuous_curved,Contínuo: curva omitida,S-learner,14,20275920,12000,2000,0.06933333333333333,832,True,,,0.28899227993614524,0.35001152055683393,0.2100707405899242,0.5458738199251761,,,,
continuous_curved,Contínuo: curva omitida,Q,15,20275921,12000,2000,0.060833333333333336,730,True,,,0.35212758353461937,0.37776408357624885,-0.12651062434450944,-0.6864258353296664,,,,
continuous_curved,Contínuo: curva omitida,DML,15,20275921,12000,2000,0.060833333333333336,730,True,,,0.3972238558198413,0.41532407844208097,-0.41532407844208097,0.9797119837739526,-0.42964233076927405,-0.002779325461914322,1.586431307838397e-18,
continuous_curved,Contínuo: curva omitida,S-learner,15,20275921,12000,2000,0.060833333333333336,730,True,,,0.2981644593316759,0.3488031293425046,0.023438391088324018,-0.3841743713379261,,,,
continuous_curved,Contínuo: curva omitida,Q,16,20275922,12000,2000,0.06225,747,True,,,0.606569114709952,1.1950865591060817,1.125502678065237,0.7972487578235707,,,,
continuous_curved,Contínuo: curva omitida,DML,16,20275922,12000,2000,0.06225,747,True,,,0.37624342884728856,0.4248196817514995,-0.4248196817514995,0.9783571793694472,-0.3600140105157702,-0.12488657183792895,3.8912837479685977e-19,
continuous_curved,Contínuo: curva omitida,S-learner,16,20275922,12000,2000,0.06225,747,True,,,0.3446574876955375,0.5386634258729123,0.45513424330009433,0.7734574352098628,,,,
continuous_curved,Contínuo: curva omitida,Q,17,20275923,12000,2000,0.06366666666666666,764,True,,,0.451965092162721,0.5088644556226793,-0.09163170454309508,0.750531507465224,,,,
continuous_curved,Contínuo: curva omitida,DML,17,20275923,12000,2000,0.06366666666666666,764,True,,,0.38711050037341493,0.4336190013606559,-0.4336190013606559,0.978271617707428,-0.313063014928788,-0.04116251248417331,1.9926506026142555e-18,
continuous_curved,Contínuo: curva omitida,S-learner,17,20275923,12000,2000,0.06366666666666666,764,True,,,0.3315048265332012,0.4379163959517385,0.10369563801198321,0.780622793925829,,,,
continuous_curved,Contínuo: curva omitida,Q,18,20275924,12000,2000,0.067,804,True,,,0.5028210795618469,0.4277912786391887,-0.3372502791206252,0.2854703135529171,,,,
continuous_curved,Contínuo: curva omitida,DML,18,20275924,12000,2000,0.067,804,True,,,0.3869546710214945,0.4428057045463322,-0.4428057045463322,0.9764631183031813,-0.21280216839176416,-0.11655947416194792,2.355759698681377e-18,
continuous_curved,Contínuo: curva omitida,S-learner,18,20275924,12000,2000,0.067,804,True,,,0.5397572933264599,0.4439384221980321,-0.38635167155460604,0.17319994491081886,,,,
continuous_curved,Contínuo: curva omitida,Q,19,20275925,12000,2000,0.06358333333333334,763,True,,,0.3943300142627307,0.3963725753882096,-0.15655468534128553,0.648192997766318,,,,
continuous_curved,Contínuo: curva omitida,DML,19,20275925,12000,2000,0.06358333333333334,763,True,,,0.40758140664358716,0.42091776116654384,-0.42091776116654384,-0.9811731403210001,-0.413444915913675,0.05353382688755084,6.104668666091812e-19,
continuous_curved,Contínuo: curva omitida,S-learner,19,20275925,12000,2000,0.06358333333333334,763,True,,,0.3346621184507003,0.3500409534405635,-0.18203320373730628,0.7632702516964657,,,,
continuous_curved,Contínuo: curva omitida,Q,20,20275926,12000,2000,0.06433333333333334,772,True,,,0.5013558602820345,0.8747792681967963,0.8239971747770299,-0.43331804215455705,,,,
continuous_curved,Contínuo: curva omitida,DML,20,20275926,12000,2000,0.06433333333333334,772,True,,,0.3903529250207312,0.42741891343577115,-0.42741891343577115,0.9777584798917907,-0.35871754341739914,-0.019301047079942873,7.511845631017054e-19,
continuous_curved,Contínuo: curva omitida,S-learner,20,20275926,12000,2000,0.06433333333333334,772,True,,,0.35759976645003805,0.5441281318384035,0.4629317828512691,-0.46408983172829626,,,,
continuous_curved,Contínuo: curva omitida,Q,21,20275927,12000,2000,0.06433333333333334,772,True,,,0.39577755700317635,0.4472546469568335,-0.007581473794505811,0.5580299346823624,,,,
continuous_curved,Contínuo: curva omitida,DML,21,20275927,12000,2000,0.06433333333333334,772,True,,,0.38356810081587495,0.44077444239985236,-0.44077444239985236,0.9808060998585597,-0.2345793399554256,-0.12338751638637468,7.734575871823122e-19,
continuous_curved,Contínuo: curva omitida,S-learner,21,20275927,12000,2000,0.06433333333333334,772,True,,,0.29856273826564794,0.3256964481830554,-0.05998657662561997,0.4659224360407474,,,,
continuous_curved,Contínuo: curva omitida,Q,22,20275928,12000,2000,0.06383333333333334,766,True,,,0.46633526857660673,0.49012738186564403,-0.2913019800807029,-0.14376607600451216,,,,
continuous_curved,Contínuo: curva omitida,DML,22,20275928,12000,2000,0.06383333333333334,766,True,,,0.39834968575475876,0.4283088751382118,-0.4283088751382118,-0.9777999607578309,-0.35216930067774543,0.02028876119786035,2.7819716689505315e-18,
continuous_curved,Contínuo: curva omitida,S-learner,22,20275928,12000,2000,0.06383333333333334,766,True,,,0.2970557471228958,0.3214309373251475,-0.05779338032056247,-0.18163823635171117,,,,
continuous_curved,Contínuo: curva omitida,Q,23,20275929,12000,2000,0.06116666666666667,734,True,,,0.5506228397393831,0.48572539896976064,-0.24722926878942839,-0.023711060244088936,,,,
continuous_curved,Contínuo: curva omitida,DML,23,20275929,12000,2000,0.06116666666666667,734,True,,,0.42732548265635517,0.42388511575849375,-0.4179547566137684,-0.9778120548071657,-0.3920396742328192,0.12526488035409938,8.488066403841505e-19,
continuous_curved,Contínuo: curva omitida,S-learner,23,20275929,12000,2000,0.06116666666666667,734,True,,,0.5223630336827069,0.48671651024838997,-0.3356499017096307,-0.12303644670465767,,,,
continuous_curved,Contínuo: curva omitida,Q,24,20275930,12000,2000,0.05975,717,True,,,0.3137546958932815,0.314757368522368,-0.27289184277928547,-0.2864984088751549,,,,
continuous_curved,Contínuo: curva omitida,DML,24,20275930,12000,2000,0.05975,717,True,,,0.40304051100824495,0.4379368292275488,-0.4379368292275488,-0.9830504647407976,-0.27993826258793136,0.03057476549844688,7.844710335904596e-19,
continuous_curved,Contínuo: curva omitida,S-learner,24,20275930,12000,2000,0.05975,717,True,,,0.27731700538954673,0.2820600375602655,-0.2248344300598935,-0.37790214321488075,,,,
continuous_curved,Contínuo: curva omitida,Q,25,20275931,12000,2000,0.06158333333333333,739,True,,,0.41795926372294345,0.42754535511330927,-0.24952992091162274,0.6872090052354108,,,,
continuous_curved,Contínuo: curva omitida,DML,25,20275931,12000,2000,0.06158333333333333,739,True,,,0.37699434481545907,0.4305909275438361,-0.4305909275438361,0.9806971846730036,-0.3203318349080766,-0.12098412207765935,5.780102588105765e-19,
continuous_curved,Contínuo: curva omitida,S-learner,25,20275931,12000,2000,0.06158333333333333,739,True,,,0.3639105315362084,0.3479575339006098,-0.26026797243321825,0.81347363404757,,,,
continuous_curved,Contínuo: curva omitida,Q,26,20275932,12000,2000,0.059666666666666666,716,True,,,0.31896148137134056,0.38271124996973505,0.020614441373685656,-0.5247354446338062,,,,
continuous_curved,Contínuo: curva omitida,DML,26,20275932,12000,2000,0.059666666666666666,716,True,,,0.43254544632040065,0.4256554064627469,-0.41926046010379053,-0.9760374155638881,-0.37703467207689784,0.14398729286407327,3.078754081788487e-19,
continuous_curved,Contínuo: curva omitida,S-learner,26,20275932,12000,2000,0.059666666666666666,716,True,,,0.26385066778688404,0.31519706098929906,-0.0010218793976814878,-0.36000936812046586,,,,
continuous_curved,Contínuo: curva omitida,Q,27,20275933,12000,2000,0.0605,726,True,,,0.34612670039688337,0.3844196973460909,0.04165333801625012,0.21976535479733963,,,,
continuous_curved,Contínuo: curva omitida,DML,27,20275933,12000,2000,0.0605,726,True,,,0.37837951406860737,0.4347859785703634,-0.4347859785703634,0.9800206077175799,-0.27015198891617653,-0.1400587216435402,4.461238128836446e-18,
continuous_curved,Contínuo: curva omitida,S-learner,27,20275933,12000,2000,0.0605,726,True,,,0.318637498316123,0.3584045090790328,-0.08464130337406328,0.26883135532132757,,,,
continuous_curved,Contínuo: curva omitida,Q,28,20275934,12000,2000,0.062,744,True,,,0.39426251772352994,0.6545668023437625,0.49550038467045465,-0.747931115513331,,,,
continuous_curved,Contínuo: curva omitida,DML,28,20275934,12000,2000,0.062,744,True,,,0.4012347834506274,0.41562111077331165,-0.41562111077331165,-0.9812326978521722,-0.4290899634290548,0.0171750109940246,8.796860839580986e-19,
continuous_curved,Contínuo: curva omitida,S-learner,28,20275934,12000,2000,0.062,744,True,,,0.31721598924339317,0.4944421771943322,0.35467225707782574,-0.5332311406859436,,,,
continuous_curved,Contínuo: curva omitida,Q,29,20275935,12000,2000,0.06075,729,True,,,0.41280388758433495,0.5657181753025381,0.3344664110141606,0.0564797182479207,,,,
continuous_curved,Contínuo: curva omitida,DML,29,20275935,12000,2000,0.06075,729,True,,,0.3847344236822524,0.4392148162575166,-0.4392148162575166,0.9788898288455768,-0.26182217911694633,-0.08189207550285062,1.2613999953652947e-18,
continuous_curved,Contínuo: curva omitida,S-learner,29,20275935,12000,2000,0.06075,729,True,,,0.3057319030678315,0.3924635875294315,0.19601730959296593,0.4783990531783882,,,,
binary_rct,Binário: aleatorizado,Q,0,20276906,12000,2000,0.04108333333333333,493,True,,,0.43626826097765425,0.2643868970098143,0.10196738317016076,0.44853278765264193,,,,
binary_rct,Binário: aleatorizado,DML,0,20276906,12000,2000,0.04108333333333333,493,True,,,0.16995247332201585,0.08413938147940093,0.040204457035555925,0.7203608149245557,,,,0.0
binary_rct,Binário: aleatorizado,S-learner,0,20276906,12000,2000,0.04108333333333333,493,True,,,0.250672443674584,0.14033749517857871,0.07390407430474678,0.6439830479399976,,,,
binary_rct,Binário: aleatorizado,Q,1,20276907,12000,2000,0.039,468,True,,,0.43823672765707994,0.24521971987252428,0.026153333001436564,0.26415290611777903,,,,
binary_rct,Binário: aleatorizado,DML,1,20276907,12000,2000,0.039,468,True,,,0.2031998515031398,0.10920840456250291,-0.05725905978137862,0.44432278484341126,,,,0.0
binary_rct,Binário: aleatorizado,S-learner,1,20276907,12000,2000,0.039,468,True,,,0.23317943299726684,0.1289654291027926,0.004655882865621395,0.5290310716762028,,,,
binary_rct,Binário: aleatorizado,Q,2,20276908,12000,2000,0.042333333333333334,508,True,,,0.4547956544904596,0.22986908033229594,-0.07748123728621352,0.44462633379854044,,,,
binary_rct,Binário: aleatorizado,DML,2,20276908,12000,2000,0.042333333333333334,508,True,,,0.23801161143273883,0.12913096882602831,-0.11200514642269235,0.7275513054781017,,,,0.0
binary_rct,Binário: aleatorizado,S-learner,2,20276908,12000,2000,0.042333333333333334,508,True,,,0.28550868013463077,0.12757486738104054,-0.0660901380270161,0.6862948602924729,,,,
binary_rct,Binário: aleatorizado,Q,3,20276909,12000,2000,0.03816666666666667,458,True,,,0.4780175371562942,0.3017446793345397,0.07931037129187073,0.07704110380148059,,,,
binary_rct,Binário: aleatorizado,DML,3,20276909,12000,2000,0.03816666666666667,458,True,,,0.23027928985954163,0.11575334480001219,0.027827506921593845,0.4839429783144348,,,,0.0
binary_rct,Binário: aleatorizado,S-learner,3,20276909,12000,2000,0.03816666666666667,458,True,,,0.2893764905077594,0.17073843717118417,0.07430080307279707,0.38208174766446934,,,,
binary_rct,Binário: aleatorizado,Q,4,20276910,12000,2000,0.04,480,True,,,0.4553636823785357,0.3002811346146093,0.13128041313110633,0.6102869678385335,,,,
binary_rct,Binário: aleatorizado,DML,4,20276910,12000,2000,0.04,480,True,,,0.20320031965411944,0.07623063822325823,0.007454753106454175,0.8514361032363559,,,,0.0
binary_rct,Binário: aleatorizado,S-learner,4,20276910,12000,2000,0.04,480,True,,,0.23408918350330438,0.12431678739164673,0.0632571549985782,0.7978024560207013,,,,
binary_rct,Binário: aleatorizado,Q,5,20276911,12000,2000,0.04325,519,True,,,0.4565138619976536,0.28500016312940996,0.056360900851377266,0.3549181822414382,,,,
binary_rct,Binário: aleatorizado,DML,5,20276911,12000,2000,0.04325,519,True,,,0.215065377998562,0.08926979993575641,-0.01678347697934941,0.6689441961290751,,,,0.0
binary_rct,Binário: aleatorizado,S-learner,5,20276911,12000,2000,0.04325,519,True,,,0.4313653781317851,0.2155089014198196,0.06995057841068636,0.5470669853866288,,,,
binary_rct,Binário: aleatorizado,Q,6,20276912,12000,2000,0.04008333333333333,481,True,,,0.4401573500996158,0.30991827601157723,0.13471319894745476,0.38616993837983454,,,,
binary_rct,Binário: aleatorizado,DML,6,20276912,12000,2000,0.04008333333333333,481,True,,,0.2234255661808335,0.13825272680044623,0.0551292553281125,0.8060289626067803,,,,0.0
binary_rct,Binário: aleatorizado,S-learner,6,20276912,12000,2000,0.04008333333333333,481,True,,,0.21298755029177743,0.11925122169716454,0.08860525348668126,0.7784432266466204,,,,
binary_rct,Binário: aleatorizado,Q,7,20276913,12000,2000,0.04075,489,True,,,0.5265873958531857,0.25391121173416237,-0.05393763876585424,0.40533465962026616,,,,
binary_rct,Binário: aleatorizado,DML,7,20276913,12000,2000,0.04075,489,True,,,0.2915952414075656,0.16559430722590646,-0.10661185244590728,0.6570153824192615,,,,0.0
binary_rct,Binário: aleatorizado,S-learner,7,20276913,12000,2000,0.04075,489,True,,,0.2968241192632106,0.1375116984155633,-0.04794272789587305,0.707563727266416,,,,
binary_rct,Binário: aleatorizado,Q,8,20276914,12000,2000,0.04541666666666667,545,True,,,0.4178946275174504,0.24868224525674704,0.02083872086136982,0.11208723217102802,,,,
binary_rct,Binário: aleatorizado,DML,8,20276914,12000,2000,0.04541666666666667,545,True,,,0.2199946946871808,0.1335538366250605,-0.01382436739894347,0.16355052037415735,,,,0.0
binary_rct,Binário: aleatorizado,S-learner,8,20276914,12000,2000,0.04541666666666667,545,True,,,0.26091635383216355,0.1399252405524831,0.017407811899681262,0.2808682203421375,,,,
binary_rct,Binário: aleatorizado,Q,9,20276915,12000,2000,0.04008333333333333,481,True,,,0.4646355688803599,0.2837065517605416,0.026352670053929318,0.17025820881895273,,,,
binary_rct,Binário: aleatorizado,DML,9,20276915,12000,2000,0.04008333333333333,481,True,,,0.16025312669357497,0.08713959024392688,-0.02904987124796905,0.669934633737394,,,,0.0
binary_rct,Binário: aleatorizado,S-learner,9,20276915,12000,2000,0.04008333333333333,481,True,,,0.200633518946295,0.11018526606855741,0.01435231710780479,0.6538426927541845,,,,
binary_rct,Binário: aleatorizado,Q,10,20276916,12000,2000,0.042833333333333334,514,True,,,0.5419996464171767,0.38456038516749574,0.15567205064440362,0.43929909894106667,,,,
binary_rct,Binário: aleatorizado,DML,10,20276916,12000,2000,0.042833333333333334,514,True,,,0.2176287654071678,0.12826298007998213,0.03367918432930492,0.793069838564746,,,,0.0
binary_rct,Binário: aleatorizado,S-learner,10,20276916,12000,2000,0.042833333333333334,514,True,,,0.34195422290750954,0.1807257616202377,0.07579362197246388,0.6815973298241395,,,,
binary_rct,Binário: aleatorizado,Q,11,20276917,12000,2000,0.04058333333333333,487,True,,,0.5815933300307933,0.40011132873782973,0.1724425824946436,0.30387395843406956,,,,
binary_rct,Binário: aleatorizado,DML,11,20276917,12000,2000,0.04058333333333333,487,True,,,0.29436395744783234,0.16918731826560326,0.005585721395114858,0.35203880434666013,,,,0.0
binary_rct,Binário: aleatorizado,S-learner,11,20276917,12000,2000,0.04058333333333333,487,True,,,0.35973819458820616,0.20692383090977176,0.07885235262326122,0.4029347726040675,,,,
binary_rct,Binário: aleatorizado,Q,12,20276918,12000,2000,0.043083333333333335,517,True,,,0.44800860607918364,0.2310431266197157,-0.0012405358496562805,0.16247211558548563,,,,
binary_rct,Binário: aleatorizado,DML,12,20276918,12000,2000,0.043083333333333335,517,True,,,0.24878156080777025,0.12552238969494972,-0.04887199833134355,0.24741267044137952,,,,0.0
binary_rct,Binário: aleatorizado,S-learner,12,20276918,12000,2000,0.043083333333333335,517,True,,,0.2475886629351239,0.14479062803783177,0.030990248157842386,0.5268477181727248,,,,
binary_rct,Binário: aleatorizado,Q,13,20276919,12000,2000,0.03841666666666667,461,True,,,0.4190327953262177,0.25341566967530094,0.1092846200687936,0.5978998427258838,,,,
binary_rct,Binário: aleatorizado,DML,13,20276919,12000,2000,0.03841666666666667,461,True,,,0.18428534624359919,0.07342605963730084,-0.002755456474385066,0.8566630041856448,,,,0.0
binary_rct,Binário: aleatorizado,S-learner,13,20276919,12000,2000,0.03841666666666667,461,True,,,0.2284551956481151,0.13037189399259289,0.0673210951662493,0.7217018136871256,,,,
binary_rct,Binário: aleatorizado,Q,14,20276920,12000,2000,0.04158333333333333,499,True,,,0.5364004686739496,0.34513114581003473,0.09450382086217278,0.28062095034132806,,,,
binary_rct,Binário: aleatorizado,DML,14,20276920,12000,2000,0.04158333333333333,499,True,,,0.24979305662238058,0.1428843743667706,-0.08310640008165109,0.4253521686222478,,,,0.0
binary_rct,Binário: aleatorizado,S-learner,14,20276920,12000,2000,0.04158333333333333,499,True,,,0.3370154912750531,0.18320665807991163,0.008206302735768327,0.4925624766025954,,,,
binary_rct,Binário: aleatorizado,Q,15,20276921,12000,2000,0.04016666666666667,482,True,,,0.45666821137771135,0.2632043120646403,0.012503426511736965,0.2972738152690526,,,,
binary_rct,Binário: aleatorizado,DML,15,20276921,12000,2000,0.04016666666666667,482,True,,,0.1619577409987912,0.08787995015125645,-0.027065974699936768,0.6923398701525035,,,,0.0
binary_rct,Binário: aleatorizado,S-learner,15,20276921,12000,2000,0.04016666666666667,482,True,,,0.25719236831909875,0.12328147522055347,0.03033269608165313,0.6437558395786467,,,,
binary_rct,Binário: aleatorizado,Q,16,20276922,12000,2000,0.03875,465,True,,,0.35662102597271067,0.20021841151810857,0.0421394993008894,0.38541337097044853,,,,
binary_rct,Binário: aleatorizado,DML,16,20276922,12000,2000,0.03875,465,True,,,0.17310767759767587,0.10987238150645436,-0.029857460651427546,0.5891100137070447,,,,0.0
binary_rct,Binário: aleatorizado,S-learner,16,20276922,12000,2000,0.03875,465,True,,,0.20124823093289756,0.1036828488524739,0.03356534031031464,0.7150551525883231,,,,
binary_rct,Binário: aleatorizado,Q,17,20276923,12000,2000,0.04158333333333333,499,True,,,0.40974606351278714,0.2442326444646527,0.07108138772531539,0.5617232503409221,,,,
binary_rct,Binário: aleatorizado,DML,17,20276923,12000,2000,0.04158333333333333,499,True,,,0.1659009389657924,0.07888413766716422,-0.035529718735623904,0.793884254606109,,,,0.0
binary_rct,Binário: aleatorizado,S-learner,17,20276923,12000,2000,0.04158333333333333,499,True,,,0.24383836836687037,0.1300080414534011,0.04147729778672839,0.6745597996499332,,,,
binary_rct,Binário: aleatorizado,Q,18,20276924,12000,2000,0.043166666666666666,518,True,,,0.5088962232271442,0.3789825136677937,0.25399296629730644,0.5781150281481229,,,,
binary_rct,Binário: aleatorizado,DML,18,20276924,12000,2000,0.043166666666666666,518,True,,,0.19420100766435472,0.12522364650912782,0.08729929305468861,0.8185127453054716,,,,0.0
binary_rct,Binário: aleatorizado,S-learner,18,20276924,12000,2000,0.043166666666666666,518,True,,,0.30221337772189377,0.19333688509659686,0.13921459209166595,0.7271810098990054,,,,
binary_rct,Binário: aleatorizado,Q,19,20276925,12000,2000,0.04008333333333333,481,True,,,0.3940900500936362,0.2429799043563627,0.08701700964573837,0.5281323828408614,,,,
binary_rct,Binário: aleatorizado,DML,19,20276925,12000,2000,0.04008333333333333,481,True,,,0.13274374503152495,0.05762564295973567,0.003955617039739996,0.733042733997658,,,,0.0
binary_rct,Binário: aleatorizado,S-learner,19,20276925,12000,2000,0.04008333333333333,481,True,,,0.23559961082300165,0.11806329780065059,0.05686298999962673,0.7081823480688282,,,,
binary_rct,Binário: aleatorizado,Q,20,20276926,12000,2000,0.04016666666666667,482,True,,,0.4781172621238562,0.23253106635395399,-0.056026913790137405,0.318726011174181,,,,
binary_rct,Binário: aleatorizado,DML,20,20276926,12000,2000,0.04016666666666667,482,True,,,0.2838590502901591,0.1684887021269448,-0.11338003802217776,0.6804695271533995,,,,0.0
binary_rct,Binário: aleatorizado,S-learner,20,20276926,12000,2000,0.04016666666666667,482,True,,,0.23710892903292097,0.12280670840357126,-0.04459151644735729,0.6822985138429646,,,,
binary_rct,Binário: aleatorizado,Q,21,20276927,12000,2000,0.03833333333333333,460,True,,,0.4805931257263513,0.3605126100260984,0.21765560196123598,0.5234816145177325,,,,
binary_rct,Binário: aleatorizado,DML,21,20276927,12000,2000,0.03833333333333333,460,True,,,0.18556775397275865,0.10022446355884596,0.009760474283142855,0.6826594002923263,,,,0.0
binary_rct,Binário: aleatorizado,S-learner,21,20276927,12000,2000,0.03833333333333333,460,True,,,0.25660067447434254,0.16344297602608923,0.11861013118427702,0.7253200601073878,,,,
binary_rct,Binário: aleatorizado,Q,22,20276928,12000,2000,0.041916666666666665,503,True,,,0.545199426772214,0.2972670832550407,-0.033936279614548426,-0.16817681847102187,,,,
binary_rct,Binário: aleatorizado,DML,22,20276928,12000,2000,0.041916666666666665,503,True,,,0.3101535684106648,0.18778253128774197,-0.0729498786526653,-0.2588719734405683,,,,0.0
binary_rct,Binário: aleatorizado,S-learner,22,20276928,12000,2000,0.041916666666666665,503,True,,,0.3603096600946716,0.20480188641176633,0.004075741029683855,0.04383909063332113,,,,
binary_rct,Binário: aleatorizado,Q,23,20276929,12000,2000,0.04066666666666666,488,True,,,0.5035881364243037,0.28055036277230094,0.03874817615594582,0.4872069415089031,,,,
binary_rct,Binário: aleatorizado,DML,23,20276929,12000,2000,0.04066666666666666,488,True,,,0.24817946131847649,0.1502264010103176,-0.06865871246123993,0.8189350376521428,,,,0.0
binary_rct,Binário: aleatorizado,S-learner,23,20276929,12000,2000,0.04066666666666666,488,True,,,0.2568481413897649,0.11231217803826199,-0.01697738708652414,0.7486821680386926,,,,
binary_rct,Binário: aleatorizado,Q,24,20276930,12000,2000,0.042416666666666665,509,True,,,0.4593977124093202,0.3179533008654203,0.1635951503735924,0.41248255571468,,,,
binary_rct,Binário: aleatorizado,DML,24,20276930,12000,2000,0.042416666666666665,509,True,,,0.20857861830296365,0.11514223496533545,0.028010893612921705,0.5385697297678627,,,,0.0
binary_rct,Binário: aleatorizado,S-learner,24,20276930,12000,2000,0.042416666666666665,509,True,,,0.21894501413575412,0.14357414251524103,0.07268404358083078,0.546450696434063,,,,
binary_rct,Binário: aleatorizado,Q,25,20276931,12000,2000,0.040916666666666664,491,True,,,0.3908946389535815,0.26610534628290355,0.13918781944681613,0.7663211836306408,,,,
binary_rct,Binário: aleatorizado,DML,25,20276931,12000,2000,0.040916666666666664,491,True,,,0.2344595986768323,0.14612280709743009,0.06691321676330875,0.8396681118722781,,,,0.0
binary_rct,Binário: aleatorizado,S-learner,25,20276931,12000,2000,0.040916666666666664,491,True,,,0.26736951700011313,0.17070622345301104,0.0993302522118627,0.8119726232107947,,,,
binary_rct,Binário: aleatorizado,Q,26,20276932,12000,2000,0.03891666666666667,467,True,,,0.4729612409836658,0.3848069505276863,0.3363713731972064,0.7399595564324105,,,,
binary_rct,Binário: aleatorizado,DML,26,20276932,12000,2000,0.03891666666666667,467,True,,,0.24698313888441836,0.18734057055962272,0.17317268850310985,0.8546180372647811,,,,0.0
binary_rct,Binário: aleatorizado,S-learner,26,20276932,12000,2000,0.03891666666666667,467,True,,,0.38633705972352494,0.31004311171862153,0.28388637430780145,0.7652013221617757,,,,
binary_rct,Binário: aleatorizado,Q,27,20276933,12000,2000,0.04041666666666666,485,True,,,0.42390522961638194,0.22357879425136762,-0.035158368771976874,0.46476800819980174,,,,
binary_rct,Binário: aleatorizado,DML,27,20276933,12000,2000,0.04041666666666666,485,True,,,0.2385062740433707,0.1421919618072217,-0.0935424715404258,0.8140676991389681,,,,0.0
binary_rct,Binário: aleatorizado,S-learner,27,20276933,12000,2000,0.04041666666666666,485,True,,,0.23836456803439293,0.11387881715496898,-0.022713514277470054,0.7689482229799998,,,,
binary_rct,Binário: aleatorizado,Q,28,20276934,12000,2000,0.0395,474,True,,,0.5253259897073815,0.313288989819558,0.04632992211096152,0.22038533527788298,,,,
binary_rct,Binário: aleatorizado,DML,28,20276934,12000,2000,0.0395,474,True,,,0.20309467104889659,0.11833913485833034,-0.022551663976843238,0.6545167409620746,,,,0.0
binary_rct,Binário: aleatorizado,S-learner,28,20276934,12000,2000,0.0395,474,True,,,0.3001345417225909,0.16840182029857476,0.021675046952932646,0.5627887197730828,,,,
binary_rct,Binário: aleatorizado,Q,29,20276935,12000,2000,0.0375,450,True,,,0.3723280552814949,0.19212687503636394,-0.04874371312806622,0.29358218262234403,,,,
binary_rct,Binário: aleatorizado,DML,29,20276935,12000,2000,0.0375,450,True,,,0.25129732706083563,0.146142581506775,-0.07415152697893514,0.3499296546845266,,,,0.0
binary_rct,Binário: aleatorizado,S-learner,29,20276935,12000,2000,0.0375,450,True,,,0.2937808337076706,0.1463489825944777,-0.0210427846540697,0.46906190799503417,,,,
binary_confounded,Binário: confundido,Q,0,20277906,12000,2000,0.03866666666666667,464,True,,,0.3383272812142505,0.20215054828494866,0.0423471064017467,0.6532599037545253,,,,
binary_confounded,Binário: confundido,DML,0,20277906,12000,2000,0.03866666666666667,464,True,,,0.19235872617935929,0.1196664363000585,-0.026381442623232557,0.7865394299368319,,,,0.0
binary_confounded,Binário: confundido,S-learner,0,20277906,12000,2000,0.03866666666666667,464,True,,,0.21287486226891447,0.10520662496650862,0.027723195374156274,0.7727439323874374,,,,
binary_confounded,Binário: confundido,Q,1,20277907,12000,2000,0.03758333333333334,451,True,,,0.4673330259143693,0.375929868556988,0.2874434061579804,0.7527167426307891,,,,
binary_confounded,Binário: confundido,DML,1,20277907,12000,2000,0.03758333333333334,451,True,,,0.23117545565662645,0.14477591273983256,0.06887998808353603,0.7635831270744616,,,,0.0
binary_confounded,Binário: confundido,S-learner,1,20277907,12000,2000,0.03758333333333334,451,True,,,0.27754619732705027,0.20325736766162972,0.1423573560576467,0.7878596893354716,,,,
binary_confounded,Binário: confundido,Q,2,20277908,12000,2000,0.03775,453,True,,,0.5272526374947324,0.43612719289799756,0.34560853782411777,0.6959640008524197,,,,
binary_confounded,Binário: confundido,DML,2,20277908,12000,2000,0.03775,453,True,,,0.2077374659461416,0.13207568289456856,0.10217202756085203,0.8230515109414921,,,,0.0
binary_confounded,Binário: confundido,S-learner,2,20277908,12000,2000,0.03775,453,True,,,0.3009185561365562,0.2211125514087782,0.19351319811832235,0.777402590691686,,,,
binary_confounded,Binário: confundido,Q,3,20277909,12000,2000,0.03766666666666667,452,True,,,0.51765005913484,0.42346758323521794,0.3489905157567245,0.5223182426498741,,,,
binary_confounded,Binário: confundido,DML,3,20277909,12000,2000,0.03766666666666667,452,True,,,0.28476381338544476,0.2002841675456394,0.17862857899226497,0.6525437616237976,,,,0.0
binary_confounded,Binário: confundido,S-learner,3,20277909,12000,2000,0.03766666666666667,452,True,,,0.3742407929346467,0.27329091935761896,0.26229897122063767,0.6226685633622869,,,,
binary_confounded,Binário: confundido,Q,4,20277910,12000,2000,0.036333333333333336,436,True,,,0.4941888849669557,0.3278862424868872,0.17084551292338576,0.35143793409500257,,,,
binary_confounded,Binário: confundido,DML,4,20277910,12000,2000,0.036333333333333336,436,True,,,0.2706039623969426,0.12487141021846349,0.030858940800784954,0.24097275725944078,,,,0.0
binary_confounded,Binário: confundido,S-learner,4,20277910,12000,2000,0.036333333333333336,436,True,,,0.27686846225889183,0.14582867045502498,0.10178212228792585,0.5268116853313555,,,,
binary_confounded,Binário: confundido,Q,5,20277911,12000,2000,0.03866666666666667,464,True,,,0.4843893398078882,0.34106662750642536,0.13510227334229608,0.216077047178677,,,,
binary_confounded,Binário: confundido,DML,5,20277911,12000,2000,0.03866666666666667,464,True,,,0.31691644399541186,0.19526034302237502,0.06395360857147676,0.4567388962700284,,,,0.0
binary_confounded,Binário: confundido,S-learner,5,20277911,12000,2000,0.03866666666666667,464,True,,,0.2508373102178623,0.1397339066099859,0.08895595099723556,0.49054662099250257,,,,
binary_confounded,Binário: confundido,Q,6,20277912,12000,2000,0.04,480,True,,,0.4709931823719927,0.27905939678612285,0.05426007743184543,0.4117287768356893,,,,
binary_confounded,Binário: confundido,DML,6,20277912,12000,2000,0.04,480,True,,,0.1851618239459324,0.10681453766479562,-0.06445387580877124,0.6930200768017378,,,,0.0
binary_confounded,Binário: confundido,S-learner,6,20277912,12000,2000,0.04,480,True,,,0.24091941571928252,0.12056217528293431,0.009599878517062881,0.6122578780877878,,,,
binary_confounded,Binário: confundido,Q,7,20277913,12000,2000,0.04,480,True,,,0.407963151020688,0.24187076098836388,0.055935220333105294,0.6546856533736133,,,,
binary_confounded,Binário: confundido,DML,7,20277913,12000,2000,0.04,480,True,,,0.20323028329809917,0.09811926229690116,-0.05282122556586125,0.7416406158027621,,,,0.0
binary_confounded,Binário: confundido,S-learner,7,20277913,12000,2000,0.04,480,True,,,0.24144285843539692,0.13587966073544044,0.026924842472867833,0.8247558095112134,,,,
binary_confounded,Binário: confundido,Q,8,20277914,12000,2000,0.03641666666666667,437,True,,,0.44730162511256205,0.30383215699344646,0.166584545257868,0.531236580924948,,,,
binary_confounded,Binário: confundido,DML,8,20277914,12000,2000,0.03641666666666667,437,True,,,0.24075319757268807,0.14933515438380374,0.049357021010016565,0.7257786317821475,,,,0.0
binary_confounded,Binário: confundido,S-learner,8,20277914,12000,2000,0.03641666666666667,437,True,,,0.19821485459180277,0.12277015029239399,0.08505136860699881,0.7905171490610554,,,,
binary_confounded,Binário: confundido,Q,9,20277915,12000,2000,0.03875,465,True,,,0.4387607320073482,0.2787181311523614,0.12519849726576282,0.42324909030384045,,,,
binary_confounded,Binário: confundido,DML,9,20277915,12000,2000,0.03875,465,True,,,0.22139968873229995,0.10933933073315923,-0.015591654931095444,0.6240835273599764,,,,0.0
binary_confounded,Binário: confundido,S-learner,9,20277915,12000,2000,0.03875,465,True,,,0.27520426252525937,0.16282486387684678,0.09377139866364494,0.5575236525506881,,,,
binary_confounded,Binário: confundido,Q,10,20277916,12000,2000,0.03675,441,True,,,0.5828893576103172,0.3290151589974082,-0.10174212419837089,0.10198799362537946,,,,
binary_confounded,Binário: confundido,DML,10,20277916,12000,2000,0.03675,441,True,,,0.3785352682175845,0.2189275289448441,-0.12061387037098388,-0.05392209512172854,,,,0.0
binary_confounded,Binário: confundido,S-learner,10,20277916,12000,2000,0.03675,441,True,,,0.4207346136539007,0.23890870713385515,-0.1008886010693356,0.20464929071234875,,,,
binary_confounded,Binário: confundido,Q,11,20277917,12000,2000,0.036,432,True,,,0.5030880853778755,0.2439098470234053,-0.08711170034229801,0.17328527237095356,,,,
binary_confounded,Binário: confundido,DML,11,20277917,12000,2000,0.036,432,True,,,0.3555885217803656,0.18602954372234706,-0.1319694203918653,-0.13185480564628657,,,,0.0
binary_confounded,Binário: confundido,S-learner,11,20277917,12000,2000,0.036,432,True,,,0.2899408774606583,0.15442518134865024,-0.0872664873110464,0.38623638744700434,,,,
binary_confounded,Binário: confundido,Q,12,20277918,12000,2000,0.03425,411,True,,,0.45962902568085073,0.24851791823545585,-0.03273438945524631,0.5810230650755122,,,,
binary_confounded,Binário: confundido,DML,12,20277918,12000,2000,0.03425,411,True,,,0.2930731130169562,0.16741613860271468,-0.11692843070190011,0.6713448163350675,,,,0.0
binary_confounded,Binário: confundido,S-learner,12,20277918,12000,2000,0.03425,411,True,,,0.29904631131631826,0.13647282649764406,-0.0427380582121646,0.6983242773714081,,,,
binary_confounded,Binário: confundido,Q,13,20277919,12000,2000,0.035,420,True,,,0.5061355374146868,0.3750327877193863,0.21254849894636327,0.3786522225121918,,,,
binary_confounded,Binário: confundido,DML,13,20277919,12000,2000,0.035,420,True,,,0.25788762452710007,0.17144334775503775,0.05498104943833924,0.4275855636024783,,,,0.0
binary_confounded,Binário: confundido,S-learner,13,20277919,12000,2000,0.035,420,True,,,0.24772071601525625,0.15319179122592225,0.10927290234677392,0.690100194003319,,,,
binary_confounded,Binário: confundido,Q,14,20277920,12000,2000,0.03941666666666667,473,True,,,0.43790204305249847,0.29577787912067033,0.14647687181952354,0.3266139796286628,,,,
binary_confounded,Binário: confundido,DML,14,20277920,12000,2000,0.03941666666666667,473,True,,,0.1924013976990945,0.10052761672933991,0.008727407812592769,0.6000378183078807,,,,0.0
binary_confounded,Binário: confundido,S-learner,14,20277920,12000,2000,0.03941666666666667,473,True,,,0.2356002799048123,0.1409797461498078,0.10864276789703368,0.755987699355497,,,,
binary_confounded,Binário: confundido,Q,15,20277921,12000,2000,0.03883333333333333,466,True,,,0.6012992197632411,0.515814511033567,0.39898893338229025,0.7698275861631072,,,,
binary_confounded,Binário: confundido,DML,15,20277921,12000,2000,0.03883333333333333,466,True,,,0.32627744852240087,0.2319371542381872,0.17105399135044505,0.8281648364394218,,,,0.0
binary_confounded,Binário: confundido,S-learner,15,20277921,12000,2000,0.03883333333333333,466,True,,,0.42833911432626126,0.33773335707845886,0.2582513903907441,0.7932683925694404,,,,
binary_confounded,Binário: confundido,Q,16,20277922,12000,2000,0.036833333333333336,442,True,,,0.5649964952051578,0.3274636254304381,0.058937768692990014,0.4030088537979154,,,,
binary_confounded,Binário: confundido,DML,16,20277922,12000,2000,0.036833333333333336,442,True,,,0.3821799166063781,0.24376986860623184,-0.05832592956723878,0.4892631271900917,,,,0.0
binary_confounded,Binário: confundido,S-learner,16,20277922,12000,2000,0.036833333333333336,442,True,,,0.3635887610775482,0.19784319345518225,0.018214820547002745,0.603208015168635,,,,
binary_confounded,Binário: confundido,Q,17,20277923,12000,2000,0.04066666666666666,488,True,,,0.5251690774648459,0.3438640406206695,0.16835930429293425,0.5092998622031055,,,,
binary_confounded,Binário: confundido,DML,17,20277923,12000,2000,0.04066666666666666,488,True,,,0.24551069130152828,0.15180498648899282,0.036943401156626816,0.5946850724087058,,,,0.0
binary_confounded,Binário: confundido,S-learner,17,20277923,12000,2000,0.04066666666666666,488,True,,,0.3050181123811743,0.15550204515966995,0.06407161639045725,0.656232692384459,,,,
binary_confounded,Binário: confundido,Q,18,20277924,12000,2000,0.04008333333333333,481,True,,,0.6538680390455276,0.41751293435810183,0.1258715171903058,-0.19202572822280325,,,,
binary_confounded,Binário: confundido,DML,18,20277924,12000,2000,0.04008333333333333,481,True,,,0.3907404618754107,0.26646980967754236,0.04638650367061303,-0.3242280934816676,,,,0.0
binary_confounded,Binário: confundido,S-learner,18,20277924,12000,2000,0.04008333333333333,481,True,,,0.4120833666390806,0.26339018294102245,0.058174578579399054,-0.2830657159475374,,,,
binary_confounded,Binário: confundido,Q,19,20277925,12000,2000,0.04,480,True,,,0.4374202570951212,0.3107207809870302,0.22281129207180544,0.39652734187618965,,,,
binary_confounded,Binário: confundido,DML,19,20277925,12000,2000,0.04,480,True,,,0.19653621085700082,0.1219498290564368,0.07320414221496273,0.714090878676068,,,,0.0
binary_confounded,Binário: confundido,S-learner,19,20277925,12000,2000,0.04,480,True,,,0.25874999194021053,0.1704937095490958,0.15505877925943928,0.6835705131312736,,,,
binary_confounded,Binário: confundido,Q,20,20277926,12000,2000,0.04,480,True,,,0.5032053917329465,0.26797515483271156,-0.06593530528178725,0.18717819875570058,,,,
binary_confounded,Binário: confundido,DML,20,20277926,12000,2000,0.04,480,True,,,0.3338067456985279,0.16866524170956115,-0.14052405296360296,0.5113172413935032,,,,0.0
binary_confounded,Binário: confundido,S-learner,20,20277926,12000,2000,0.04,480,True,,,0.29896326156002445,0.17445065954389405,-0.06648529179078193,0.4597452156678792,,,,
binary_confounded,Binário: confundido,Q,21,20277927,12000,2000,0.03941666666666667,473,True,,,0.4902042059749569,0.3557583556078267,0.24805942891336968,0.5146028518033362,,,,
binary_confounded,Binário: confundido,DML,21,20277927,12000,2000,0.03941666666666667,473,True,,,0.3029601004815235,0.19070512517550217,0.09272025647976113,0.42048625458421574,,,,0.0
binary_confounded,Binário: confundido,S-learner,21,20277927,12000,2000,0.03941666666666667,473,True,,,0.3102819443145761,0.19572122949346993,0.16340423395727505,0.659485964232032,,,,
binary_confounded,Binário: confundido,Q,22,20277928,12000,2000,0.03741666666666667,449,True,,,0.5040125763486574,0.3391318303931838,0.10143937389859232,0.16976846533902273,,,,
binary_confounded,Binário: confundido,DML,22,20277928,12000,2000,0.03741666666666667,449,True,,,0.2684923330164363,0.14763469019516998,-0.024594786042850623,0.12253815081232837,,,,0.0
binary_confounded,Binário: confundido,S-learner,22,20277928,12000,2000,0.03741666666666667,449,True,,,0.23597534586558505,0.1341021832625828,0.06732726718937752,0.5796564429162859,,,,
binary_confounded,Binário: confundido,Q,23,20277929,12000,2000,0.035083333333333334,421,True,,,0.41734272055255545,0.23142188660043053,0.0262788500819694,0.514967082519333,,,,
binary_confounded,Binário: confundido,DML,23,20277929,12000,2000,0.035083333333333334,421,True,,,0.2844031941580062,0.14637875276332774,-0.0728025437072954,0.47316429672581756,,,,0.0
binary_confounded,Binário: confundido,S-learner,23,20277929,12000,2000,0.035083333333333334,421,True,,,0.2710212655059889,0.14522568569716907,0.019776121256269267,0.639642572575462,,,,
binary_confounded,Binário: confundido,Q,24,20277930,12000,2000,0.04025,483,True,,,0.4760543585153996,0.31426470096869796,0.08858021978753328,0.5070428197910325,,,,
binary_confounded,Binário: confundido,DML,24,20277930,12000,2000,0.04025,483,True,,,0.19013092164131679,0.10366160753376348,-0.056253629728925475,0.7566230950391608,,,,0.0
binary_confounded,Binário: confundido,S-learner,24,20277930,12000,2000,0.04025,483,True,,,0.3139987145103543,0.18038604890488985,0.034625717447744696,0.6515216141992174,,,,
binary_confounded,Binário: confundido,Q,25,20277931,12000,2000,0.03991666666666667,479,True,,,0.4858560894485808,0.2666795937310747,0.0238833425888739,0.23261118591333504,,,,
binary_confounded,Binário: confundido,DML,25,20277931,12000,2000,0.03991666666666667,479,True,,,0.35934810701475567,0.21591033419548522,-0.06562028076520768,-0.21101244054959364,,,,0.0
binary_confounded,Binário: confundido,S-learner,25,20277931,12000,2000,0.03991666666666667,479,True,,,0.25615572834739103,0.15369075484181402,0.008613356321254071,0.3234124214624886,,,,
binary_confounded,Binário: confundido,Q,26,20277932,12000,2000,0.0385,462,True,,,0.4871180126101674,0.2880911209224891,0.03153331297573727,0.6115355149951398,,,,
binary_confounded,Binário: confundido,DML,26,20277932,12000,2000,0.0385,462,True,,,0.3220533140220834,0.1628464942895447,-0.08828844587707962,0.7846595604724063,,,,0.0
binary_confounded,Binário: confundido,S-learner,26,20277932,12000,2000,0.0385,462,True,,,0.3442884415135589,0.1830707201344918,0.03819949169125274,0.7604473254414078,,,,
binary_confounded,Binário: confundido,Q,27,20277933,12000,2000,0.042083333333333334,505,True,,,0.3642467664904259,0.20810650151615612,-0.024428818929250782,0.516576506499298,,,,
binary_confounded,Binário: confundido,DML,27,20277933,12000,2000,0.042083333333333334,505,True,,,0.27901761319837287,0.15392479722036911,-0.12655068897511876,0.4849109688866006,,,,0.0
binary_confounded,Binário: confundido,S-learner,27,20277933,12000,2000,0.042083333333333334,505,True,,,0.25226520446418516,0.11903242836585812,-0.02741885464725842,0.6747180425190465,,,,
binary_confounded,Binário: confundido,Q,28,20277934,12000,2000,0.03866666666666667,464,True,,,0.391020455314997,0.24177801712012864,0.017609246086167343,0.48404819370410945,,,,
binary_confounded,Binário: confundido,DML,28,20277934,12000,2000,0.03866666666666667,464,True,,,0.23389335128244518,0.14152012029893424,-0.05613952752426168,0.7747235566050631,,,,0.0
binary_confounded,Binário: confundido,S-learner,28,20277934,12000,2000,0.03866666666666667,464,True,,,0.25704372847177775,0.13791886637991013,0.027457655656445482,0.7371050886138987,,,,
binary_confounded,Binário: confundido,Q,29,20277935,12000,2000,0.03641666666666667,437,True,,,0.3955652148955133,0.19712105498463314,-0.026722601284885187,0.2324250832013753,,,,
binary_confounded,Binário: confundido,DML,29,20277935,12000,2000,0.03641666666666667,437,True,,,0.24668335956013593,0.15047187262855752,-0.06454328437855063,0.13585339975488503,,,,0.0
binary_confounded,Binário: confundido,S-learner,29,20277935,12000,2000,0.03641666666666667,437,True,,,0.24655422219517528,0.127451402571094,-0.00603578353005058,0.4715083000621372,,,,
three_arm,Discreto: três braços,Q,0,20278906,12000,2000,0.026916666666666665,323,True,,,0.8451190986935065,0.4659680009673315,0.15705514278769983,0.4216071866674766,,,,
three_arm,Discreto: três braços,DML,0,20278906,12000,2000,0.026916666666666665,323,True,,,0.5526386795016162,0.2649511890516451,-0.02992324224069545,0.5705619210340183,,,,0.0
three_arm,Discreto: três braços,S-learner,0,20278906,12000,2000,0.026916666666666665,323,True,,,0.4064476734845025,0.21072435329734032,0.03877876521737498,0.5156149863956622,,,,
three_arm,Discreto: três braços,Q,1,20278907,12000,2000,0.027833333333333335,334,True,,,0.6375141410937828,0.3051812342375453,0.06859162405960016,0.7373133913695973,,,,
three_arm,Discreto: três braços,DML,1,20278907,12000,2000,0.027833333333333335,334,True,,,0.6407292227150037,0.266139349669887,-0.10326833071218536,0.43806132872440606,,,,0.0
three_arm,Discreto: três braços,S-learner,1,20278907,12000,2000,0.027833333333333335,334,True,,,0.3003873942310389,0.1138696180896932,0.017471190429676937,0.8175011935004284,,,,
three_arm,Discreto: três braços,Q,2,20278908,12000,2000,0.031083333333333334,373,True,,,0.7257176550336139,0.37044274283846734,0.028725989290230375,0.4027471660170744,,,,
three_arm,Discreto: três braços,DML,2,20278908,12000,2000,0.031083333333333334,373,True,,"Estimated response clipped to [clip, 1]; ratios may be unstable.",0.7750929589600278,0.8807045489604693,0.5572725673548375,0.46443798214366555,,,,0.0
three_arm,Discreto: três braços,S-learner,2,20278908,12000,2000,0.031083333333333334,373,True,,,0.34291365143078884,0.17669505304787753,-0.03978239491781202,0.6272612833646599,,,,
three_arm,Discreto: três braços,Q,3,20278909,12000,2000,0.028166666666666666,338,True,,,0.6099533911903723,0.34942874333954993,0.08553379036803632,0.47657449062251106,,,,
three_arm,Discreto: três braços,DML,3,20278909,12000,2000,0.028166666666666666,338,True,,"Estimated response clipped to [clip, 1]; ratios may be unstable.",0.5594919786954875,0.2985206751819284,-0.018745232504769765,0.4949122030817979,,,,0.0
three_arm,Discreto: três braços,S-learner,3,20278909,12000,2000,0.028166666666666666,338,True,,,0.36975007030154255,0.1719102849937821,0.004435432435672821,0.5547921836177646,,,,
three_arm,Discreto: três braços,Q,4,20278910,12000,2000,0.02925,351,True,,,0.6012657482262851,0.3254673995368977,0.10176092392811592,0.447773938955324,,,,
three_arm,Discreto: três braços,DML,4,20278910,12000,2000,0.02925,351,True,,,0.5333022116215128,0.30822890588342916,0.1213571619476014,0.5014790414672549,,,,0.0
three_arm,Discreto: três braços,S-learner,4,20278910,12000,2000,0.02925,351,True,,,0.2888704407999783,0.1378246749836171,0.07868645103577929,0.7541103218466162,,,,
three_arm,Discreto: três braços,Q,5,20278911,12000,2000,0.029666666666666668,356,True,,,0.6254542777833623,0.41971208243556885,0.25203889702319365,0.5269114712114166,,,,
three_arm,Discreto: três braços,DML,5,20278911,12000,2000,0.029666666666666668,356,True,,"Estimated response clipped to [clip, 1]; ratios may be unstable.",0.49279986667975234,0.2348480307105048,0.08959607219716195,0.5149122956518531,,,,0.0
three_arm,Discreto: três braços,S-learner,5,20278911,12000,2000,0.029666666666666668,356,True,,,0.33474990360345885,0.1679438312571008,0.14593635644611616,0.7673011375714066,,,,
three_arm,Discreto: três braços,Q,6,20278912,12000,2000,0.02775,333,True,,,0.7037864136787938,0.433273021481633,0.2266266195087724,0.6800882037899341,,,,
three_arm,Discreto: três braços,DML,6,20278912,12000,2000,0.02775,333,True,,,0.414839110739159,0.13609352353825616,-0.015698866685622884,0.7056554092214365,,,,0.0
three_arm,Discreto: três braços,S-learner,6,20278912,12000,2000,0.02775,333,True,,,0.3326629334837305,0.16874527073929851,0.09611788118804518,0.8305719844085717,,,,
three_arm,Discreto: três braços,Q,7,20278913,12000,2000,0.026166666666666668,314,True,,,0.6786764898971188,0.3615452999538454,0.11556447485405195,0.5020323886099921,,,,
three_arm,Discreto: três braços,DML,7,20278913,12000,2000,0.026166666666666668,314,True,,,0.3981935938203323,0.18802172326431452,-0.05976683202347531,0.6382904900692364,,,,0.0
three_arm,Discreto: três braços,S-learner,7,20278913,12000,2000,0.026166666666666668,314,True,,,0.42466128254595825,0.20841805816631662,0.08950031285192152,0.6649851253420523,,,,
three_arm,Discreto: três braços,Q,8,20278914,12000,2000,0.028166666666666666,338,True,,,0.5607481727952534,0.29947472135028397,0.06799216145866475,0.5805641676979124,,,,
three_arm,Discreto: três braços,DML,8,20278914,12000,2000,0.028166666666666666,338,True,,"Estimated response clipped to [clip, 1]; ratios may be unstable.",0.49053325967699335,0.20268580700399388,-0.03814747234388233,0.438058027120315,,,,0.0
three_arm,Discreto: três braços,S-learner,8,20278914,12000,2000,0.028166666666666666,338,True,,,0.32907787914202163,0.15544214163984826,0.0035535881140604493,0.6759368180057854,,,,
three_arm,Discreto: três braços,Q,9,20278915,12000,2000,0.027583333333333335,331,True,,,0.5922304129690813,0.26861207425936684,0.01292271518584135,0.5041594730326108,,,,
three_arm,Discreto: três braços,DML,9,20278915,12000,2000,0.027583333333333335,331,True,,,0.41646418096548743,0.17288058841839754,-0.10444352532298438,0.5077181113306578,,,,0.0
three_arm,Discreto: três braços,S-learner,9,20278915,12000,2000,0.027583333333333335,331,True,,,0.3128214251412912,0.13669581679760084,0.0055621664744106274,0.7341105523104687,,,,
three_arm,Discreto: três braços,Q,10,20278916,12000,2000,0.028,336,True,,,0.8117804788967135,0.32641885885896815,0.00015268825617549453,0.14697706302397903,,,,
three_arm,Discreto: três braços,DML,10,20278916,12000,2000,0.028,336,True,,,0.6344833577330957,0.29795425554746224,-0.016293979474423195,0.18575153120908947,,,,0.0
three_arm,Discreto: três braços,S-learner,10,20278916,12000,2000,0.028,336,True,,,0.4218750975275939,0.16687755311919927,-0.019033738578130965,0.4218393569225697,,,,
three_arm,Discreto: três braços,Q,11,20278917,12000,2000,0.030166666666666668,362,True,,,0.7376384913020463,0.3731664547897515,0.08641697777159311,0.42563672537790537,,,,
three_arm,Discreto: três braços,DML,11,20278917,12000,2000,0.030166666666666668,362,True,,,0.4984249645569105,0.24968333373344653,0.09176435681864517,0.43813996059314964,,,,0.0
three_arm,Discreto: três braços,S-learner,11,20278917,12000,2000,0.030166666666666668,362,True,,,0.4125580928123708,0.1812715605323836,0.012258554396823385,0.515437070579304,,,,
three_arm,Discreto: três braços,Q,12,20278918,12000,2000,0.030166666666666668,362,True,,,0.6271438605615525,0.3323540185830267,0.06451105612531782,0.6390893291675338,,,,
three_arm,Discreto: três braços,DML,12,20278918,12000,2000,0.030166666666666668,362,True,,,0.4552534204051509,0.2067668582699041,-0.08584152945247407,0.3590545231151729,,,,0.0
three_arm,Discreto: três braços,S-learner,12,20278918,12000,2000,0.030166666666666668,362,True,,,0.29011714105114716,0.13793385987582504,0.007343711936606585,0.7751538561619088,,,,
three_arm,Discreto: três braços,Q,13,20278919,12000,2000,0.026083333333333333,313,True,,,0.7172476953901022,0.5638951487205389,0.3984676811894669,0.5422574162977123,,,,
three_arm,Discreto: três braços,DML,13,20278919,12000,2000,0.026083333333333333,313,True,,,0.38107699363557046,0.18069051700528177,0.10547661188945848,0.638522359687099,,,,0.0
three_arm,Discreto: três braços,S-learner,13,20278919,12000,2000,0.026083333333333333,313,True,,,0.37764815441264254,0.21939925867574397,0.1656203690212033,0.7284660469764239,,,,
three_arm,Discreto: três braços,Q,14,20278920,12000,2000,0.028,336,True,,,0.8812181007349318,0.7002490541623256,0.5005606658429357,0.3832222975491824,,,,
three_arm,Discreto: três braços,DML,14,20278920,12000,2000,0.028,336,True,,,0.5377690810643427,0.21814978793989817,0.09310926870155237,0.5116277375081482,,,,0.0
three_arm,Discreto: três braços,S-learner,14,20278920,12000,2000,0.028,336,True,,,0.402403302267684,0.22009040411740863,0.15244168607481695,0.5525186623838635,,,,
three_arm,Discreto: três braços,Q,15,20278921,12000,2000,0.02475,297,True,,,0.5696155761138846,0.3185286291608622,0.13112262269117667,0.51567883325569,,,,
three_arm,Discreto: três braços,DML,15,20278921,12000,2000,0.02475,297,True,,,0.42708867851323684,0.21317671009041014,0.025246938889464873,0.284244881183133,,,,0.0
three_arm,Discreto: três braços,S-learner,15,20278921,12000,2000,0.02475,297,True,,,0.3582094392697845,0.17131148088049308,0.10936866740646412,0.6349620380252878,,,,
three_arm,Discreto: três braços,Q,16,20278922,12000,2000,0.029666666666666668,356,True,,,0.7242260316790217,0.39315147949460866,0.12729359702061654,0.40812997187851835,,,,
three_arm,Discreto: três braços,DML,16,20278922,12000,2000,0.029666666666666668,356,True,,,0.4376992207425598,0.197186324659045,-0.023288647298879767,0.7059557450337252,,,,0.0
three_arm,Discreto: três braços,S-learner,16,20278922,12000,2000,0.029666666666666668,356,True,,,0.34437950571107023,0.15693298003196116,0.06911596947446637,0.7899818396177528,,,,
three_arm,Discreto: três braços,Q,17,20278923,12000,2000,0.02666666666666667,320,True,,,0.5977584958528502,0.3183626122249269,0.1076289534614139,0.42942372246167093,,,,
three_arm,Discreto: três braços,DML,17,20278923,12000,2000,0.02666666666666667,320,True,,,0.6344836577671725,0.30486275199501006,0.07532373007547775,0.2298921276092403,,,,0.0
three_arm,Discreto: três braços,S-learner,17,20278923,12000,2000,0.02666666666666667,320,True,,,0.3639033691957064,0.1804891954017238,0.1264063357967277,0.7007027568659998,,,,
three_arm,Discreto: três braços,Q,18,20278924,12000,2000,0.028833333333333332,346,True,,,0.731545457450453,0.46729130277247,0.24700599253980068,0.7156624322190086,,,,
three_arm,Discreto: três braços,DML,18,20278924,12000,2000,0.028833333333333332,346,True,,,0.35995748628550145,0.15760067933148958,-0.023972603373838938,0.7747908017689994,,,,0.0
three_arm,Discreto: três braços,S-learner,18,20278924,12000,2000,0.028833333333333332,346,True,,,0.36491890623033635,0.1732556621340183,0.07537171573928883,0.7884048023408159,,,,
three_arm,Discreto: três braços,Q,19,20278925,12000,2000,0.02825,339,True,,,0.6917155388464946,0.37736546834766044,0.09448323078791009,0.40914549327662464,,,,
three_arm,Discreto: três braços,DML,19,20278925,12000,2000,0.02825,339,True,,"Estimated response clipped to [clip, 1]; ratios may be unstable.",0.7502795793802236,0.7741031057017401,0.4605371864667875,0.11475119606530128,,,,0.0
three_arm,Discreto: três braços,S-learner,19,20278925,12000,2000,0.02825,339,True,,,0.37113346473344794,0.17794936359456331,0.02772192081707636,0.5418169833965065,,,,
three_arm,Discreto: três braços,Q,20,20278926,12000,2000,0.030166666666666668,362,True,,,0.5999151136503552,0.322776945899667,0.08481519267754267,0.6442819700926075,,,,
three_arm,Discreto: três braços,DML,20,20278926,12000,2000,0.030166666666666668,362,True,,,0.5007483885446283,0.1898349598112378,-0.05910443361118907,0.42634437588885804,,,,0.0
three_arm,Discreto: três braços,S-learner,20,20278926,12000,2000,0.030166666666666668,362,True,,,0.3343782134492679,0.16320669305520175,-0.000759705994969126,0.7551494736716587,,,,
three_arm,Discreto: três braços,Q,21,20278927,12000,2000,0.028333333333333332,340,True,,,0.6726153192279632,0.3622956407388949,0.1210381090838562,0.23040501999910004,,,,
three_arm,Discreto: três braços,DML,21,20278927,12000,2000,0.028333333333333332,340,True,,,0.6832304939109857,0.36699141903035437,0.15144469218334006,-0.08562772776130614,,,,0.0
three_arm,Discreto: três braços,S-learner,21,20278927,12000,2000,0.028333333333333332,340,True,,,0.25541445066137364,0.13593767328864084,0.09382075093173697,0.8205400576795003,,,,
three_arm,Discreto: três braços,Q,22,20278928,12000,2000,0.028666666666666667,344,True,,,0.8215833366763626,0.5072518271598777,0.2416231969508122,0.41909314462013764,,,,
three_arm,Discreto: três braços,DML,22,20278928,12000,2000,0.028666666666666667,344,True,,,0.43679293667341956,0.22767365527887395,0.061746237581294425,0.5371886284584727,,,,0.0
three_arm,Discreto: três braços,S-learner,22,20278928,12000,2000,0.028666666666666667,344,True,,,0.361390408598915,0.1709919822107148,0.07739585149912852,0.6096325564480986,,,,
three_arm,Discreto: três braços,Q,23,20278929,12000,2000,0.029916666666666668,359,True,,,0.6693393401623409,0.36518027977338047,0.10748647679424937,0.720650494806251,,,,
three_arm,Discreto: três braços,DML,23,20278929,12000,2000,0.029916666666666668,359,True,,,0.4071843824519308,0.1588252877393883,-0.06134271170590636,0.6542019624523606,,,,0.0
three_arm,Discreto: três braços,S-learner,23,20278929,12000,2000,0.029916666666666668,359,True,,,0.3523121537018549,0.16783218688335796,0.03497974110154774,0.8195638607493888,,,,
three_arm,Discreto: três braços,Q,24,20278930,12000,2000,0.028,336,True,,,0.6660560841682596,0.4211404057930138,0.24005151536085786,0.46180542763898785,,,,
three_arm,Discreto: três braços,DML,24,20278930,12000,2000,0.028,336,True,,"Estimated response clipped to [clip, 1]; ratios may be unstable.",0.8848600831400616,0.5561343928133692,0.3245516675173681,0.0013436768746525375,,,,0.0
three_arm,Discreto: três braços,S-learner,24,20278930,12000,2000,0.028,336,True,,,0.41223265622642735,0.21883390652369866,0.16116971083267823,0.6240748004959767,,,,
three_arm,Discreto: três braços,Q,25,20278931,12000,2000,0.029416666666666667,353,True,,,0.8164115494570169,0.5323707469907056,0.23834732211897688,0.2552167717976734,,,,
three_arm,Discreto: três braços,DML,25,20278931,12000,2000,0.029416666666666667,353,True,,,0.6258005168069947,0.3731853006495826,0.19349576497129461,0.2800356029299799,,,,0.0
three_arm,Discreto: três braços,S-learner,25,20278931,12000,2000,0.029416666666666667,353,True,,,0.32088309504308893,0.15211606434860048,0.048084917484986306,0.6948593143578922,,,,
three_arm,Discreto: três braços,Q,26,20278932,12000,2000,0.030833333333333334,370,True,,,0.6765817855765824,0.40398540671504124,0.1514451277587094,0.6457205280528568,,,,
three_arm,Discreto: três braços,DML,26,20278932,12000,2000,0.030833333333333334,370,True,,,0.45676439413148884,0.21078387865066386,-0.050729685979541764,0.5123841729710958,,,,0.0
three_arm,Discreto: três braços,S-learner,26,20278932,12000,2000,0.030833333333333334,370,True,,,0.30758923577997443,0.15160611211486966,0.06863878573467871,0.812045285314473,,,,
three_arm,Discreto: três braços,Q,27,20278933,12000,2000,0.026833333333333334,322,True,,,0.7786772714078068,0.6368913725316507,0.4719472180850012,0.5387139152956293,,,,
three_arm,Discreto: três braços,DML,27,20278933,12000,2000,0.026833333333333334,322,True,,,0.4860602528238687,0.2158041068114568,0.11457743628820556,0.44779165764809364,,,,0.0
three_arm,Discreto: três braços,S-learner,27,20278933,12000,2000,0.026833333333333334,322,True,,,0.37554886077670424,0.21131874451877689,0.16479779296962274,0.6754233697271509,,,,
three_arm,Discreto: três braços,Q,28,20278934,12000,2000,0.025916666666666668,311,True,,,0.6065291558316549,0.3272576863991594,0.10010193707858064,0.06584293780736034,,,,
three_arm,Discreto: três braços,DML,28,20278934,12000,2000,0.025916666666666668,311,True,,"Estimated response clipped to [clip, 1]; ratios may be unstable.",0.8932243092991053,1.1607231614082303,0.9088460582031831,-0.3622672556857302,,,,0.0
three_arm,Discreto: três braços,S-learner,28,20278934,12000,2000,0.025916666666666668,311,True,,,0.409366496983147,0.19518961653715455,0.03461742065902867,0.02058276321033392,,,,
three_arm,Discreto: três braços,Q,29,20278935,12000,2000,0.029416666666666667,353,True,,,0.9860464716583414,0.4144161337376373,-0.04903173920976464,0.34997523160072164,,,,
three_arm,Discreto: três braços,DML,29,20278935,12000,2000,0.029416666666666667,353,True,,,0.5815017295414079,0.25847428903582,-0.1524240308300973,0.5017555035056761,,,,0.0
three_arm,Discreto: três braços,S-learner,29,20278935,12000,2000,0.029416666666666667,353,True,,,0.45226292928832074,0.20056367924562196,-0.11218814295736222,0.6278892616045044,,,,
binary_rare,Binário: conversão rara,Q,0,20279906,12000,2000,0.006333333333333333,76,True,,,0.8624722439450146,0.9769500838301817,0.8195599310298005,0.8337566712009052,,,,
binary_rare,Binário: conversão rara,DML,0,20279906,12000,2000,0.006333333333333333,76,True,,,0.5289082181340654,0.29729340661632037,0.015060049470816654,0.48997757864228836,,,,0.0
binary_rare,Binário: conversão rara,S-learner,0,20279906,12000,2000,0.006333333333333333,76,True,,S-learner response clipped.,0.39506156062965025,0.18635764425846832,0.05251481352688783,0.5641038635939626,,,,
binary_rare,Binário: conversão rara,Q,1,20279907,12000,2000,0.007166666666666667,86,True,,,0.8345939034702289,0.8235706015644914,0.5885729379153006,0.8348608648607064,,,,
binary_rare,Binário: conversão rara,DML,1,20279907,12000,2000,0.007166666666666667,86,True,,,0.6628920031437393,0.3498106928968673,-0.0006299985278323143,0.3428655711295692,,,,0.0
binary_rare,Binário: conversão rara,S-learner,1,20279907,12000,2000,0.007166666666666667,86,True,,,0.6147346482870876,0.5090809182148709,0.267919772225068,0.41668195213329534,,,,
binary_rare,Binário: conversão rara,Q,2,20279908,12000,2000,0.007333333333333333,88,True,,,0.8096441575399115,0.5059330982637721,0.18332967905275258,0.8305759591344027,,,,
binary_rare,Binário: conversão rara,DML,2,20279908,12000,2000,0.007333333333333333,88,True,,,0.9997626584415938,0.4753679859352449,-0.21063881951695937,0.4483518734893714,,,,0.0
binary_rare,Binário: conversão rara,S-learner,2,20279908,12000,2000,0.007333333333333333,88,True,,S-learner response clipped.,0.9569026540476651,0.5154929653656172,-0.04538580362358469,0.537803653401583,,,,
binary_rare,Binário: conversão rara,Q,3,20279909,12000,2000,0.007666666666666666,92,True,,,0.8378268967767967,0.8956102288735619,0.6997989255995405,0.8341144092874578,,,,
binary_rare,Binário: conversão rara,DML,3,20279909,12000,2000,0.007666666666666666,92,True,,,0.579040963961145,0.32320998257345224,-0.13585610484920063,0.08047398796973747,,,,0.0
binary_rare,Binário: conversão rara,S-learner,3,20279909,12000,2000,0.007666666666666666,92,True,,S-learner response clipped.,0.4752022033359746,0.2590085299961204,0.060659222074285285,0.4119619239863796,,,,
binary_rare,Binário: conversão rara,Q,4,20279910,12000,2000,0.006416666666666667,77,True,,,0.9145456844121334,1.0424886117807348,0.8752140907910654,0.8336700829434097,,,,
binary_rare,Binário: conversão rara,DML,4,20279910,12000,2000,0.006416666666666667,77,True,,,0.8758961343775475,0.4562802020113607,-0.09607532531030602,-0.691689691948882,,,,0.0
binary_rare,Binário: conversão rara,S-learner,4,20279910,12000,2000,0.006416666666666667,77,True,,S-learner response clipped.,0.5623193078674892,0.3105270635867188,-0.010352472693213446,-0.36606667719176533,,,,
binary_rare,Binário: conversão rara,Q,5,20279911,12000,2000,0.006666666666666667,80,True,,,0.8344267239255231,0.904178123029378,0.7226063028152566,0.8341491022304477,,,,
binary_rare,Binário: conversão rara,DML,5,20279911,12000,2000,0.006666666666666667,80,True,,,0.5603817237281243,0.3550175329892845,0.16248113895108815,0.6379854552202809,,,,0.0
binary_rare,Binário: conversão rara,S-learner,5,20279911,12000,2000,0.006666666666666667,80,True,,S-learner response clipped.,0.4895729893043953,0.35623606615456116,0.21430008527959085,0.7105468060483893,,,,
binary_rare,Binário: conversão rara,Q,6,20279912,12000,2000,0.00775,93,True,,,0.9178325815769399,1.1298301831192605,1.0164275021759912,0.832909675935351,,,,
binary_rare,Binário: conversão rara,DML,6,20279912,12000,2000,0.00775,93,True,,"Estimated response clipped to [clip, 1]; ratios may be unstable.",0.4888153508773296,0.3086059247916523,0.03757647247605709,-0.40132955637820844,,,,0.0
binary_rare,Binário: conversão rara,S-learner,6,20279912,12000,2000,0.00775,93,True,,,0.31254708212898746,0.1992736202546791,0.1349691912586112,0.3318643512824646,,,,
binary_rare,Binário: conversão rara,Q,7,20279913,12000,2000,0.007583333333333333,91,True,,,0.7748023060298367,0.6548572427645756,0.40175254949413386,0.8288097398533063,,,,
binary_rare,Binário: conversão rara,DML,7,20279913,12000,2000,0.007583333333333333,91,True,,"Estimated response clipped to [clip, 1]; ratios may be unstable.",0.5582958031648422,0.2880816727787226,-0.04902556766691516,0.5084065526270841,,,,0.0
binary_rare,Binário: conversão rara,S-learner,7,20279913,12000,2000,0.007583333333333333,91,True,,S-learner response clipped.,0.43506603854839615,0.20728058434552854,0.04656485078267071,0.7928664359344004,,,,
binary_rare,Binário: conversão rara,Q,8,20279914,12000,2000,0.008333333333333333,100,True,,,0.9557022359276,1.243238894543927,1.1293961288794723,0.8323837446811422,,,,
binary_rare,Binário: conversão rara,DML,8,20279914,12000,2000,0.008333333333333333,100,True,,,0.46459565153073545,0.23393912154150548,0.10109932647497044,0.5320090555408946,,,,0.0
binary_rare,Binário: conversão rara,S-learner,8,20279914,12000,2000,0.008333333333333333,100,True,,,0.29334935170076853,0.16465946211496282,0.11841455567962635,0.7676479562961831,,,,
binary_rare,Binário: conversão rara,Q,9,20279915,12000,2000,0.007083333333333333,85,True,,,1.2225700173075986,2.0706440045259122,2.036058292242423,0.8337864144673054,,,,
binary_rare,Binário: conversão rara,DML,9,20279915,12000,2000,0.007083333333333333,85,True,,,0.7213767183670141,0.7507403968952517,0.7122186534483028,0.5182948740001314,,,,0.0
binary_rare,Binário: conversão rara,S-learner,9,20279915,12000,2000,0.007083333333333333,85,True,,,0.7789331444032402,0.8447364111562627,0.8025984011807731,0.727771725994907,,,,
binary_rare,Binário: conversão rara,Q,10,20279916,12000,2000,0.0055,66,True,,,1.0773487774989041,1.5578955129447887,1.4605023842026812,0.8349333305296065,,,,
binary_rare,Binário: conversão rara,DML,10,20279916,12000,2000,0.0055,66,True,,,0.5966648993093898,0.43187209205586713,0.36107440644115896,0.07618712296556351,,,,0.0
binary_rare,Binário: conversão rara,S-learner,10,20279916,12000,2000,0.0055,66,True,,S-learner response clipped.,0.4185147538925909,0.2700522823478435,0.23419620163064492,0.3364301185623847,,,,
binary_rare,Binário: conversão rara,Q,11,20279917,12000,2000,0.0075,90,True,,,0.8582436980031076,0.9677644619123099,0.8091400762516824,0.8338919355903586,,,,
binary_rare,Binário: conversão rara,DML,11,20279917,12000,2000,0.0075,90,True,,,0.5062586227565372,0.22886900531808665,0.006626801377151763,0.6809295852277857,,,,0.0
binary_rare,Binário: conversão rara,S-learner,11,20279917,12000,2000,0.0075,90,True,,S-learner response clipped.,0.40790737124288534,0.2007566658214007,0.07743623150136446,0.6655244021868216,,,,
binary_rare,Binário: conversão rara,Q,12,20279918,12000,2000,0.009666666666666667,116,True,,,0.8872112122935181,1.0353385408053892,0.8978716269393098,0.8238027442990238,,,,
binary_rare,Binário: conversão rara,DML,12,20279918,12000,2000,0.009666666666666667,116,True,,,0.5453759457724641,0.2786544558452973,0.004337513339145348,-0.45080129675222896,,,,0.0
binary_rare,Binário: conversão rara,S-learner,12,20279918,12000,2000,0.009666666666666667,116,True,,,0.4651672152417303,0.2492663552132028,0.03769981639404374,-0.12543524648564888,,,,
binary_rare,Binário: conversão rara,Q,13,20279919,12000,2000,0.006083333333333333,73,True,,,0.8813050352796896,1.0008109943614454,0.8356399667604587,0.8348282454033636,,,,
binary_rare,Binário: conversão rara,DML,13,20279919,12000,2000,0.006083333333333333,73,True,,,0.71532505215555,0.5819979828014085,0.3705567337249116,0.5235770206632702,,,,0.0
binary_rare,Binário: conversão rara,S-learner,13,20279919,12000,2000,0.006083333333333333,73,True,,S-learner response clipped.,0.6311600757867913,0.47404380121859585,0.342723716019221,0.4208162779191623,,,,
binary_rare,Binário: conversão rara,Q,14,20279920,12000,2000,0.0069166666666666664,83,True,,,0.9489441769324334,1.2230204184524205,1.1032824437972053,0.8302037296356355,,,,
binary_rare,Binário: conversão rara,DML,14,20279920,12000,2000,0.0069166666666666664,83,True,,"Estimated response clipped to [clip, 1]; ratios may be unstable.",0.6128625659520873,0.6495897071811598,0.4664863730447019,0.32088646080582384,,,,0.0
binary_rare,Binário: conversão rara,S-learner,14,20279920,12000,2000,0.0069166666666666664,83,True,,S-learner response clipped.,0.3618677951223003,0.2265077113671054,0.1683879497465097,0.3925192358009736,,,,
binary_rare,Binário: conversão rara,Q,15,20279921,12000,2000,0.006833333333333334,82,True,,,0.9233799479969192,1.1199209252923525,0.9649879177097773,0.8214883160699264,,,,
binary_rare,Binário: conversão rara,DML,15,20279921,12000,2000,0.006833333333333334,82,True,,,0.9452839280219633,0.5126285746573742,-0.12213838696426431,-0.7000547874167962,,,,0.0
binary_rare,Binário: conversão rara,S-learner,15,20279921,12000,2000,0.006833333333333334,82,True,,S-learner response clipped.,0.7504289532417041,0.4030052520324629,-0.05030211155260409,-0.5053904841593699,,,,
binary_rare,Binário: conversão rara,Q,16,20279922,12000,2000,0.00775,93,True,,,0.7847352578562032,0.747762997474412,0.5295451779420378,0.8301875660454572,,,,
binary_rare,Binário: conversão rara,DML,16,20279922,12000,2000,0.00775,93,True,,,0.49572895172569587,0.31134238289253063,-0.05766767749691942,0.036480499628679955,,,,0.0
binary_rare,Binário: conversão rara,S-learner,16,20279922,12000,2000,0.00775,93,True,,,0.382595395063443,0.22777593036835725,-0.03646573461396235,0.10196380704325611,,,,
binary_rare,Binário: conversão rara,Q,17,20279923,12000,2000,0.00675,81,True,,,0.7939904026533607,0.7173902369878161,0.47102538012758965,0.8269178124442476,,,,
binary_rare,Binário: conversão rara,DML,17,20279923,12000,2000,0.00675,81,True,,"Estimated response clipped to [clip, 1]; ratios may be unstable.",0.8502766871095221,0.3222778387582666,-0.18110907005187898,0.03705819374296247,,,,0.0
binary_rare,Binário: conversão rara,S-learner,17,20279923,12000,2000,0.00675,81,True,,S-learner response clipped.,0.40177680217237105,0.1842750783400221,0.0013642581711517862,0.7007791916753633,,,,
binary_rare,Binário: conversão rara,Q,18,20279924,12000,2000,0.006833333333333334,82,True,,,0.8203575406213853,0.8519727762823306,0.6585722240397122,0.8363311311393826,,,,
binary_rare,Binário: conversão rara,DML,18,20279924,12000,2000,0.006833333333333334,82,True,,"Estimated response clipped to [clip, 1]; ratios may be unstable.",0.6984052443335159,0.4238185196343282,0.0023302526177439173,0.2677341500864303,,,,0.0
binary_rare,Binário: conversão rara,S-learner,18,20279924,12000,2000,0.006833333333333334,82,True,,S-learner response clipped.,0.5672695245370223,0.2760024186472681,0.03553043997688694,0.3699568515937794,,,,
binary_rare,Binário: conversão rara,Q,19,20279925,12000,2000,0.00725,87,True,,,0.8272424276431836,0.8431315099683638,0.6520492481346,0.8279230524220155,,,,
binary_rare,Binário: conversão rara,DML,19,20279925,12000,2000,0.00725,87,True,,"Estimated response clipped to [clip, 1]; ratios may be unstable.",0.8628461457450306,0.4695288157606568,-0.24773859217122488,-0.4783673209115047,,,,0.0
binary_rare,Binário: conversão rara,S-learner,19,20279925,12000,2000,0.00725,87,True,,S-learner response clipped.,0.5571866587863976,0.2549911223110194,-0.08144935246182053,0.5676789595654178,,,,
binary_rare,Binário: conversão rara,Q,20,20279926,12000,2000,0.007416666666666667,89,True,,,1.0133467997537233,1.4175031767182071,1.3480127577453913,0.8349815645925969,,,,
binary_rare,Binário: conversão rara,DML,20,20279926,12000,2000,0.007416666666666667,89,True,,,0.5990774574271319,0.5643547525454089,0.5265409793509773,0.7417337548329547,,,,0.0
binary_rare,Binário: conversão rara,S-learner,20,20279926,12000,2000,0.007416666666666667,89,True,,,0.6706830751865724,0.6676703368692731,0.6218603352362565,0.5777923385908454,,,,
binary_rare,Binário: conversão rara,Q,21,20279927,12000,2000,0.0065,78,True,,,0.8622100342260814,0.9956538375522354,0.8428679241190179,0.8310312837654694,,,,
binary_rare,Binário: conversão rara,DML,21,20279927,12000,2000,0.0065,78,True,,,0.5152223327900769,0.3545607586861431,0.1858672015416165,0.7622487638493761,,,,0.0
binary_rare,Binário: conversão rara,S-learner,21,20279927,12000,2000,0.0065,78,True,,S-learner response clipped.,0.3356283341092721,0.22673593463252484,0.14635810770523677,0.8122777786213263,,,,
binary_rare,Binário: conversão rara,Q,22,20279928,12000,2000,0.0075,90,True,,,0.7995674637575136,0.7680915465824989,0.5573735917971757,0.8349548420609484,,,,
binary_rare,Binário: conversão rara,DML,22,20279928,12000,2000,0.0075,90,True,,,0.6371705657502506,0.3678513073666718,-0.11034829457712436,0.013854144261029024,,,,0.0
binary_rare,Binário: conversão rara,S-learner,22,20279928,12000,2000,0.0075,90,True,,,0.41654426367220726,0.19617031021830758,-0.020758068740701248,0.5684131045151658,,,,
binary_rare,Binário: conversão rara,Q,23,20279929,12000,2000,0.008416666666666666,101,True,,,0.932174090759036,1.2030268659753285,1.1087253393328178,0.831246707945267,,,,
binary_rare,Binário: conversão rara,DML,23,20279929,12000,2000,0.008416666666666666,101,True,,,0.5645059975590578,0.37574189827439297,0.10322763378230887,-0.023581200140411936,,,,0.0
binary_rare,Binário: conversão rara,S-learner,23,20279929,12000,2000,0.008416666666666666,101,True,,S-learner response clipped.,0.42275857973457237,0.23744799595199856,0.1452472024999386,0.3542415745989526,,,,
binary_rare,Binário: conversão rara,Q,24,20279930,12000,2000,0.0069166666666666664,83,True,,,1.1223788773522638,1.7276832979041254,1.6781955795843015,0.831717902040228,,,,
binary_rare,Binário: conversão rara,DML,24,20279930,12000,2000,0.0069166666666666664,83,True,,,0.6015772344035355,0.5226364386445357,0.2821218762695456,-0.5049598929451622,,,,0.0
binary_rare,Binário: conversão rara,S-learner,24,20279930,12000,2000,0.0069166666666666664,83,True,,S-learner response clipped.,0.5985745802610369,0.5103301065014024,0.42332057357092473,-0.110681839859088,,,,
binary_rare,Binário: conversão rara,Q,25,20279931,12000,2000,0.007833333333333333,94,True,,,0.9484031756761597,1.2384376790625629,1.1499861425980875,0.8337202904689244,,,,
binary_rare,Binário: conversão rara,DML,25,20279931,12000,2000,0.007833333333333333,94,True,,"Estimated response clipped to [clip, 1]; ratios may be unstable.",0.8521924622589637,0.6488318114367772,0.261232461925493,-0.4102179372167669,,,,0.0
binary_rare,Binário: conversão rara,S-learner,25,20279931,12000,2000,0.007833333333333333,94,True,,S-learner response clipped.,0.6006324304401305,0.3787951340021008,0.1694543961138649,-0.2766539018538312,,,,
binary_rare,Binário: conversão rara,Q,26,20279932,12000,2000,0.008833333333333334,106,True,,,0.8051721625275915,0.6451137676219765,0.3694965834801878,0.8302295271595704,,,,
binary_rare,Binário: conversão rara,DML,26,20279932,12000,2000,0.008833333333333334,106,True,,,0.658678061373002,0.36818819070559894,-0.14425906303068078,-0.404141114238839,,,,0.0
binary_rare,Binário: conversão rara,S-learner,26,20279932,12000,2000,0.008833333333333334,106,True,,S-learner response clipped.,0.5455584407947983,0.2734654154275638,-0.15776618658745997,-0.028813395306322,,,,
binary_rare,Binário: conversão rara,Q,27,20279933,12000,2000,0.006583333333333333,79,True,,,0.8399121574627326,0.8089426208614285,0.5862490262935248,0.8405214272070815,,,,
binary_rare,Binário: conversão rara,DML,27,20279933,12000,2000,0.006583333333333333,79,True,,,0.538628676314477,0.30245885258928734,-0.05961304350037601,0.1947501226436156,,,,0.0
binary_rare,Binário: conversão rara,S-learner,27,20279933,12000,2000,0.006583333333333333,79,True,,,0.5209269741333641,0.3000699146073942,0.14903401897369714,0.3750556128459803,,,,
binary_rare,Binário: conversão rara,Q,28,20279934,12000,2000,0.006,72,True,,,0.8076798350880727,0.6545504091846944,0.3778799452055973,0.8287481786119019,,,,
binary_rare,Binário: conversão rara,DML,28,20279934,12000,2000,0.006,72,True,,"Estimated response clipped to [clip, 1]; ratios may be unstable.",0.9257422886427241,0.4490216806865897,-0.2111642416712982,-0.6154454111617849,,,,0.0
binary_rare,Binário: conversão rara,S-learner,28,20279934,12000,2000,0.006,72,True,,S-learner response clipped.,0.5394930594738644,0.27767559979255124,-0.09669727970126502,0.12090639722308663,,,,
binary_rare,Binário: conversão rara,Q,29,20279935,12000,2000,0.007166666666666667,86,True,,,0.9723963851952294,1.2963787900715957,1.194689557421072,0.8303897175751718,,,,
binary_rare,Binário: conversão rara,DML,29,20279935,12000,2000,0.007166666666666667,86,True,,,0.4367810110456172,0.3170200465320966,0.2501416976776538,0.26764762528835667,,,,0.0
binary_rare,Binário: conversão rara,S-learner,29,20279935,12000,2000,0.007166666666666667,86,True,,S-learner response clipped.,0.5232456984028089,0.384175107702609,0.36966305052490395,0.07615345327768579,,,,
