scenario,label,curvature,confounding,method,rep,seed,test_seed,n,test_n,converters,conversion,success,fit_success,error,warnings,convergence_warning,estimate_json,coefficients_json,log_ratio_rmse,lift_mae,lift_bias,rank_spearman,theta0,theta1,kappa,se0,se1,se_kappa,moment_norm,jac_condition,jac_min_singular,fit_seconds,invalid_train_fraction,poisson_iterations,poisson_gradient_max,invalid_grid_fraction,s_clipped_grid_fraction
linear_standard,"Log-linear, alocação padrão",0.0,1.0,DML-linear,0,1293899219,1768251325,12000,2000,546,0.0455,True,True,,,False,"{""theta"": [-0.12884070269642312, -0.3946610418594568], ""se"": [0.09210717836931488, 0.09210717836931488], ""moment_norm"": 1.6236721891234425e-18, ""jac_condition"": 2.957925296092598, ""cov"": [[0.008483732307156787, -0.004183826025015999], [-0.004183826025015999, 0.008483732307156787]], ""jac_singular_values"": [0.01958658471121574, 0.0066217306897809435]}",,0.1917126868110334,0.14067546837850653,0.0023744205582712395,0.9491250079929275,-0.12884070269642312,-0.3946610418594568,,0.09210717836931488,0.09210717836931488,,1.6236721891234425e-18,2.957925296092598,0.0066217306897809435,0.46645000000000003,,,,,
linear_standard,"Log-linear, alocação padrão",0.0,1.0,DML-quadratic,0,1293899219,1768251325,12000,2000,546,0.0455,True,True,,,False,"{""theta"": [-0.12153194459548047, -0.3369565599779749, -0.2801408189169648], ""se"": [0.09114804683264105, 0.0916173961753523, 0.15160099217983597], ""moment_norm"": 5.4392580469416455e-18, ""jac_condition"": 5.81819783239967, ""cov"": [[0.008307966441405327, -0.004240649021072858, 0.00022687787802054993], [-0.004240649021072858, 0.008393747281951459, -0.002379797114658254], [0.00022687787802054993, -0.002379797114658254, 0.022982860829910683]], ""jac_singular_values"": [0.023592566652559165, 0.008081130208006864, 0.004054961232356136]}",,0.21664672164405424,0.16852145211045091,-0.11382338313638364,0.9491250079929275,-0.12153194459548047,-0.3369565599779749,-0.2801408189169648,0.09114804683264105,0.0916173961753523,0.15160099217983597,5.4392580469416455e-18,5.81819783239967,0.004054961232356136,0.6735375000000001,,,,,
linear_standard,"Log-linear, alocação padrão",0.0,1.0,Log-mean-linear,0,1293899219,1768251325,12000,2000,546,0.0455,True,True,,,False,,"[-3.176287785924334, 0.5770626770421087, 0.3894564918625813, -0.12315072571120286, -0.36073040027335984]",0.1806624705101215,0.14344123303483453,-0.002982812462202702,0.8353467380787749,-0.12315072571120286,-0.36073040027335984,,,,,,,,0.002874999999999961,0.0,12.0,6.420796752777218e-10,0.0,
linear_standard,"Log-linear, alocação padrão",0.0,1.0,Log-mean-quadratic,0,1293899219,1768251325,12000,2000,546,0.0455,True,True,,,False,,"[-3.111264106101468, 0.5787178784546255, 0.3877219576818212, -0.1272839457454991, -0.3292333195729244, -0.20616507178964116]",0.19268856040303248,0.1548009634806488,-0.08769347957429124,0.8432952948672394,-0.1272839457454991,-0.3292333195729244,-0.20616507178964116,,,,,,,0.0037283000000001287,0.0,16.0,2.1276124985078472e-10,0.0,
linear_standard,"Log-linear, alocação padrão",0.0,1.0,S-learner,0,1293899219,1768251325,12000,2000,546,0.0455,True,True,,,False,,,0.4340051337343237,0.2785258458784963,-0.2223583918074209,-0.19076623106593482,,,,,,,,,,0.08022689999999999,,,,0.0,0.0
linear_standard,"Log-linear, alocação padrão",0.0,1.0,DML-linear,1,2683514679,3749163115,12000,2000,537,0.04475,True,True,,,False,"{""theta"": [-0.31893462655735333, -0.250932565207128], ""se"": [0.09177533434658068, 0.09177533434658068], ""moment_norm"": 1.0605696365221068e-18, ""jac_condition"": 3.5012193450411, ""cov"": [[0.00842271199442667, -0.004684469040153589], [-0.004684469040153589, 0.00842271199442667]], ""jac_singular_values"": [0.02205478544808555, 0.006299172738012692]}",,0.03712283613246025,0.030431232161642327,0.0006457914041107706,0.9529599759793341,-0.31893462655735333,-0.250932565207128,,0.09177533434658068,0.09177533434658068,,1.0605696365221068e-18,3.5012193450411,0.006299172738012692,0.4726421999999997,,,,,
linear_standard,"Log-linear, alocação padrão",0.0,1.0,DML-quadratic,1,2683514679,3749163115,12000,2000,537,0.04475,True,True,,,False,"{""theta"": [-0.3197614436854861, -0.29007056642392215, 0.1669081610458271], ""se"": [0.0920018921339773, 0.09537627460457707, 0.15010194113803557], ""moment_norm"": 1.8016527491179673e-17, ""jac_condition"": 6.575818907276341, ""cov"": [[0.008464348156231994, -0.0051402975382926035, 0.001882569998664727], [-0.0051402975382926035, 0.009096633757447691, -0.003970454544719149], [0.001882569998664727, -0.003970454544719149, 0.0225305927334063]], ""jac_singular_values"": [0.020787771464259173, 0.00610400686031612, 0.0031612445168246466]}",,0.09795082758437194,0.08441009861105225,0.07898736894607526,0.9529599759793341,-0.3197614436854861,-0.29007056642392215,0.1669081610458271,0.0920018921339773,0.09537627460457707,0.15010194113803557,1.8016527491179673e-17,6.575818907276341,0.0031612445168246466,0.7147003000000001,,,,,
linear_standard,"Log-linear, alocação padrão",0.0,1.0,Log-mean-linear,1,2683514679,3749163115,12000,2000,537,0.04475,True,True,,,False,,"[-3.227763140776678, 0.647926258112304, 0.36022577510300113, -0.3129411680435091, -0.27901124151995865]",0.05442540833584631,0.04772058056445135,0.0030513859974614947,0.8432721868097509,-0.3129411680435091,-0.27901124151995865,,,,,,,,0.0032785999999997983,0.0,14.0,6.779215204755218e-10,0.0,
linear_standard,"Log-linear, alocação padrão",0.0,1.0,Log-mean-quadratic,1,2683514679,3749163115,12000,2000,537,0.04475,True,True,,,False,,"[-3.28053779500155, 0.6456924790163642, 0.36054697496024013, -0.3022335775958895, -0.30436915544839316, 0.15980594651614755]",0.10336004413547131,0.0892628343180486,0.07516129049488043,0.844526016977879,-0.3022335775958895,-0.30436915544839316,0.15980594651614755,,,,,,,0.003913400000000067,0.0,18.0,3.0151950051552724e-10,0.0,
linear_standard,"Log-linear, alocação padrão",0.0,1.0,S-learner,1,2683514679,3749163115,12000,2000,537,0.04475,True,True,,,False,,,0.31128484717105614,0.2688599983871551,0.17137043789638248,0.6436364342991135,,,,,,,,,,0.08663100000000012,,,,0.0,0.0
linear_standard,"Log-linear, alocação padrão",0.0,1.0,DML-linear,2,1589066909,1639520425,12000,2000,533,0.04441666666666667,True,True,,,False,"{""theta"": [-0.4627708981726599, -0.12284897274779927], ""se"": [0.10330005523354578, 0.10330005523354577], ""moment_norm"": 7.69154210410906e-19, ""jac_condition"": 4.002125756641932, ""cov"": [[0.01067090141125361, -0.006457530468374279], [-0.006457530468374279, 0.010670901411253608]], ""jac_singular_values"": [0.020385068682923405, 0.005093560253345944]}",,0.08709849542313843,0.07015496552080966,0.013616036372297075,0.9528018557730267,-0.4627708981726599,-0.12284897274779927,,0.10330005523354578,0.10330005523354577,,7.69154210410906e-19,4.002125756641932,0.005093560253345944,0.4902487000000004,,,,,
linear_standard,"Log-linear, alocação padrão",0.0,1.0,DML-quadratic,2,1589066909,1639520425,12000,2000,533,0.04441666666666667,True,True,,,False,"{""theta"": [-0.4603064041538284, -0.08564307563063325, -0.1585686457411272], ""se"": [0.10313129626113725, 0.10884963020332702, 0.15222529507621985], ""moment_norm"": 1.2539831460040343e-16, ""jac_condition"": 6.398198649873705, ""cov"": [[0.01063606426850246, -0.0073075660222855065, 0.0030885543160554304], [-0.0073075660222855065, 0.011848241995401042, -0.005082844799210704], [0.0030885543160554304, -0.005082844799210704, 0.0231725404610422]], ""jac_singular_values"": [0.02310185209001805, 0.00597028764811643, 0.003610680654698657]}",,0.12546272684870108,0.09409469020622674,-0.05277769071400805,0.9528018557730267,-0.4603064041538284,-0.08564307563063325,-0.1585686457411272,0.10313129626113725,0.10884963020332702,0.15222529507621985,1.2539831460040343e-16,6.398198649873705,0.003610680654698657,0.6994439999999997,,,,,
linear_standard,"Log-linear, alocação padrão",0.0,1.0,Log-mean-linear,2,1589066909,1639520425,12000,2000,533,0.04441666666666667,True,True,,,False,,"[-3.319168887141363, 0.7338035629090809, 0.4053823639410186, -0.43806919471143596, -0.10550078244373468]",0.08238749700182077,0.058554176583858454,0.008304014344160556,0.8427954870558085,-0.43806919471143596,-0.10550078244373468,,,,,,,,0.0029338000000000974,0.0,13.0,1.2991354364846887e-10,0.0,
linear_standard,"Log-linear, alocação padrão",0.0,1.0,Log-mean-quadratic,2,1589066909,1639520425,12000,2000,533,0.04441666666666667,True,True,,,False,,"[-3.267762723982676, 0.7378648766312689, 0.4042974492465253, -0.45439736538949105, -0.07140200191628863, -0.17068700407016912]",0.1322749257765933,0.1002489901421823,-0.05886808470864848,0.8448903303922145,-0.45439736538949105,-0.07140200191628863,-0.17068700407016912,,,,,,,0.004003100000000259,0.0,19.0,9.507724635718362e-11,0.0,
linear_standard,"Log-linear, alocação padrão",0.0,1.0,S-learner,2,1589066909,1639520425,12000,2000,533,0.04441666666666667,True,True,,,False,,,0.23404087080122163,0.17213838822158897,-0.06514762152487828,0.7681150477899247,,,,,,,,,,0.08697659999999985,,,,0.0,0.0
linear_standard,"Log-linear, alocação padrão",0.0,1.0,DML-linear,3,3440496339,911348915,12000,2000,551,0.04591666666666667,True,True,,,False,"{""theta"": [-0.5469119168735107, -0.05214117621981144], ""se"": [0.09961529344673467, 0.09961529344673468], ""moment_norm"": 1.2057905781314081e-18, ""jac_condition"": 3.8414324499292127, ""cov"": [[0.00992320668847906, -0.00611803631352892], [-0.00611803631352892, 0.009923206688479062]], ""jac_singular_values"": [0.021950524223341986, 0.0057141507782458795]}",,0.15416056288290855,0.12028150055400058,0.02795715131796962,0.9555176098331187,-0.5469119168735107,-0.05214117621981144,,0.09961529344673467,0.09961529344673468,,1.2057905781314081e-18,3.8414324499292127,0.0057141507782458795,0.49543219999999977,,,,,
linear_standard,"Log-linear, alocação padrão",0.0,1.0,DML-quadratic,3,3440496339,911348915,12000,2000,551,0.04591666666666667,True,True,,,False,"{""theta"": [-0.5524741788448027, -0.07169023368949426, 0.09414129729765133], ""se"": [0.09816888641141054, 0.10466282891755173, 0.15651390977910848], ""moment_norm"": 5.8306320670071774e-18, ""jac_condition"": 6.813825746113258, ""cov"": [[0.009637130259256424, -0.006467177708410968, 0.0017407359549429261], [-0.006467177708410968, 0.010954307757024702, -0.0050099897046216105], [0.0017407359549429261, -0.0050099897046216105, 0.024496603954342912]], ""jac_singular_values"": [0.021801296848838095, 0.005554976296080915, 0.0031995677114686986]}",,0.15644717886325277,0.14041799178759526,0.07182169865820938,0.9555176098331187,-0.5524741788448027,-0.07169023368949426,0.09414129729765133,0.09816888641141054,0.10466282891755173,0.15651390977910848,5.8306320670071774e-18,6.813825746113258,0.0031995677114686986,0.6976152000000004,,,,,
linear_standard,"Log-linear, alocação padrão",0.0,1.0,Log-mean-linear,3,3440496339,911348915,12000,2000,551,0.04591666666666667,True,True,,,False,,"[-3.299742806508263, 0.7406225700521334, 0.41017698473410424, -0.5397383030012239, -0.053748234348121635]",0.14996629085950744,0.11569894396073965,0.02639568102915053,0.8371837402306737,-0.5397383030012239,-0.053748234348121635,,,,,,,,0.0027706000000007336,0.0,13.0,3.9446654427344185e-09,0.0,
linear_standard,"Log-linear, alocação padrão",0.0,1.0,Log-mean-quadratic,3,3440496339,911348915,12000,2000,551,0.04591666666666667,True,True,,,False,,"[-3.2986937187256378, 0.7407030665295518, 0.41017457212906855, -0.5401416408997007, -0.053051472187334525, -0.003447232740676602]",0.15044022676221364,0.11539022095449757,0.024975887937583038,0.8377980413901474,-0.5401416408997007,-0.053051472187334525,-0.003447232740676602,,,,,,,0.003959899999999905,0.0,18.0,2.248764745471643e-09,0.0,
linear_standard,"Log-linear, alocação padrão",0.0,1.0,S-learner,3,3440496339,911348915,12000,2000,551,0.04591666666666667,True,True,,,False,,,0.33233829992141956,0.29596468919552416,0.1531149366363418,0.5384152739796716,,,,,,,,,,0.08694030000000019,,,,0.0,0.0
linear_standard,"Log-linear, alocação padrão",0.0,1.0,DML-linear,4,2367014378,3370905717,12000,2000,545,0.04541666666666667,True,True,,,False,"{""theta"": [-0.5505094888366554, -0.0832544136542504], ""se"": [0.10224993564690989, 0.10224993564690989], ""moment_norm"": 5.747720389308846e-19, ""jac_condition"": 3.879040542583211, ""cov"": [[0.010455049339797214, -0.006127760534062502], [-0.006127760534062502, 0.010455049339797212]], ""jac_singular_values"": [0.01997230044729746, 0.005148773318568383]}",,0.14933598637676548,0.1277232387430297,0.03042516802093576,0.950904960256332,-0.5505094888366554,-0.0832544136542504,,0.10224993564690989,0.10224993564690989,,5.747720389308846e-19,3.879040542583211,0.005148773318568383,0.49623540000000066,,,,,
linear_standard,"Log-linear, alocação padrão",0.0,1.0,DML-quadratic,4,2367014378,3370905717,12000,2000,545,0.04541666666666667,True,True,,,False,"{""theta"": [-0.5569665385662067, -0.0076628505334566084, -0.2632309475148304], ""se"": [0.10417859056125754, 0.11247283684622647, 0.1645995671996837], ""moment_norm"": 2.140424468526877e-18, ""jac_condition"": 7.364317668999856, ""cov"": [[0.010853178731330139, -0.007623973832289443, 0.004395385027613473], [-0.007623973832289443, 0.01265013902823788, -0.007353740552664456], [0.004395385027613473, -0.007353740552664456, 0.027093017522323185]], ""jac_singular_values"": [0.02393348394704274, 0.006415699781302366, 0.0032499255223319467]}",,0.21980625964245767,0.15767214314769246,-0.07536496569238767,0.950904960256332,-0.5569665385662067,-0.0076628505334566084,-0.2632309475148304,0.10417859056125754,0.11247283684622647,0.1645995671996837,2.140424468526877e-18,7.364317668999856,0.0032499255223319467,0.7037969999999998,,,,,
linear_standard,"Log-linear, alocação padrão",0.0,1.0,Log-mean-linear,4,2367014378,3370905717,12000,2000,545,0.04541666666666667,True,True,,,False,,"[-3.2749631368349488, 0.6457900417455564, 0.4558059210378112, -0.5350981193464626, -0.05103469858028401]",0.15324878724244306,0.1183105716677381,0.02636145188676254,0.8474627414056289,-0.5350981193464626,-0.05103469858028401,,,,,,,,0.003589700000000029,0.0,12.0,1.7739507016528711e-09,0.0,
linear_standard,"Log-linear, alocação padrão",0.0,1.0,Log-mean-quadratic,4,2367014378,3370905717,12000,2000,545,0.04541666666666667,True,True,,,False,,"[-3.210529480065437, 0.6543840865013983, 0.4553037791723023, -0.5661500081886209, 0.0015088965730618452, -0.2275885323668859]",0.21824351857884167,0.15930918957440357,-0.05988248934041586,-0.8363056634843782,-0.5661500081886209,0.0015088965730618452,-0.2275885323668859,,,,,,,0.005032500000000439,0.0,15.0,5.157911215941668e-09,0.0,
linear_standard,"Log-linear, alocação padrão",0.0,1.0,S-learner,4,2367014378,3370905717,12000,2000,545,0.04541666666666667,True,True,,,False,,,0.3797574623489891,0.2565043556247248,-0.07094588138794052,0.2913674842840281,,,,,,,,,,0.08619860000000035,,,,0.0,0.0
linear_standard,"Log-linear, alocação padrão",0.0,1.0,DML-linear,5,1311544766,2403488088,12000,2000,553,0.04608333333333333,True,True,,,False,"{""theta"": [-0.2448698404361818, -0.18805682457285566], ""se"": [0.08906628793815924, 0.08906628793815927], ""moment_norm"": 1.1293447010827918e-17, ""jac_condition"": 3.267422573596144, ""cov"": [[0.007932803647083089, -0.004220914320974807], [-0.004220914320974807, 0.007932803647083094]], ""jac_singular_values"": [0.02219113265291459, 0.006791632289083104]}",,0.06672240797933783,0.06498705425823928,-0.013438741637664748,0.9496892127578481,-0.2448698404361818,-0.18805682457285566,,0.08906628793815924,0.08906628793815927,,1.1293447010827918e-17,3.267422573596144,0.006791632289083104,0.49408799999999964,,,,,
linear_standard,"Log-linear, alocação padrão",0.0,1.0,DML-quadratic,5,1311544766,2403488088,12000,2000,553,0.04608333333333333,True,True,,,False,"{""theta"": [-0.25630125621626754, -0.2340873136567921, 0.19891361232372806], ""se"": [0.08879471185280413, 0.09314376695000384, 0.14487516414463542], ""moment_norm"": 3.248717008042028e-16, ""jac_condition"": 6.371919048972736, ""cov"": [[0.007884500853022515, -0.004332280709265647, 0.0003086133185553906], [-0.004332280709265647, 0.008675761321636628, -0.003933074692961033], [0.0003086133185553906, -0.003933074692961033, 0.020988813185935058]], ""jac_singular_values"": [0.020895164294023955, 0.006267885380954966, 0.003279257651176943]}",,0.11248418276463286,0.08353731901804083,0.0783342918296309,0.9496892127578481,-0.25630125621626754,-0.2340873136567921,0.19891361232372806,0.08879471185280413,0.09314376695000384,0.14487516414463542,3.248717008042028e-16,6.371919048972736,0.003279257651176943,0.6981974000000015,,,,,
linear_standard,"Log-linear, alocação padrão",0.0,1.0,Log-mean-linear,5,1311544766,2403488088,12000,2000,553,0.04608333333333333,True,True,,,False,,"[-3.2190965449480204, 0.6445563859929164, 0.4199868433031149, -0.25925623146461363, -0.21403462543099266]",0.058301379361640426,0.05617529007144066,-0.009930477697252095,0.8383400759898035,-0.25925623146461363,-0.21403462543099266,,,,,,,,0.0027656000000000347,0.0,11.0,5.192318984215127e-10,0.0,
linear_standard,"Log-linear, alocação padrão",0.0,1.0,Log-mean-quadratic,5,1311544766,2403488088,12000,2000,553,0.04608333333333333,True,True,,,False,,"[-3.2607292842795785, 0.6433566785897276, 0.4198623952623546, -0.25318598163731804, -0.23518141301391932, 0.12879150825004115]",0.0890196971289767,0.06289831277930702,0.046421199784441154,0.8403531680566155,-0.25318598163731804,-0.23518141301391932,0.12879150825004115,,,,,,,0.0034358000000001,0.0,15.0,1.7505896476264585e-09,0.0,
linear_standard,"Log-linear, alocação padrão",0.0,1.0,S-learner,5,1311544766,2403488088,12000,2000,553,0.04608333333333333,True,True,,,False,,,0.38491711806646633,0.35031758135782654,0.2135439591792611,0.8133034503602546,,,,,,,,,,0.08498220000000067,,,,0.0,0.0
linear_standard,"Log-linear, alocação padrão",0.0,1.0,DML-linear,6,1821364729,1760580302,12000,2000,550,0.04583333333333333,True,True,,,False,"{""theta"": [-0.3556812901404287, -0.331569971340719], ""se"": [0.09234722801756891, 0.09234722801756892], ""moment_norm"": 1.7497842724572446e-18, ""jac_condition"": 3.5334717188717777, ""cov"": [[0.008528010522528865, -0.004496676945720706], [-0.004496676945720706, 0.008528010522528866]], ""jac_singular_values"": [0.022036688485589626, 0.006236554368864694]}",,0.08325379191997985,0.08282118401444812,0.015193173910927985,0.9526729313526944,-0.3556812901404287,-0.331569971340719,,0.09234722801756891,0.09234722801756892,,1.7497842724572446e-18,3.5334717188717777,0.006236554368864694,0.4926156000000006,,,,,
linear_standard,"Log-linear, alocação padrão",0.0,1.0,DML-quadratic,6,1821364729,1760580302,12000,2000,550,0.04583333333333333,True,True,,,False,"{""theta"": [-0.3556264531098199, -0.33507868910489214, 0.013273099682921277], ""se"": [0.0924617006754311, 0.09484356635147664, 0.15025467516644295], ""moment_norm"": 4.172868312510296e-17, ""jac_condition"": 6.555764094978821, ""cov"": [[0.008549166091793015, -0.005031285061222135, 0.0020537810416499914], [-0.005031285061222135, 0.008995302078266954, -0.0038628893402002998], [0.0020537810416499914, -0.0038628893402002998, 0.022576467409373285]], ""jac_singular_values"": [0.022814549822530505, 0.006629110042264189, 0.0034800748611446505]}",,0.0856937529624891,0.08638085915615079,0.021348445414123906,0.9526729313526944,-0.3556264531098199,-0.33507868910489214,0.013273099682921277,0.0924617006754311,0.09484356635147664,0.15025467516644295,4.172868312510296e-17,6.555764094978821,0.0034800748611446505,0.8161488000000006,,,,,
linear_standard,"Log-linear, alocação padrão",0.0,1.0,Log-mean-linear,6,1821364729,1760580302,12000,2000,550,0.04583333333333333,True,True,,,False,,"[-3.1784416491528176, 0.6133783061244023, 0.3175402019121062, -0.3676620069337807, -0.33906729144497383]",0.0885494977726129,0.08793817276321661,0.018025283254342543,0.833743897232473,-0.3676620069337807,-0.33906729144497383,,,,,,,,0.003076399999999424,0.0,13.0,6.131184373941537e-10,0.0,
linear_standard,"Log-linear, alocação padrão",0.0,1.0,Log-mean-quadratic,6,1821364729,1760580302,12000,2000,550,0.04583333333333333,True,True,,,False,,"[-3.1651254780714533, 0.6137068140856698, 0.3174153024311417, -0.3709213995984447, -0.3341248866270645, -0.0407529907925788]",0.08780557424569824,0.08085958531209823,0.0006033438640367317,0.8340006917050408,-0.3709213995984447,-0.3341248866270645,-0.0407529907925788,,,,,,,0.0038696999999991988,0.0,17.0,9.575854908091172e-11,0.0,
linear_standard,"Log-linear, alocação padrão",0.0,1.0,S-learner,6,1821364729,1760580302,12000,2000,550,0.04583333333333333,True,True,,,False,,,0.3092133716951755,0.22269871411454362,0.06875558348052024,0.25518037197818916,,,,,,,,,,0.0846897999999996,,,,0.0,0.0
linear_standard,"Log-linear, alocação padrão",0.0,1.0,DML-linear,7,3960867496,611900750,12000,2000,568,0.04733333333333333,True,True,,,False,"{""theta"": [-0.3064085209726429, -0.30336466359435377], ""se"": [0.09170801967397019, 0.0917080196739702], ""moment_norm"": 9.139437639966135e-19, ""jac_condition"": 3.784516612859029, ""cov"": [[0.008410360872521304, -0.004829925610948287], [-0.004829925610948287, 0.008410360872521306]], ""jac_singular_values"": [0.022846342482371097, 0.00603679275835223]}",,0.0708729449433985,0.06349811797609317,0.0049232788323525884,0.9541401205520962,-0.3064085209726429,-0.30336466359435377,,0.09170801967397019,0.0917080196739702,,9.139437639966135e-19,3.784516612859029,0.00603679275835223,0.49353299999999933,,,,,
linear_standard,"Log-linear, alocação padrão",0.0,1.0,DML-quadratic,7,3960867496,611900750,12000,2000,568,0.04733333333333333,True,True,,,False,"{""theta"": [-0.30641024925131793, -0.30349328419608046, 0.0005501151289382287], ""se"": [0.09166281057673739, 0.0931937917499281, 0.14266508985170842], ""moment_norm"": 3.9504091023915914e-17, ""jac_condition"": 6.311884519493897, ""cov"": [[0.00840207084282684, -0.005145217959665072, 0.001324151174405408], [-0.005145217959665072, 0.008685082820728968, -0.002966528632760132], [0.001324151174405408, -0.002966528632760132, 0.020353327862396037]], ""jac_singular_values"": [0.02366926074675783, 0.006415113241907545, 0.003749951488126353]}",,0.07094793413243167,0.0636288787918195,0.005171153299312534,0.9541401205520962,-0.30641024925131793,-0.30349328419608046,0.0005501151289382287,0.09166281057673739,0.0931937917499281,0.14266508985170842,3.9504091023915914e-17,6.311884519493897,0.003749951488126353,0.7298140999999987,,,,,
linear_standard,"Log-linear, alocação padrão",0.0,1.0,Log-mean-linear,7,3960867496,611900750,12000,2000,568,0.04733333333333333,True,True,,,False,,"[-3.1720963368922654, 0.6453049659919523, 0.4080576192129084, -0.3007649426974648, -0.318982472099437]",0.08135298613200709,0.07313608894733604,0.006228115837642744,0.8493060535512749,-0.3007649426974648,-0.318982472099437,,,,,,,,0.003305499999999739,0.0,14.0,6.263506862174325e-10,0.0,
linear_standard,"Log-linear, alocação padrão",0.0,1.0,Log-mean-quadratic,7,3960867496,611900750,12000,2000,568,0.04733333333333333,True,True,,,False,,"[-3.183167668280113, 0.6451032143244085, 0.4079240727334227, -0.29913216210312454, -0.3237730547367248, 0.03390759988377517]",0.0860115810446726,0.07941812246868396,0.021093046054412944,0.8515226729076909,-0.29913216210312454,-0.3237730547367248,0.03390759988377517,,,,,,,0.004102800000000073,0.0,18.0,5.854052764671843e-10,0.0,
linear_standard,"Log-linear, alocação padrão",0.0,1.0,S-learner,7,3960867496,611900750,12000,2000,568,0.04733333333333333,True,True,,,False,,,0.26595425243764126,0.2445831306120304,0.08560736181727838,0.6872398189660103,,,,,,,,,,0.08830129999999947,,,,0.0,0.0
linear_standard,"Log-linear, alocação padrão",0.0,1.0,DML-linear,8,1217202669,304858138,12000,2000,542,0.04516666666666667,True,True,,,False,"{""theta"": [-0.3453785225032705, -0.09689802637551012], ""se"": [0.0953258509219239, 0.09532585092192389], ""moment_norm"": 5.540240291163015e-19, ""jac_condition"": 3.3995809455763446, ""cov"": [[0.00908701785398886, -0.0051512115021680755], [-0.0051512115021680755, 0.009087017853988858]], ""jac_singular_values"": [0.020336379533499323, 0.005982025390500479]}",,0.0652319966976039,0.06402737548057745,-0.006784924146438121,0.951453743945932,-0.3453785225032705,-0.09689802637551012,,0.0953258509219239,0.09532585092192389,,5.540240291163015e-19,3.3995809455763446,0.005982025390500479,0.5031154999999998,,,,,
linear_standard,"Log-linear, alocação padrão",0.0,1.0,DML-quadratic,8,1217202669,304858138,12000,2000,542,0.04516666666666667,True,True,,,False,"{""theta"": [-0.3473584068827158, -0.1083421323515254, 0.05209351081331459], ""se"": [0.09475952421786675, 0.09945846728925975, 0.14701118965300264], ""moment_norm"": 7.491484756963664e-17, ""jac_condition"": 6.095377097536713, ""cov"": [[0.008979367429996474, -0.005407191929631058, 0.001109864360371027], [-0.005407191929631058, 0.009891986715528753, -0.0041863519332232405], [0.001109864360371027, -0.0041863519332232405, 0.021612289883191107]], ""jac_singular_values"": [0.020577400675788643, 0.006023480895330653, 0.003375902810689836]}",,0.06285740848153265,0.055306183105318506,0.01585413531223711,0.951453743945932,-0.3473584068827158,-0.1083421323515254,0.05209351081331459,0.09475952421786675,0.09945846728925975,0.14701118965300264,7.491484756963664e-17,6.095377097536713,0.003375902810689836,0.734997700000001,,,,,
linear_standard,"Log-linear, alocação padrão",0.0,1.0,Log-mean-linear,8,1217202669,304858138,12000,2000,542,0.04516666666666667,True,True,,,False,,"[-3.269831662650321, 0.6535336658143547, 0.412540402720173, -0.35986359928364786, -0.08236192488266966]",0.0747489041618025,0.07301861810693774,-0.005231864174382162,0.8408835494917583,-0.35986359928364786,-0.08236192488266966,,,,,,,,0.0028324000000008454,0.0,12.0,2.6675856205221614e-10,0.0,
linear_standard,"Log-linear, alocação padrão",0.0,1.0,Log-mean-quadratic,8,1217202669,304858138,12000,2000,542,0.04516666666666667,True,True,,,False,,"[-3.276756807734637, 0.6531640353139128, 0.4127661153570286, -0.35825715039278677, -0.08709147414692103, 0.022365477289873485]",0.07242854947160243,0.0695348424285307,0.004025997100209311,0.8372624768357262,-0.35825715039278677,-0.08709147414692103,0.022365477289873485,,,,,,,0.003690200000001198,0.0,16.0,2.8991296032223242e-09,0.0,
linear_standard,"Log-linear, alocação padrão",0.0,1.0,S-learner,8,1217202669,304858138,12000,2000,542,0.04516666666666667,True,True,,,False,,,0.40204373358995454,0.4089478342418632,0.25035507642007937,0.4181980369921499,,,,,,,,,,0.08694799999999958,,,,0.0,0.0
linear_standard,"Log-linear, alocação padrão",0.0,1.0,DML-linear,9,244805499,2222214254,12000,2000,536,0.04466666666666667,True,True,,,False,"{""theta"": [-0.5829377414777022, -0.04414100869169716], ""se"": [0.10668079892134266, 0.10668079892134268], ""moment_norm"": 7.235525402885753e-18, ""jac_condition"": 4.455622356523289, ""cov"": [[0.011380792858495947, -0.007629978519258419], [-0.007629978519258419, 0.011380792858495949]], ""jac_singular_values"": [0.02246546822699415, 0.005042049444361775]}",,0.17734105836971095,0.14552099534536586,0.036542019275857686,0.9529986407581982,-0.5829377414777022,-0.04414100869169716,,0.10668079892134266,0.10668079892134268,,7.235525402885753e-18,4.455622356523289,0.005042049444361775,0.49879910000000116,,,,,
linear_standard,"Log-linear, alocação padrão",0.0,1.0,DML-quadratic,9,244805499,2222214254,12000,2000,536,0.04466666666666667,True,True,,,False,"{""theta"": [-0.5848604870759591, -0.07237392664809626, 0.12478641972995377], ""se"": [0.10611900659499454, 0.11191112783296465, 0.14798488548669667], ""moment_norm"": 8.408989124076833e-15, ""jac_condition"": 6.462139582453426, ""cov"": [[0.011261243560708494, -0.008408053514210378, 0.0035883583748237673], [-0.008408053514210378, 0.012524100532846158, -0.004999345983799048], [0.0035883583748237673, -0.004999345983799048, 0.021899526332510723]], ""jac_singular_values"": [0.021635009710413114, 0.005094904636194944, 0.003347963849180604]}",,0.17886172260263095,0.1696190287302772,0.09436325381327224,0.9529986407581982,-0.5848604870759591,-0.07237392664809626,0.12478641972995377,0.10611900659499454,0.11191112783296465,0.14798488548669667,8.408989124076833e-15,6.462139582453426,0.003347963849180604,0.7041491999999998,,,,,
linear_standard,"Log-linear, alocação padrão",0.0,1.0,Log-mean-linear,9,244805499,2222214254,12000,2000,536,0.04466666666666667,True,True,,,False,,"[-3.3704843276864542, 0.8239757225425456, 0.3204451143659, -0.6406705195316303, -0.005792375331869204]",0.22119570815578138,0.18319142208645953,0.05074676488840865,0.832263898200185,-0.6406705195316303,-0.005792375331869204,,,,,,,,0.0046893000000007845,0.0,13.0,9.20108900350399e-09,0.0,
linear_standard,"Log-linear, alocação padrão",0.0,1.0,Log-mean-quadratic,9,244805499,2222214254,12000,2000,536,0.04466666666666667,True,True,,,False,,"[-3.4353295133132153, 0.8169666220551226, 0.3219634359953966, -0.6124277414113404, -0.05107716297878264, 0.21062422283294802]",0.2147163041978512,0.2131090119467005,0.1426825484287589,0.8390572162794571,-0.6124277414113404,-0.05107716297878264,0.21062422283294802,,,,,,,0.004155900000000656,0.0,19.0,7.045379589061078e-10,0.0,
linear_standard,"Log-linear, alocação padrão",0.0,1.0,S-learner,9,244805499,2222214254,12000,2000,536,0.04466666666666667,True,True,,,False,,,0.3362858659973681,0.23276969503399397,0.12206638442968512,0.43152728176949323,,,,,,,,,,0.08778479999999966,,,,0.0,0.0
linear_standard,"Log-linear, alocação padrão",0.0,1.0,DML-linear,10,3264646734,2245030300,12000,2000,590,0.049166666666666664,True,True,,,False,"{""theta"": [-0.3552747124187, -0.24546356016057067], ""se"": [0.0907966883813285, 0.09079668838132848], ""moment_norm"": 8.491125388504368e-19, ""jac_condition"": 3.9717692109783655, ""cov"": [[0.008244038621016074, -0.004868607627640952], [-0.004868607627640952, 0.00824403862101607]], ""jac_singular_values"": [0.024688711856372184, 0.006216048955747511]}",,0.02900283667889501,0.028631218209756303,0.005090294114804696,0.9561206781021729,-0.3552747124187,-0.24546356016057067,,0.0907966883813285,0.09079668838132848,,8.491125388504368e-19,3.9717692109783655,0.006216048955747511,0.4951220000000003,,,,,
linear_standard,"Log-linear, alocação padrão",0.0,1.0,DML-quadratic,10,3264646734,2245030300,12000,2000,590,0.049166666666666664,True,True,,,False,"{""theta"": [-0.35924231059500816, -0.2773187342473253, 0.14019234769374378], ""se"": [0.09051804483164455, 0.09380052609546974, 0.1424529592694589], ""moment_norm"": 1.1709251751616542e-18, ""jac_condition"": 6.733351831798349, ""cov"": [[0.008193516440143612, -0.005229522464658187, 0.0014103985383401418], [-0.005229522464658187, 0.0087985386957869, -0.003444618095367235], [0.0014103985383401418, -0.003444618095367235, 0.02029284560462611]], ""jac_singular_values"": [0.023729534117352142, 0.006041426630722373, 0.0035241785532859103]}",,0.08192587387607526,0.07463323448855054,0.07091085862848057,0.9561206781021729,-0.35924231059500816,-0.2773187342473253,0.14019234769374378,0.09051804483164455,0.09380052609546974,0.1424529592694589,1.1709251751616542e-18,6.733351831798349,0.0035241785532859103,0.7034848999999976,,,,,
linear_standard,"Log-linear, alocação padrão",0.0,1.0,Log-mean-linear,10,3264646734,2245030300,12000,2000,590,0.049166666666666664,True,True,,,False,,"[-3.18369818289929, 0.7308240053871117, 0.3939697577567786, -0.349684261240829, -0.2599410458935823]",0.037907177154682205,0.03751751848912683,0.005826955802948049,0.8431953127684829,-0.349684261240829,-0.2599410458935823,,,,,,,,0.002949900000000838,0.0,14.0,9.584987154254154e-10,0.0,
linear_standard,"Log-linear, alocação padrão",0.0,1.0,Log-mean-quadratic,10,3264646734,2245030300,12000,2000,590,0.049166666666666664,True,True,,,False,,"[-3.2313860175160727, 0.7290216827940001, 0.39555809887368193, -0.3402216561647882, -0.28276030382855055, 0.1468224352898204]",0.08635805292926935,0.07629538498899247,0.07163017229606689,0.8413527417893105,-0.3402216561647882,-0.28276030382855055,0.1468224352898204,,,,,,,0.004264499999997895,0.0,19.0,1.2751808079857885e-10,0.0,
linear_standard,"Log-linear, alocação padrão",0.0,1.0,S-learner,10,3264646734,2245030300,12000,2000,590,0.049166666666666664,True,True,,,False,,,0.23528363106493644,0.21320531449905855,0.1322594802177769,0.7669494005367524,,,,,,,,,,0.09009439999999813,,,,0.0,0.0
linear_standard,"Log-linear, alocação padrão",0.0,1.0,DML-linear,11,1468057683,2033258370,12000,2000,536,0.04466666666666667,True,True,,,False,"{""theta"": [-0.13586599602851562, -0.3223675606754368], ""se"": [0.09183524816600815, 0.09183524816600815], ""moment_norm"": 1.1178686337205308e-18, ""jac_condition"": 3.10046813039232, ""cov"": [[0.008433712805712304, -0.004368140098248468], [-0.004368140098248468, 0.008433712805712302]], ""jac_singular_values"": [0.020341163282664804, 0.006560674848830303]}",,0.1575214679030189,0.13207727665312155,-0.007991277202046603,0.9533194574505086,-0.13586599602851562,-0.3223675606754368,,0.09183524816600815,0.09183524816600815,,1.1178686337205308e-18,3.10046813039232,0.006560674848830303,0.5050120000000007,,,,,
linear_standard,"Log-linear, alocação padrão",0.0,1.0,DML-quadratic,11,1468057683,2033258370,12000,2000,536,0.04466666666666667,True,True,,,False,"{""theta"": [-0.13556949762073042, -0.3142226366629013, -0.035737447312061986], ""se"": [0.09162946420008375, 0.09323208111844265, 0.15005452133067276], ""moment_norm"": 5.617092712850562e-18, ""jac_condition"": 6.165454849411318, ""cov"": [[0.008395958709594429, -0.0045529677513940735, 0.0007823206153316183], [-0.0045529677513940735, 0.008692220949675871, -0.003173103102578238], [0.0007823206153316183, -0.003173103102578238, 0.022516359371777327]], ""jac_singular_values"": [0.0214534215141481, 0.007029669517197832, 0.003479617001200891]}",,0.15601115153975864,0.13359593216166427,-0.02365226523697409,0.9533194574505086,-0.13556949762073042,-0.3142226366629013,-0.035737447312061986,0.09162946420008375,0.09323208111844265,0.15005452133067276,5.617092712850562e-18,6.165454849411318,0.003479617001200891,0.7142170000000014,,,,,
linear_standard,"Log-linear, alocação padrão",0.0,1.0,Log-mean-linear,11,1468057683,2033258370,12000,2000,536,0.04466666666666667,True,True,,,False,,"[-3.2051438407050084, 0.6209628961722393, 0.2623295675070221, -0.13085655234210744, -0.3349371389250126]",0.1644288651610138,0.1351911998043318,-0.006590637398253804,0.8480618693106126,-0.13085655234210744,-0.3349371389250126,,,,,,,,0.002963099999998775,0.0,12.0,1.3080488020222418e-10,0.0,
linear_standard,"Log-linear, alocação padrão",0.0,1.0,Log-mean-quadratic,11,1468057683,2033258370,12000,2000,536,0.04466666666666667,True,True,,,False,,"[-3.1787746307550258, 0.6212873154103551, 0.2632615515056204, -0.13215187235488313, -0.32417181670819173, -0.0812939911208493]",0.1645793597613527,0.1373208171908018,-0.04081123580005389,0.8588919853752915,-0.13215187235488313,-0.32417181670819173,-0.0812939911208493,,,,,,,0.003766500000001116,0.0,15.0,1.5036439895496866e-09,0.0,
linear_standard,"Log-linear, alocação padrão",0.0,1.0,S-learner,11,1468057683,2033258370,12000,2000,536,0.04466666666666667,True,True,,,False,,,0.31109687729421054,0.24930999050528332,0.11070145766636605,0.804803477426301,,,,,,,,,,0.08992110000000153,,,,0.0,0.0
linear_standard,"Log-linear, alocação padrão",0.0,1.0,DML-linear,12,2311573007,3126174398,12000,2000,572,0.04766666666666667,True,True,,,False,"{""theta"": [-0.29764332825280443, -0.22206394454699702], ""se"": [0.09434455675034205, 0.09434455675034205], ""moment_norm"": 9.26465141111553e-19, ""jac_condition"": 3.8252343437185026, ""cov"": [[0.008900895388418512, -0.005175532201972276], [-0.005175532201972276, 0.008900895388418512]], ""jac_singular_values"": [0.02235261559858792, 0.005843463063980281]}",,0.035984887289156886,0.032168294337539066,-0.00499963612624289,0.9481598834866103,-0.29764332825280443,-0.22206394454699702,,0.09434455675034205,0.09434455675034205,,9.26465141111553e-19,3.8252343437185026,0.005843463063980281,0.5058585999999998,,,,,
linear_standard,"Log-linear, alocação padrão",0.0,1.0,DML-quadratic,12,2311573007,3126174398,12000,2000,572,0.04766666666666667,True,True,,,False,"{""theta"": [-0.2977806010710298, -0.19361490025863243, -0.12998445986903676], ""se"": [0.09423570366413513, 0.09659385213317684, 0.14463369505397022], ""moment_norm"": 3.1454805629107865e-18, ""jac_condition"": 6.261022962976133, ""cov"": [[0.008880367845074691, -0.005611830297482328, 0.0019318880111351324], [-0.005611830297482328, 0.009330372269926033, -0.003314039521481499], [0.0019318880111351324, -0.003314039521481499, 0.020918905744964852]], ""jac_singular_values"": [0.024724427375359327, 0.006737388350242768, 0.0039489437303719364]}",,0.06915596821647597,0.05986264426506973,-0.05933354483412758,0.9481598834866103,-0.2977806010710298,-0.19361490025863243,-0.12998445986903676,0.09423570366413513,0.09659385213317684,0.14463369505397022,3.1454805629107865e-18,6.261022962976133,0.0039489437303719364,0.7072363000000017,,,,,
linear_standard,"Log-linear, alocação padrão",0.0,1.0,Log-mean-linear,12,2311573007,3126174398,12000,2000,572,0.04766666666666667,True,True,,,False,,"[-3.212627739342782, 0.6935967352159148, 0.26935316521243174, -0.2911122624246801, -0.1843807368947487]",0.03849347348398647,0.03677278183123437,-0.00891092430812647,0.826670494568208,-0.2911122624246801,-0.1843807368947487,,,,,,,,0.002721999999998559,0.0,11.0,1.7884078738252447e-09,0.0,
linear_standard,"Log-linear, alocação padrão",0.0,1.0,Log-mean-quadratic,12,2311573007,3126174398,12000,2000,572,0.04766666666666667,True,True,,,False,,"[-3.1822748171345316, 0.6952910290642528, 0.2692965639323559, -0.29825401537283525, -0.1672968836555092, -0.09595952827764923]",0.0591367243077444,0.0525826691521782,-0.047877991402359474,0.8337561039289113,-0.29825401537283525,-0.1672968836555092,-0.09595952827764923,,,,,,,0.003629700000001179,0.0,15.0,4.780224579781223e-10,0.0,
linear_standard,"Log-linear, alocação padrão",0.0,1.0,S-learner,12,2311573007,3126174398,12000,2000,572,0.04766666666666667,True,True,,,False,,,0.3668550737184146,0.32466051645345834,0.08703889146045393,0.6501891202376302,,,,,,,,,,0.09003050000000101,,,,0.0,0.0
linear_standard,"Log-linear, alocação padrão",0.0,1.0,DML-linear,13,2177991776,3708638406,12000,2000,594,0.0495,True,True,,,False,"{""theta"": [-0.37227617171813016, -0.10004579914204632], ""se"": [0.09366115138280591, 0.0936611513828059], ""moment_norm"": 1.0139799656403974e-18, ""jac_condition"": 4.305470820756553, ""cov"": [[0.008772411278352887, -0.005661852133273239], [-0.005661852133273239, 0.008772411278352883]], ""jac_singular_values"": [0.025452874653458385, 0.005911751748670736]}",,0.06484994759866779,0.06193355944870704,-0.002868476152355569,0.9545053648084985,-0.37227617171813016,-0.10004579914204632,,0.09366115138280591,0.0936611513828059,,1.0139799656403974e-18,4.305470820756553,0.005911751748670736,0.5099227000000006,,,,,
linear_standard,"Log-linear, alocação padrão",0.0,1.0,DML-quadratic,13,2177991776,3708638406,12000,2000,594,0.0495,True,True,,,False,"{""theta"": [-0.373524253340994, -0.13394685087029695, 0.16412669815984898], ""se"": [0.09372118589063683, 0.09718912970200176, 0.14372023923146623], ""moment_norm"": 5.0549517916891355e-16, ""jac_condition"": 6.802176812345179, ""cov"": [[0.008783660684747304, -0.005998798018338287, 0.0016390202308150775], [-0.005998798018338287, 0.00944572693223252, -0.0036891014543740793], [0.0016390202308150775, -0.0036891014543740793, 0.020655507164749884]], ""jac_singular_values"": [0.023858560125464914, 0.005684306894701043, 0.003507488967673456]}",,0.08851913907387016,0.07285691143135546,0.07060087064905651,0.9545053648084985,-0.373524253340994,-0.13394685087029695,0.16412669815984898,0.09372118589063683,0.09718912970200176,0.14372023923146623,5.0549517916891355e-16,6.802176812345179,0.003507488967673456,0.7238955000000011,,,,,
linear_standard,"Log-linear, alocação padrão",0.0,1.0,Log-mean-linear,13,2177991776,3708638406,12000,2000,594,0.0495,True,True,,,False,,"[-3.219304279868473, 0.7629747739978995, 0.4017333241049868, -0.3897153442888644, -0.11398347512229734]",0.060057123590195584,0.05311159460674771,0.00043621126047593074,0.8368790374128506,-0.3897153442888644,-0.11398347512229734,,,,,,,,0.0028420999999987373,0.0,13.0,7.349461533111741e-09,0.0,
linear_standard,"Log-linear, alocação padrão",0.0,1.0,Log-mean-quadratic,13,2177991776,3708638406,12000,2000,594,0.0495,True,True,,,False,,"[-3.2768586265037296, 0.759802185884974, 0.4036351076248312, -0.3767653030600858, -0.14724901640098143, 0.17718867651074333]",0.09076413477758538,0.0787936027130575,0.07797637185630002,0.8369620973241103,-0.3767653030600858,-0.14724901640098143,0.17718867651074333,,,,,,,0.0038072000000006767,0.0,18.0,1.5461043510918427e-10,0.0,
linear_standard,"Log-linear, alocação padrão",0.0,1.0,S-learner,13,2177991776,3708638406,12000,2000,594,0.0495,True,True,,,False,,,0.23131414420707921,0.21612101263504377,0.1410569900591325,0.4606176679809428,,,,,,,,,,0.08751260000000016,,,,0.0,0.0
linear_standard,"Log-linear, alocação padrão",0.0,1.0,DML-linear,14,3388747770,1308410489,12000,2000,530,0.04416666666666667,True,True,,,False,"{""theta"": [-0.40360232557046993, -0.09763651844821324], ""se"": [0.10668471122047567, 0.1066847112204757], ""moment_norm"": 8.417191414263369e-19, ""jac_condition"": 4.530458608850697, ""cov"": [[0.011381627608196287, -0.007443839905760387], [-0.007443839905760387, 0.011381627608196294]], ""jac_singular_values"": [0.021108320188538265, 0.004659201641816367]}",,0.07253678382183117,0.062438093308147244,0.0016699948925305375,0.9547557354537451,-0.40360232557046993,-0.09763651844821324,,0.10668471122047567,0.1066847112204757,,8.417191414263369e-19,4.530458608850697,0.004659201641816367,0.49319969999999813,,,,,
linear_standard,"Log-linear, alocação padrão",0.0,1.0,DML-quadratic,14,3388747770,1308410489,12000,2000,530,0.04416666666666667,True,True,,,False,"{""theta"": [-0.4034999558150775, -0.08798879807985976, -0.035137039517938194], ""se"": [0.10662371448576928, 0.11222677294690739, 0.15717542901384157], ""moment_norm"": 8.353572493779603e-18, ""jac_condition"": 7.364404730105099, ""cov"": [[0.011368616490742845, -0.007913553908050052, 0.0016796644902998988], [-0.007913553908050052, 0.012594848566076703, -0.005600722387929872], [0.0016796644902998988, -0.005600722387929872, 0.024704115485685154]], ""jac_singular_values"": [0.02255629138471769, 0.005109638633566561, 0.003062880465071314]}",,0.07966090612628815,0.06947000621720822,-0.013327897962490192,0.9547557354537451,-0.4034999558150775,-0.08798879807985976,-0.035137039517938194,0.10662371448576928,0.11222677294690739,0.15717542901384157,8.353572493779603e-18,7.364404730105099,0.003062880465071314,0.7065809000000023,,,,,
linear_standard,"Log-linear, alocação padrão",0.0,1.0,Log-mean-linear,14,3388747770,1308410489,12000,2000,530,0.04416666666666667,True,True,,,False,,"[-3.303880325886179, 0.7181343584867779, 0.33317480454939463, -0.41241074567968344, -0.10820875891096327]",0.06961177418811706,0.0556123252502359,0.00362760922226018,0.8367583570321889,-0.41241074567968344,-0.10820875891096327,,,,,,,,0.002628499999996592,0.0,11.0,3.5182113552444566e-10,0.0,
linear_standard,"Log-linear, alocação padrão",0.0,1.0,Log-mean-quadratic,14,3388747770,1308410489,12000,2000,530,0.04416666666666667,True,True,,,False,,"[-3.2782356592025677, 0.7200301383833678, 0.3331505583670405, -0.4199697186142386, -0.0892983577482417, -0.08649793625307618]",0.0915246796003194,0.0734517628761041,-0.031446310765192546,0.8445919981855152,-0.4199697186142386,-0.0892983577482417,-0.08649793625307618,,,,,,,0.0035884999999993283,0.0,16.0,3.015045536046886e-09,0.0,
linear_standard,"Log-linear, alocação padrão",0.0,1.0,S-learner,14,3388747770,1308410489,12000,2000,530,0.04416666666666667,True,True,,,False,,,0.31328789605218166,0.2886172871934016,0.18114963696359035,-0.3150985783581844,,,,,,,,,,0.0875602000000022,,,,0.0,0.0
linear_standard,"Log-linear, alocação padrão",0.0,1.0,DML-linear,15,2664013071,2798429214,12000,2000,540,0.045,True,True,,,False,"{""theta"": [-0.2425392973421975, -0.3066147552818042], ""se"": [0.09057124909790183, 0.09057124909790182], ""moment_norm"": 6.142810171106095e-19, ""jac_condition"": 3.082577852066524, ""cov"": [[0.008203151163154183, -0.004048408602683608], [-0.004048408602683608, 0.00820315116315418]], ""jac_singular_values"": [0.02003173286817117, 0.006498370464428703]}",,0.09559449205976252,0.06439034668501044,-0.0019319674630038292,0.955514227166475,-0.2425392973421975,-0.3066147552818042,,0.09057124909790183,0.09057124909790182,,6.142810171106095e-19,3.082577852066524,0.006498370464428703,0.49413589999999985,,,,,
linear_standard,"Log-linear, alocação padrão",0.0,1.0,DML-quadratic,15,2664013071,2798429214,12000,2000,540,0.045,True,True,,,False,"{""theta"": [-0.24592162799045159, -0.28262407022835806, -0.09157852017080385], ""se"": [0.09122494410172495, 0.09350208999138547, 0.15030812133013569], ""moment_norm"": 2.1083282450046406e-18, ""jac_condition"": 6.249621633547981, ""cov"": [[0.008321990426362842, -0.0046095524509887804, 0.002402278023870358], [-0.0046095524509887804, 0.008742640832757146, -0.004028790188363011], [0.002402278023870358, -0.004028790188363011, 0.022592531337794788]], ""jac_singular_values"": [0.02175556163667308, 0.007410412733559079, 0.0034811006029371733]}",,0.09416957560269754,0.07713590829558249,-0.04161311326606993,0.955514227166475,-0.24592162799045159,-0.28262407022835806,-0.09157852017080385,0.09122494410172495,0.09350208999138547,0.15030812133013569,2.1083282450046406e-18,6.249621633547981,0.0034811006029371733,0.6987126000000004,,,,,
linear_standard,"Log-linear, alocação padrão",0.0,1.0,Log-mean-linear,15,2664013071,2798429214,12000,2000,540,0.045,True,True,,,False,,"[-3.185493355474388, 0.5846062870533173, 0.3029190585472872, -0.22108907649034185, -0.32146591848524425]",0.11185355756741162,0.07739573513856778,-0.0020786774093408764,0.8457780113168568,-0.22108907649034185,-0.32146591848524425,,,,,,,,0.0026314999999996758,0.0,11.0,2.142283265528048e-10,0.0,
linear_standard,"Log-linear, alocação padrão",0.0,1.0,Log-mean-quadratic,15,2664013071,2798429214,12000,2000,540,0.045,True,True,,,False,,"[-3.1571994088732076, 0.5853416922489294, 0.30288726311704883, -0.22543860250147313, -0.3089075649462333, -0.08757816127803549]",0.11219171030952808,0.08915489265353771,-0.038890666291840084,0.8482153632008392,-0.22543860250147313,-0.3089075649462333,-0.08757816127803549,,,,,,,0.003408600000000206,0.0,15.0,3.1085557394376164e-10,0.0,
linear_standard,"Log-linear, alocação padrão",0.0,1.0,S-learner,15,2664013071,2798429214,12000,2000,540,0.045,True,True,,,False,,,0.43141946170839685,0.4139909990205276,0.27598676936246397,-0.14843560050414364,,,,,,,,,,0.08880150000000242,,,,0.0,0.0
linear_standard,"Log-linear, alocação padrão",0.0,1.0,DML-linear,16,816554227,2992940222,12000,2000,553,0.04608333333333333,True,True,,,False,"{""theta"": [-0.3307479751288757, -0.2590410568151399], ""se"": [0.0888953950330592, 0.0888953950330592], ""moment_norm"": 6.93011384060712e-19, ""jac_condition"": 3.1743321927305574, ""cov"": [[0.007902391258083645, -0.003921891289381486], [-0.003921891289381486, 0.007902391258083646]], ""jac_singular_values"": [0.021646388056868898, 0.00681919431949833]}",,0.03922954790630749,0.036399847343610965,0.002957800229322093,0.957461266342867,-0.3307479751288757,-0.2590410568151399,,0.0888953950330592,0.0888953950330592,,6.93011384060712e-19,3.1743321927305574,0.00681919431949833,0.5015636000000008,,,,,
linear_standard,"Log-linear, alocação padrão",0.0,1.0,DML-quadratic,16,816554227,2992940222,12000,2000,553,0.04608333333333333,True,True,,,False,"{""theta"": [-0.3323138585408901, -0.26933541085378476, 0.04180238990750085], ""se"": [0.08845184977408778, 0.09150913277600368, 0.14741199414489628], ""moment_norm"": 1.2020032767061992e-18, ""jac_condition"": 6.363893664576933, ""cov"": [[0.007823729728457792, -0.0042059971705969736, 0.0008761083586544337], [-0.0042059971705969736, 0.008373921381416273, -0.0036118087600776417], [0.0008761083586544337, -0.0036118087600776417, 0.021730296017774937]], ""jac_singular_values"": [0.022155715159077882, 0.006915622799712431, 0.0034814716157817475]}",,0.049238179670557776,0.04632324203840332,0.022080042726754984,0.957461266342867,-0.3323138585408901,-0.26933541085378476,0.04180238990750085,0.08845184977408778,0.09150913277600368,0.14741199414489628,1.2020032767061992e-18,6.363893664576933,0.0034814716157817475,0.7239958999999985,,,,,
linear_standard,"Log-linear, alocação padrão",0.0,1.0,Log-mean-linear,16,816554227,2992940222,12000,2000,553,0.04608333333333333,True,True,,,False,,"[-3.1758812200052287, 0.5938280772922487, 0.4553254568871281, -0.3209544567616397, -0.27147642029496005]",0.0487274611222199,0.043911356962037,0.003013019075499682,0.8330776194711041,-0.3209544567616397,-0.27147642029496005,,,,,,,,0.0029170000000000584,0.0,12.0,4.9439854183109165e-11,0.0,
linear_standard,"Log-linear, alocação padrão",0.0,1.0,Log-mean-quadratic,16,816554227,2992940222,12000,2000,553,0.04608333333333333,True,True,,,False,,"[-3.1760070671115073, 0.5938212110869027, 0.45532409598631207, -0.32092366011701334, -0.27154039179433553, 0.0003973899993505518]",0.04877255804213718,0.043982947367093385,0.0031829418370258587,0.8455511815730679,-0.32092366011701334,-0.27154039179433553,0.0003973899993505518,,,,,,,0.0046442000000013195,0.0,16.0,7.827892820055915e-10,0.0,
linear_standard,"Log-linear, alocação padrão",0.0,1.0,S-learner,16,816554227,2992940222,12000,2000,553,0.04608333333333333,True,True,,,False,,,0.29851005126613384,0.2341589248319047,0.040827505885612556,0.504857543610458,,,,,,,,,,0.10278510000000196,,,,0.0,0.0
linear_standard,"Log-linear, alocação padrão",0.0,1.0,DML-linear,17,658283103,544183002,12000,2000,526,0.043833333333333335,True,True,,,False,"{""theta"": [-0.4219810011522669, -0.22787578319095095], ""se"": [0.09697052968081486, 0.09697052968081488], ""moment_norm"": 4.744517157590807e-19, ""jac_condition"": 3.528610476430097, ""cov"": [[0.009403283626577797, -0.00511441091313378], [-0.00511441091313378, 0.009403283626577798]], ""jac_singular_values"": [0.02052659789997068, 0.005817190091420202]}",,0.04837342811570905,0.04540310617078018,0.013608170119065106,0.9544558795572893,-0.4219810011522669,-0.22787578319095095,,0.09697052968081486,0.09697052968081488,,4.744517157590807e-19,3.528610476430097,0.005817190091420202,0.5027554999999992,,,,,
linear_standard,"Log-linear, alocação padrão",0.0,1.0,DML-quadratic,17,658283103,544183002,12000,2000,526,0.043833333333333335,True,True,,,False,"{""theta"": [-0.42001753999338215, -0.21596219652100043, -0.04970117012659206], ""se"": [0.0960775286929707, 0.099878307231852, 0.15041307107675264], ""moment_norm"": 1.7464656050367479e-16, ""jac_condition"": 6.210370919944239, ""cov"": [[0.009230891519748608, -0.005588014928757375, 0.0016650366656946376], [-0.005588014928757375, 0.009975676255500217, -0.003907975319995836], [0.0016650366656946376, -0.003907975319995836, 0.022624091950740246]], ""jac_singular_values"": [0.022075239276531895, 0.006241155511728189, 0.0035545766204782663]}",,0.050757019757287906,0.03801343681254208,-0.008583946877518327,0.9544558795572893,-0.42001753999338215,-0.21596219652100043,-0.04970117012659206,0.0960775286929707,0.099878307231852,0.15041307107675264,1.7464656050367479e-16,6.210370919944239,0.0035545766204782663,0.7088871999999995,,,,,
linear_standard,"Log-linear, alocação padrão",0.0,1.0,Log-mean-linear,17,658283103,544183002,12000,2000,526,0.043833333333333335,True,True,,,False,,"[-3.2563529095491317, 0.6527729092652232, 0.3911503767861163, -0.3872693663092318, -0.21819259585050124]",0.025948894210370502,0.02342215240292654,0.007053052489173604,0.8305132698860318,-0.3872693663092318,-0.21819259585050124,,,,,,,,0.003016799999997488,0.0,13.0,7.870198057570732e-10,0.0,
linear_standard,"Log-linear, alocação padrão",0.0,1.0,Log-mean-quadratic,17,658283103,544183002,12000,2000,526,0.043833333333333335,True,True,,,False,,"[-3.241136848035518, 0.653693794103407, 0.39089659064349286, -0.39178554978588037, -0.2096198318577296, -0.04842172354705023]",0.035170236275608155,0.022256327930149467,-0.013100813831851141,0.8358799852187287,-0.39178554978588037,-0.2096198318577296,-0.04842172354705023,,,,,,,0.003710199999996888,0.0,17.0,2.4187226103829693e-09,0.0,
linear_standard,"Log-linear, alocação padrão",0.0,1.0,S-learner,17,658283103,544183002,12000,2000,526,0.043833333333333335,True,True,,,False,,,0.3532656785054552,0.2582523415462664,0.04105789690260784,0.5291930249315915,,,,,,,,,,0.08513590000000093,,,,0.0,0.0
linear_standard,"Log-linear, alocação padrão",0.0,1.0,DML-linear,18,2344407662,4154570341,12000,2000,557,0.04641666666666667,True,True,,,False,"{""theta"": [-0.3108237218720682, -0.3124292017502115], ""se"": [0.08754915929181246, 0.08754915929181248], ""moment_norm"": 7.010324519280918e-19, ""jac_condition"": 3.371269538391516, ""cov"": [[0.007664855292703152, -0.004091467550434279], [-0.004091467550434279, 0.007664855292703154]], ""jac_singular_values"": [0.023739375241937644, 0.007041672275561823]}",,0.07583591715621388,0.0698869331582457,0.00635873194102169,0.9528255977578474,-0.3108237218720682,-0.3124292017502115,,0.08754915929181246,0.08754915929181248,,7.010324519280918e-19,3.371269538391516,0.007041672275561823,0.49958309999999884,,,,,
linear_standard,"Log-linear, alocação padrão",0.0,1.0,DML-quadratic,18,2344407662,4154570341,12000,2000,557,0.04641666666666667,True,True,,,False,"{""theta"": [-0.31392912159104186, -0.3726801105929068, 0.24816549143695005], ""se"": [0.08765710657905809, 0.09089192821366497, 0.14472424620876623], ""moment_norm"": 3.16770217756901e-16, ""jac_condition"": 6.459621638052489, ""cov"": [[0.00768376833381235, -0.004521127249155101, 0.0017910251183092282], [-0.004521127249155101, 0.008261342614398027, -0.0036813277265194634], [0.0017910251183092282, -0.0036813277265194634, 0.020945107440695585]], ""jac_singular_values"": [0.02144181931615218, 0.006470980119278921, 0.0033193614916765734]}",,0.1611321129934823,0.14528017446539865,0.1283901115712315,0.9528255977578474,-0.31392912159104186,-0.3726801105929068,0.24816549143695005,0.08765710657905809,0.09089192821366497,0.14472424620876623,3.16770217756901e-16,6.459621638052489,0.0033193614916765734,0.7067063000000005,,,,,
linear_standard,"Log-linear, alocação padrão",0.0,1.0,Log-mean-linear,18,2344407662,4154570341,12000,2000,557,0.04641666666666667,True,True,,,False,,"[-3.2353437599856645, 0.6943431115606278, 0.5230486037355856, -0.3398539144821093, -0.3036368947904077]",0.06600581313130707,0.06479221168243977,0.00908956637936504,0.8318196905040812,-0.3398539144821093,-0.3036368947904077,,,,,,,,0.0028292999999983692,0.0,13.0,3.092541708188401e-09,0.0,
linear_standard,"Log-linear, alocação padrão",0.0,1.0,Log-mean-quadratic,18,2344407662,4154570341,12000,2000,557,0.04641666666666667,True,True,,,False,,"[-3.293930075305026, 0.6919122622532317, 0.522697866489107, -0.32649279354935495, -0.32809033827315076, 0.1750752552702879]",0.11622833271723944,0.10226295292242982,0.08820581339230162,0.8526662105005035,-0.32649279354935495,-0.32809033827315076,0.1750752552702879,,,,,,,0.006560799999999034,0.0,18.0,3.3719176803966485e-10,0.0,
linear_standard,"Log-linear, alocação padrão",0.0,1.0,S-learner,18,2344407662,4154570341,12000,2000,557,0.04641666666666667,True,True,,,False,,,0.3807348404017979,0.36326283877110943,0.26375321029540405,0.7571022348736589,,,,,,,,,,0.08418319999999824,,,,0.0,0.0
linear_standard,"Log-linear, alocação padrão",0.0,1.0,DML-linear,19,2102206096,1162079002,12000,2000,544,0.04533333333333334,True,True,,,False,"{""theta"": [-0.23690538888560958, -0.2610018619971525], ""se"": [0.09295142567158313, 0.09295142567158314], ""moment_norm"": 6.430260406005664e-19, ""jac_condition"": 3.1447025747139135, ""cov"": [[0.008639967534379843, -0.004635129372875201], [-0.004635129372875201, 0.008639967534379844]], ""jac_singular_values"": [0.020210812671010516, 0.006426939333952489]}",,0.0805869938782729,0.06826987557137296,-0.007858470936509657,0.953742316528237,-0.23690538888560958,-0.2610018619971525,,0.09295142567158313,0.09295142567158314,,6.430260406005664e-19,3.1447025747139135,0.006426939333952489,0.48804349999999985,,,,,
linear_standard,"Log-linear, alocação padrão",0.0,1.0,DML-quadratic,19,2102206096,1162079002,12000,2000,544,0.04533333333333334,True,True,,,False,"{""theta"": [-0.23474859142835047, -0.231424942186991, -0.1283462294244819], ""se"": [0.09253332048411855, 0.09490462015924234, 0.14572996002448865], ""moment_norm"": 9.539701097412885e-19, ""jac_condition"": 5.900970603573456, ""cov"": [[0.008562415399816595, -0.00488019870961743, 0.0009704473894473374], [-0.00488019870961743, 0.009006886927570066, -0.0032983624283000664], [0.0009704473894473374, -0.0032983624283000664, 0.021237221248739065]], ""jac_singular_values"": [0.0225574906462662, 0.00723023260046084, 0.0038226746346789187]}",,0.09609728804003112,0.08162907331482251,-0.06219851418363104,0.953742316528237,-0.23474859142835047,-0.231424942186991,-0.1283462294244819,0.09253332048411855,0.09490462015924234,0.14572996002448865,9.539701097412885e-19,5.900970603573456,0.0038226746346789187,0.6968106000000027,,,,,
linear_standard,"Log-linear, alocação padrão",0.0,1.0,Log-mean-linear,19,2102206096,1162079002,12000,2000,544,0.04533333333333334,True,True,,,False,,"[-3.226428927002434, 0.6004388304923521, 0.53525438505869, -0.22597852644139754, -0.24526904472883965]",0.08296032538256921,0.07547979605685075,-0.010570872386587488,0.8350058017437654,-0.22597852644139754,-0.24526904472883965,,,,,,,,0.002938499999999067,0.0,12.0,1.0590059871060792e-09,0.0,
linear_standard,"Log-linear, alocação padrão",0.0,1.0,Log-mean-quadratic,19,2102206096,1162079002,12000,2000,544,0.04533333333333334,True,True,,,False,,"[-3.187645194749018, 0.6013418489563788, 0.5350406584578824, -0.23071204721310312, -0.2251344191617098, -0.12183625868559818]",0.09553345296518517,0.08168819692442662,-0.06061641818100793,0.8457795843057784,-0.23071204721310312,-0.2251344191617098,-0.12183625868559818,,,,,,,0.0035330000000008965,0.0,15.0,5.327862948575583e-10,0.0,
linear_standard,"Log-linear, alocação padrão",0.0,1.0,S-learner,19,2102206096,1162079002,12000,2000,544,0.04533333333333334,True,True,,,False,,,0.25469043477683057,0.19909795637188205,-0.005014125792035546,0.17937784170674956,,,,,,,,,,0.09017669999999711,,,,0.0,0.0
linear_standard,"Log-linear, alocação padrão",0.0,1.0,DML-linear,20,3331645260,54487892,12000,2000,526,0.043833333333333335,True,True,,,False,"{""theta"": [-0.29650918247271113, -0.3365807388624869], ""se"": [0.09421119764170921, 0.09421119764170918], ""moment_norm"": 7.318375193969691e-19, ""jac_condition"": 3.810835457218962, ""cov"": [[0.008875749761085195, -0.004985996170899481], [-0.004985996170899481, 0.00887574976108519]], ""jac_singular_values"": [0.0223956670583376, 0.005876839162896136]}",,0.09339764109049001,0.08476521419997977,0.007810627970904081,0.9574975587626792,-0.29650918247271113,-0.3365807388624869,,0.09421119764170921,0.09421119764170918,,7.318375193969691e-19,3.810835457218962,0.005876839162896136,0.5037695000000006,,,,,
linear_standard,"Log-linear, alocação padrão",0.0,1.0,DML-quadratic,20,3331645260,54487892,12000,2000,526,0.043833333333333335,True,True,,,False,"{""theta"": [-0.2908647224439183, -0.3920250754083198, 0.21457279847859628], ""se"": [0.09534950776469343, 0.09655850185411255, 0.1517770409777066], ""moment_norm"": 1.2962266866179347e-18, ""jac_condition"": 6.827790889679128, ""cov"": [[0.009091528630969334, -0.005527122177412854, 0.0021015549795048785], [-0.005527122177412854, 0.009323544280310658, -0.0036915198009411948], [0.0021015549795048785, -0.0036915198009411948, 0.02303627016794843]], ""jac_singular_values"": [0.020485050498777062, 0.005701072771165358, 0.0030002457353728003]}",,0.16232239178033203,0.15111403669180168,0.11240331372440268,0.9574975587626792,-0.2908647224439183,-0.3920250754083198,0.21457279847859628,0.09534950776469343,0.09655850185411255,0.1517770409777066,1.2962266866179347e-18,6.827790889679128,0.0030002457353728003,0.8778210999999985,,,,,
linear_standard,"Log-linear, alocação padrão",0.0,1.0,Log-mean-linear,20,3331645260,54487892,12000,2000,526,0.043833333333333335,True,True,,,False,,"[-3.22844038219979, 0.6248415466948379, 0.32629808878379307, -0.3183213392102128, -0.36691725550568327]",0.10784510436671481,0.10434060751439288,0.014894548177424178,0.8447356266694747,-0.3183213392102128,-0.36691725550568327,,,,,,,,0.003211699999997819,0.0,14.0,9.503500793747731e-10,0.0,
linear_standard,"Log-linear, alocação padrão",0.0,1.0,Log-mean-quadratic,20,3331645260,54487892,12000,2000,526,0.043833333333333335,True,True,,,False,,"[-3.2905025872943052, 0.6230522040265751, 0.32713977067706124, -0.3052651517873542, -0.38985372080437114, 0.1861306339109037]",0.15130371370187168,0.1417593281402602,0.10043146555257018,0.850423463499336,-0.3052651517873542,-0.38985372080437114,0.1861306339109037,,,,,,,0.003781799999998725,0.0,16.0,8.011508854457311e-09,0.0,
linear_standard,"Log-linear, alocação padrão",0.0,1.0,S-learner,20,3331645260,54487892,12000,2000,526,0.043833333333333335,True,True,,,False,,,0.6347330696558214,0.8480547084361147,0.8054000177726317,-0.18801643294450374,,,,,,,,,,0.09416150000000201,,,,0.0,0.0
linear_standard,"Log-linear, alocação padrão",0.0,1.0,DML-linear,21,3421194737,2008676538,12000,2000,585,0.04875,True,True,,,False,"{""theta"": [-0.3366099072678891, -0.21160318073454756], ""se"": [0.08744019844734342, 0.08744019844734341], ""moment_norm"": 5.813581510921905e-19, ""jac_condition"": 3.137152337688127, ""cov"": [[0.007645788304510798, -0.003997876025003249], [-0.003997876025003249, 0.007645788304510796]], ""jac_singular_values"": [0.02282021072115704, 0.007274179977493226]}",,0.011354615634152463,0.008295403760598471,-0.0009033213767200455,0.9528358050362081,-0.3366099072678891,-0.21160318073454756,,0.08744019844734342,0.08744019844734341,,5.813581510921905e-19,3.137152337688127,0.007274179977493226,0.5172133000000017,,,,,
linear_standard,"Log-linear, alocação padrão",0.0,1.0,DML-quadratic,21,3421194737,2008676538,12000,2000,585,0.04875,True,True,,,False,"{""theta"": [-0.33749095677741353, -0.22387331102237515, 0.052564013701241946], ""se"": [0.08719307265464554, 0.09077395349029191, 0.1432107718066008], ""moment_norm"": 4.934328694937812e-19, ""jac_condition"": 6.13790608779213, ""cov"": [[0.007602631918958295, -0.004389805544545525, 0.0015899908466269635], [-0.004389805544545525, 0.008239910632257678, -0.0036398277518416926], [0.0015899908466269635, -0.0036398277518416926, 0.02050932516144229]], ""jac_singular_values"": [0.02297657703401889, 0.007391961765399178, 0.0037433901244787226]}",,0.029970625461599707,0.024220036003397734,0.02255050609181687,0.9528358050362081,-0.33749095677741353,-0.22387331102237515,0.052564013701241946,0.08719307265464554,0.09077395349029191,0.1432107718066008,4.934328694937812e-19,6.13790608779213,0.0037433901244787226,0.7194167,,,,,
linear_standard,"Log-linear, alocação padrão",0.0,1.0,Log-mean-linear,21,3421194737,2008676538,12000,2000,585,0.04875,True,True,,,False,,"[-3.1492100508589895, 0.6217235231916589, 0.39083186551927085, -0.34119429995641115, -0.20522046107085792]",0.00655060110283268,0.005465834639906028,-0.0008057030661291251,0.8430535228304179,-0.34119429995641115,-0.20522046107085792,,,,,,,,0.002870100000002651,0.0,12.0,7.694155051973795e-11,0.0,
linear_standard,"Log-linear, alocação padrão",0.0,1.0,Log-mean-quadratic,21,3421194737,2008676538,12000,2000,585,0.04875,True,True,,,False,,"[-3.171745855217319, 0.6208340430257125, 0.3904768823488602, -0.33625120505808864, -0.2170877940482678, 0.07041140832944914]",0.03572524920552765,0.029759172429093126,0.0294679420549411,0.8407262003830821,-0.33625120505808864,-0.2170877940482678,0.07041140832944914,,,,,,,0.003658200000000278,0.0,15.0,6.136597419936773e-10,0.0,
linear_standard,"Log-linear, alocação padrão",0.0,1.0,S-learner,21,3421194737,2008676538,12000,2000,585,0.04875,True,True,,,False,,,0.2627457131346114,0.18470569853121885,-0.04800583902286698,0.7792109418423202,,,,,,,,,,0.08729049999999816,,,,0.0,0.0
linear_standard,"Log-linear, alocação padrão",0.0,1.0,DML-linear,22,2127936806,3384451819,12000,2000,545,0.04541666666666667,True,True,,,False,"{""theta"": [-0.36895799288061626, -0.18742066335222024], ""se"": [0.09143838920092964, 0.09143838920092964], ""moment_norm"": 1.2195296588258047e-18, ""jac_condition"": 3.2309241834450497, ""cov"": [[0.008360979019660686, -0.0044311887755697915], [-0.0044311887755697915, 0.008360979019660686]], ""jac_singular_values"": [0.02155978424401648, 0.006672946506911792]}",,0.014343033136894154,0.01152785367154539,0.0017714383868743875,0.9563906488086429,-0.36895799288061626,-0.18742066335222024,,0.09143838920092964,0.09143838920092964,,1.2195296588258047e-18,3.2309241834450497,0.006672946506911792,0.5024856,,,,,
linear_standard,"Log-linear, alocação padrão",0.0,1.0,DML-quadratic,22,2127936806,3384451819,12000,2000,545,0.04541666666666667,True,True,,,False,"{""theta"": [-0.3745531657452359, -0.21097629642437482, 0.09848812242782573], ""se"": [0.09066544371479068, 0.09547173638075916, 0.14662578184011357], ""moment_norm"": 1.054788747500791e-18, ""jac_condition"": 6.2240989809774625, ""cov"": [[0.008220222683999879, -0.004664642503483814, 0.0008075926394472617], [-0.004664642503483814, 0.009114852447557173, -0.004121052358227891], [0.0008075926394472617, -0.004121052358227891, 0.021499119900224576]], ""jac_singular_values"": [0.02152754401572912, 0.0065019181901506675, 0.00345874062760299]}",,0.049005555815458346,0.047165760059806196,0.047165760059806196,0.9563906488086429,-0.3745531657452359,-0.21097629642437482,0.09848812242782573,0.09066544371479068,0.09547173638075916,0.14662578184011357,1.054788747500791e-18,6.2240989809774625,0.00345874062760299,0.7091606999999982,,,,,
linear_standard,"Log-linear, alocação padrão",0.0,1.0,Log-mean-linear,22,2127936806,3384451819,12000,2000,545,0.04541666666666667,True,True,,,False,,"[-3.2514486531557036, 0.6605730525402003, 0.4682639224429499, -0.37268519088270113, -0.16821694834934786]",0.024614517613011956,0.019297167833127765,0.0008961629823416581,0.8464033110239262,-0.37268519088270113,-0.16821694834934786,,,,,,,,0.0029818000000005895,0.0,12.0,5.198763003393346e-11,0.0,
linear_standard,"Log-linear, alocação padrão",0.0,1.0,Log-mean-quadratic,22,2127936806,3384451819,12000,2000,545,0.04541666666666667,True,True,,,False,,"[-3.268270058682149, 0.6598902280456306, 0.4683574409014984, -0.3690745836427261, -0.17772354414108993, 0.05266130999755497]",0.030742541284207257,0.025297095969138147,0.023407633960646726,0.8370608600031177,-0.3690745836427261,-0.17772354414108993,0.05266130999755497,,,,,,,0.0035732999999993353,0.0,15.0,8.806514151642649e-10,0.0,
linear_standard,"Log-linear, alocação padrão",0.0,1.0,S-learner,22,2127936806,3384451819,12000,2000,545,0.04541666666666667,True,True,,,False,,,0.36719123975288165,0.3690402003154858,0.21382192559161575,0.5392794172999166,,,,,,,,,,0.08691979999999688,,,,0.0,0.0
linear_standard,"Log-linear, alocação padrão",0.0,1.0,DML-linear,23,2521422285,28031347,12000,2000,577,0.04808333333333333,True,True,,,False,"{""theta"": [-0.3582635751793384, -0.1932309815619961], ""se"": [0.08608532845730045, 0.08608532845730045], ""moment_norm"": 6.148760144368936e-18, ""jac_condition"": 3.1871960089220943, ""cov"": [[0.007410683775601303, -0.003955230955794363], [-0.003955230955794363, 0.007410683775601303]], ""jac_singular_values"": [0.02406025795265014, 0.007549036170131027]}",,0.006775766255462102,0.005042510975044641,0.0006456711762897518,0.9600051276885901,-0.3582635751793384,-0.1932309815619961,,0.08608532845730045,0.08608532845730045,,6.148760144368936e-18,3.1871960089220943,0.007549036170131027,0.49872450000000157,,,,,
linear_standard,"Log-linear, alocação padrão",0.0,1.0,DML-quadratic,23,2521422285,28031347,12000,2000,577,0.04808333333333333,True,True,,,False,"{""theta"": [-0.3618298646355874, -0.25614601942951515, 0.24734006996459545], ""se"": [0.0860275980969802, 0.09144146941789992, 0.14674803234451445], ""moment_norm"": 8.250399076873798e-19, ""jac_condition"": 6.933231169973046, ""cov"": [[0.007400747634335552, -0.004375462798822617, 0.0016447878632764121], [-0.004375462798822617, 0.008361542329304727, -0.004543721335563259], [0.0016447878632764121, -0.004543721335563259, 0.021534984996986656]], ""jac_singular_values"": [0.02195189815218348, 0.006956717571915279, 0.0031661858106295944]}",,0.12093750245750766,0.1187258959050314,0.1187258959050314,0.9600051276885901,-0.3618298646355874,-0.25614601942951515,0.24734006996459545,0.0860275980969802,0.09144146941789992,0.14674803234451445,8.250399076873798e-19,6.933231169973046,0.0031661858106295944,0.7006692000000001,,,,,
linear_standard,"Log-linear, alocação padrão",0.0,1.0,Log-mean-linear,23,2521422285,28031347,12000,2000,577,0.04808333333333333,True,True,,,False,,"[-3.1672143708171596, 0.6545130438996499, 0.3376096608745359, -0.3752281253341963, -0.21097362929874303]",0.017361528950185327,0.015972681577071882,0.004661174040730376,0.8399168398960138,-0.3752281253341963,-0.21097362929874303,,,,,,,,0.00287869999999657,0.0,12.0,1.5780484292811833e-09,0.0,
linear_standard,"Log-linear, alocação padrão",0.0,1.0,Log-mean-quadratic,23,2521422285,28031347,12000,2000,577,0.04808333333333333,True,True,,,False,,"[-3.229984223433426, 0.6502305955728025, 0.33644967391525754, -0.358937299171571, -0.24489385048175533, 0.19433392679299963]",0.09515260506408395,0.09170857653621287,0.09170857653621287,0.8504002004953548,-0.358937299171571,-0.24489385048175533,0.19433392679299963,,,,,,,0.0039765000000002715,0.0,15.0,6.059904696005999e-10,0.0,
linear_standard,"Log-linear, alocação padrão",0.0,1.0,S-learner,23,2521422285,28031347,12000,2000,577,0.04808333333333333,True,True,,,False,,,0.43658194664761346,0.4998403182994559,0.46901667698976934,0.6824241462702649,,,,,,,,,,0.12232979999999571,,,,0.0,0.0
linear_standard,"Log-linear, alocação padrão",0.0,1.0,DML-linear,24,2575221076,1021257803,12000,2000,576,0.048,True,True,,,False,"{""theta"": [-0.29448476506395066, -0.3245823642132462], ""se"": [0.09062328037184107, 0.09062328037184109], ""moment_norm"": 1.7814598640388953e-16, ""jac_condition"": 3.7863568928269604, ""cov"": [[0.008212578945353316, -0.004801867781231014], [-0.004801867781231014, 0.008212578945353318]], ""jac_singular_values"": [0.02389604543409863, 0.006311091666865408]}",,0.08712332092097679,0.07741585180758088,0.005883149368591256,0.9509715758521151,-0.29448476506395066,-0.3245823642132462,,0.09062328037184107,0.09062328037184109,,1.7814598640388953e-16,3.7863568928269604,0.006311091666865408,0.5391149000000013,,,,,
linear_standard,"Log-linear, alocação padrão",0.0,1.0,DML-quadratic,24,2575221076,1021257803,12000,2000,576,0.048,True,True,,,False,"{""theta"": [-0.29827950240080736, -0.3375113522683685, 0.07548299037837378], ""se"": [0.09021447478772164, 0.09090644403634547, 0.13861504350471432], ""moment_norm"": 7.083323535354888e-17, ""jac_condition"": 5.934986237106078, ""cov"": [[0.008138651461224463, -0.004984232937450471, 0.0005444375095842527], [-0.004984232937450471, 0.00826398156733321, -0.0017260501485656513], [0.0005444375095842527, -0.0017260501485656513, 0.01921413028581384]], ""jac_singular_values"": [0.02361453906925914, 0.006155351771247926, 0.003978870064031299]}",,0.10013586209569655,0.09318168623716296,0.04058064007619659,0.9509715758521151,-0.29827950240080736,-0.3375113522683685,0.07548299037837378,0.09021447478772164,0.09090644403634547,0.13861504350471432,7.083323535354888e-17,5.934986237106078,0.003978870064031299,0.764243300000004,,,,,
linear_standard,"Log-linear, alocação padrão",0.0,1.0,Log-mean-linear,24,2575221076,1021257803,12000,2000,576,0.048,True,True,,,False,,"[-3.1794256234575853, 0.6929635684670102, 0.3384483930421997, -0.2935727358490259, -0.34439500693107356]",0.09894227849992213,0.08985407082883808,0.00845095649780544,0.8285747397936455,-0.2935727358490259,-0.34439500693107356,,,,,,,,0.0032455999999996266,0.0,14.0,9.81394665667638e-10,0.0,
linear_standard,"Log-linear, alocação padrão",0.0,1.0,Log-mean-quadratic,24,2575221076,1021257803,12000,2000,576,0.048,True,True,,,False,,"[-3.2198581313206276, 0.6915344483682752, 0.3386444247387489, -0.2860179220248167, -0.36096209756792913, 0.12280581837917325]",0.12451962534218301,0.11378416453911566,0.06366393142546176,0.8489276585829847,-0.2860179220248167,-0.36096209756792913,0.12280581837917325,,,,,,,0.0039544000000049095,0.0,17.0,1.3506924779153652e-09,0.0,
linear_standard,"Log-linear, alocação padrão",0.0,1.0,S-learner,24,2575221076,1021257803,12000,2000,576,0.048,True,True,,,False,,,0.3029498458800983,0.22077613475270044,-0.022555334473791242,0.7515840636205476,,,,,,,,,,0.0844296,,,,0.0,0.0
linear_standard,"Log-linear, alocação padrão",0.0,1.0,DML-linear,25,4178232527,1551702522,12000,2000,576,0.048,True,True,,,False,"{""theta"": [-0.4856446435692191, -0.12236138022221553], ""se"": [0.0919756745016628, 0.09197567450166283], ""moment_norm"": 5.497398027568491e-19, ""jac_condition"": 2.9733958560459737, ""cov"": [[0.008459524700035826, -0.0042501609537016535], [-0.0042501609537016535, 0.00845952470003583]], ""jac_singular_values"": [0.019962926794118166, 0.006713847654534939]}",,0.09935788830241309,0.08444017294664906,0.0179974905746651,0.9514947920269556,-0.4856446435692191,-0.12236138022221553,,0.0919756745016628,0.09197567450166283,,5.497398027568491e-19,2.9733958560459737,0.006713847654534939,0.4816529000000003,,,,,
linear_standard,"Log-linear, alocação padrão",0.0,1.0,DML-quadratic,25,4178232527,1551702522,12000,2000,576,0.048,True,True,,,False,"{""theta"": [-0.4876323000761068, -0.10366222894421574, -0.06787000484026391], ""se"": [0.09291938284957088, 0.09806808306948654, 0.1543522234936913], ""moment_norm"": 9.587977861745586e-16, ""jac_condition"": 6.49779884693468, ""cov"": [[0.008634011709145127, -0.005141531392962271, 0.003270721521923251], [-0.005141531392962271, 0.009617348916923712, -0.005374131091426024], [0.003270721521923251, -0.005374131091426024, 0.02382460889744643]], ""jac_singular_values"": [0.021562777400575297, 0.0074677059985886, 0.0033184741338595732]}",,0.11144089792101354,0.07994497569176315,-0.010932733802101203,0.9514947920269556,-0.4876323000761068,-0.10366222894421574,-0.06787000484026391,0.09291938284957088,0.09806808306948654,0.1543522234936913,9.587977861745586e-16,6.49779884693468,0.0033184741338595732,0.6850450999999964,,,,,
linear_standard,"Log-linear, alocação padrão",0.0,1.0,Log-mean-linear,25,4178232527,1551702522,12000,2000,576,0.048,True,True,,,False,,"[-3.1262121844121684, 0.53107670534569, 0.40816331058386796, -0.4763384309453074, -0.14409163266575864]",0.08776483505696346,0.07876431385080979,0.017348896824417065,0.8340252465384961,-0.4763384309453074,-0.14409163266575864,,,,,,,,0.0028426000000010276,0.0,12.0,1.276052356349866e-10,0.0,
linear_standard,"Log-linear, alocação padrão",0.0,1.0,Log-mean-quadratic,25,4178232527,1551702522,12000,2000,576,0.048,True,True,,,False,,"[-3.0964655820468154, 0.5341552301038047, 0.4081682731669712, -0.48903644481104896, -0.12270672885177587, -0.10157128637080405]",0.11167022838794224,0.07831112185705057,-0.02358951469154335,0.8344502986622958,-0.48903644481104896,-0.12270672885177587,-0.10157128637080405,,,,,,,0.0031061999999977274,0.0,13.0,4.696427100235601e-10,0.0,
linear_standard,"Log-linear, alocação padrão",0.0,1.0,S-learner,25,4178232527,1551702522,12000,2000,576,0.048,True,True,,,False,,,0.20808062015527637,0.1557894299818402,-0.03610068360223788,0.17710034964469587,,,,,,,,,,0.0824663000000001,,,,0.0,0.0
linear_standard,"Log-linear, alocação padrão",0.0,1.0,DML-linear,26,3219443373,2350889511,12000,2000,554,0.04616666666666667,True,True,,,False,"{""theta"": [-0.3051572005102597, -0.15522062582451066], ""se"": [0.09360268828067968, 0.09360268828067968], ""moment_norm"": 6.981103616620793e-19, ""jac_condition"": 3.7079458708737953, ""cov"": [[0.008761463253370088, -0.005036954543664494], [-0.005036954543664494, 0.008761463253370088]], ""jac_singular_values"": [0.02225043086782226, 0.006000743172277981]}",,0.040000023788223545,0.028463784570993595,-0.009232935226331724,0.9564763753969815,-0.3051572005102597,-0.15522062582451066,,0.09360268828067968,0.09360268828067968,,6.981103616620793e-19,3.7079458708737953,0.006000743172277981,0.4882683999999955,,,,,
linear_standard,"Log-linear, alocação padrão",0.0,1.0,DML-quadratic,26,3219443373,2350889511,12000,2000,554,0.04616666666666667,True,True,,,False,"{""theta"": [-0.30460040532138694, -0.16088012167535418, 0.021124989635610762], ""se"": [0.09412123075073303, 0.0986797441604075, 0.14851731031111703], ""moment_norm"": 4.778353689622286e-17, ""jac_condition"": 6.847673806822523, ""cov"": [[0.008858806078032733, -0.005550045525911212, 0.0020257480148444624], [-0.005550045525911212, 0.00973769190756348, -0.00476761512328683], [0.0020257480148444624, -0.00476761512328683, 0.02205739146204863]], ""jac_singular_values"": [0.022767011198665796, 0.006449926336423414, 0.0033247803328456454]}",,0.0390898868043583,0.02949610008560815,-0.00016166315122955943,0.9564763753969815,-0.30460040532138694,-0.16088012167535418,0.021124989635610762,0.09412123075073303,0.0986797441604075,0.14851731031111703,4.778353689622286e-17,6.847673806822523,0.0033247803328456454,0.687921799999998,,,,,
linear_standard,"Log-linear, alocação padrão",0.0,1.0,Log-mean-linear,26,3219443373,2350889511,12000,2000,554,0.04616666666666667,True,True,,,False,,"[-3.2257994176266536, 0.6548063734160919, 0.4228493845685616, -0.32435923920156434, -0.14222149099002]",0.03991968355740522,0.03623883501168255,-0.007572717224502761,0.8353500769188225,-0.32435923920156434,-0.14222149099002,,,,,,,,0.002858799999998496,0.0,12.0,1.8821877872943204e-10,0.0,
linear_standard,"Log-linear, alocação padrão",0.0,1.0,Log-mean-quadratic,26,3219443373,2350889511,12000,2000,554,0.04616666666666667,True,True,,,False,,"[-3.2295862443519097, 0.6545240818144615, 0.4228502828458368, -0.3233794239306488, -0.14448861011735004, 0.012011027338278746]",0.03927761476786064,0.03433463825106877,-0.0025827235442008743,0.8497242905299467,-0.3233794239306488,-0.14448861011735004,0.012011027338278746,,,,,,,0.0034604000000015844,0.0,15.0,2.1102481903567672e-10,0.0,
linear_standard,"Log-linear, alocação padrão",0.0,1.0,S-learner,26,3219443373,2350889511,12000,2000,554,0.04616666666666667,True,True,,,False,,,0.3494605768137287,0.32766794741406957,0.21857404250393092,-0.062852179102381,,,,,,,,,,0.08260270000000247,,,,0.0,0.0
linear_standard,"Log-linear, alocação padrão",0.0,1.0,DML-linear,27,2496798342,2952166782,12000,2000,572,0.04766666666666667,True,True,,,False,"{""theta"": [-0.2570054338427886, -0.23354137044719242], ""se"": [0.09029668887293106, 0.09029668887293106], ""moment_norm"": 4.709319081099783e-19, ""jac_condition"": 3.613180777776268, ""cov"": [[0.008153492021414912, -0.004698843115220618], [-0.004698843115220618, 0.008153492021414913]], ""jac_singular_values"": [0.02337870627873823, 0.006470394845044718]}",,0.06248371373556969,0.057014905671013485,-0.008545505452752131,0.9510955296912151,-0.2570054338427886,-0.23354137044719242,,0.09029668887293106,0.09029668887293106,,4.709319081099783e-19,3.613180777776268,0.006470394845044718,0.4739137000000042,,,,,
linear_standard,"Log-linear, alocação padrão",0.0,1.0,DML-quadratic,27,2496798342,2952166782,12000,2000,572,0.04766666666666667,True,True,,,False,"{""theta"": [-0.2567313350763409, -0.2593201392942499, 0.11498779602223898], ""se"": [0.0905829928345515, 0.0926369971204529, 0.1405105718620185], ""moment_norm"": 6.5238699755128165e-19, ""jac_condition"": 6.152675944018694, ""cov"": [[0.008205278590864408, -0.004953396667426196, 0.0011154799874981474], [-0.004953396667426196, 0.008581613235494799, -0.0030873783739481186], [0.0011154799874981474, -0.0030873783739481186, 0.019743220804991468]], ""jac_singular_values"": [0.022581990823461198, 0.00639490658226359, 0.0036702714443159023]}",,0.08806512376889068,0.06762406170318427,0.04325330007318576,0.9510955296912151,-0.2567313350763409,-0.2593201392942499,0.11498779602223898,0.0905829928345515,0.0926369971204529,0.1405105718620185,6.5238699755128165e-19,6.152675944018694,0.0036702714443159023,0.6746024999999989,,,,,
linear_standard,"Log-linear, alocação padrão",0.0,1.0,Log-mean-linear,27,2496798342,2952166782,12000,2000,572,0.04766666666666667,True,True,,,False,,"[-3.1602186109340584, 0.6159891974558428, 0.24593676960754285, -0.2635209700485753, -0.242335792970789]",0.06084832735440334,0.05281759744052427,-0.006992451264711498,0.8395941613301523,-0.2635209700485753,-0.242335792970789,,,,,,,,0.002695100000003947,0.0,11.0,1.4390218957919625e-09,0.0,
linear_standard,"Log-linear, alocação padrão",0.0,1.0,Log-mean-quadratic,27,2496798342,2952166782,12000,2000,572,0.04766666666666667,True,True,,,False,,"[-3.194014185103335, 0.6151315181408196, 0.24615975296640197, -0.2575094911587143, -0.2577390525539264, 0.10302179693037523]",0.0840015953843865,0.06405375463558505,0.03789451806125752,0.8405237949119381,-0.2575094911587143,-0.2577390525539264,0.10302179693037523,,,,,,,0.003357200000003502,0.0,15.0,8.001457109341258e-09,0.0,
linear_standard,"Log-linear, alocação padrão",0.0,1.0,S-learner,27,2496798342,2952166782,12000,2000,572,0.04766666666666667,True,True,,,False,,,0.3219830907997107,0.24800480158933874,-0.21713956019340253,0.6591521335154432,,,,,,,,,,0.0808889999999991,,,,0.0,0.0
linear_standard,"Log-linear, alocação padrão",0.0,1.0,DML-linear,28,3837673166,1582763520,12000,2000,562,0.04683333333333333,True,True,,,False,"{""theta"": [-0.2880364681928179, -0.32893814308117497], ""se"": [0.09698761825640742, 0.09698761825640742], ""moment_norm"": 1.8836808160675376e-18, ""jac_condition"": 4.036679066096979, ""cov"": [[0.009406598095050614, -0.005513585233803597], [-0.005513585233803597, 0.009406598095050614]], ""jac_singular_values"": [0.02215144909533622, 0.005487542787679233]}",,0.08990853398400443,0.0785473996280273,0.006137710374482243,0.9506257193844329,-0.2880364681928179,-0.32893814308117497,,0.09698761825640742,0.09698761825640742,,1.8836808160675376e-18,4.036679066096979,0.005487542787679233,0.47720319999999816,,,,,
linear_standard,"Log-linear, alocação padrão",0.0,1.0,DML-quadratic,28,3837673166,1582763520,12000,2000,562,0.04683333333333333,True,True,,,False,"{""theta"": [-0.2856172375345134, -0.28888136689081073, -0.17037460238684202], ""se"": [0.09653938699651762, 0.09773070024665187, 0.14689099916619364], ""moment_norm"": 6.835237024208727e-17, ""jac_condition"": 6.508384078949449, ""cov"": [[0.009319853241663397, -0.005832695840486963, 0.0012330093333779116], [-0.005832695840486963, 0.00955128977070092, -0.0028975301267164656], [0.0012330093333779116, -0.0028975301267164656, 0.0215769656360427]], ""jac_singular_values"": [0.025325254872909153, 0.006336597809141495, 0.0038911739942976797]}",,0.10517201640088084,0.07843994955719746,-0.06743537530228494,0.9506257193844329,-0.2856172375345134,-0.28888136689081073,-0.17037460238684202,0.09653938699651762,0.09773070024665187,0.14689099916619364,6.835237024208727e-17,6.508384078949449,0.0038911739942976797,0.6818966000000017,,,,,
linear_standard,"Log-linear, alocação padrão",0.0,1.0,Log-mean-linear,28,3837673166,1582763520,12000,2000,562,0.04683333333333333,True,True,,,False,,"[-3.206449008487906, 0.6596878417173587, 0.49712406614795335, -0.2927005974619956, -0.3154418396822192]",0.08098979671611414,0.07024613658099808,0.004886778021495669,0.8285979911161263,-0.2927005974619956,-0.3154418396822192,,,,,,,,0.003130399999996314,0.0,14.0,1.0108292664868605e-09,0.0,
linear_standard,"Log-linear, alocação padrão",0.0,1.0,Log-mean-quadratic,28,3837673166,1582763520,12000,2000,562,0.04683333333333333,True,True,,,False,,"[-3.1583288342417752, 0.6605810089474229, 0.49641988786979957, -0.29989056083340127, -0.293032809602993, -0.15179509075611666]",0.09705996708270208,0.06982022862797493,-0.058232885503319266,0.8326667487814298,-0.29989056083340127,-0.293032809602993,-0.15179509075611666,,,,,,,0.0037795000000002688,0.0,19.0,5.207039101307968e-10,0.0,
linear_standard,"Log-linear, alocação padrão",0.0,1.0,S-learner,28,3837673166,1582763520,12000,2000,562,0.04683333333333333,True,True,,,False,,,0.2944262856933903,0.21338154805970952,-0.11181473140771467,0.1807746131217039,,,,,,,,,,0.08060969999999656,,,,0.0,0.0
linear_standard,"Log-linear, alocação padrão",0.0,1.0,DML-linear,29,135979654,671446479,12000,2000,550,0.04583333333333333,True,True,,,False,"{""theta"": [-0.5360271187908459, -0.08508716171763439], ""se"": [0.10564723155157538, 0.10564723155157538], ""moment_norm"": 4.828393312149239e-19, ""jac_condition"": 4.813230548057349, ""cov"": [[0.011161337534512185, -0.00751637841668262], [-0.00751637841668262, 0.011161337534512185]], ""jac_singular_values"": [0.023284694275378694, 0.004837643666326465]}",,0.13704885721380194,0.1141508879147415,0.026667945550885832,0.9572004818677134,-0.5360271187908459,-0.08508716171763439,,0.10564723155157538,0.10564723155157538,,4.828393312149239e-19,4.813230548057349,0.004837643666326465,0.4762390999999937,,,,,
linear_standard,"Log-linear, alocação padrão",0.0,1.0,DML-quadratic,29,135979654,671446479,12000,2000,550,0.04583333333333333,True,True,,,False,"{""theta"": [-0.5394681472256546, -0.1112302468121269, 0.1077338384224901], ""se"": [0.10515355343917536, 0.10952990782875166, 0.14717498499155343], ""moment_norm"": 2.0726332223864818e-18, ""jac_condition"": 6.9286171030720745, ""cov"": [[0.011057269800885507, -0.00796905800726809, 0.0017473618329541933], [-0.00796905800726809, 0.011996800708974836, -0.004283538583850109], [0.0017473618329541933, -0.004283538583850109, 0.021660476207263978]], ""jac_singular_values"": [0.022968335180026948, 0.00487391861590104, 0.003314995595563079]}",,0.14059795980816672,0.13503182608478795,0.0768148644291047,0.9572004818677134,-0.5394681472256546,-0.1112302468121269,0.1077338384224901,0.10515355343917536,0.10952990782875166,0.14717498499155343,2.0726332223864818e-18,6.9286171030720745,0.003314995595563079,0.677046500000003,,,,,
linear_standard,"Log-linear, alocação padrão",0.0,1.0,Log-mean-linear,29,135979654,671446479,12000,2000,550,0.04583333333333333,True,True,,,False,,"[-3.2988089726271084, 0.7518477549005216, 0.5313316033328889, -0.5141274826746263, -0.1384203606146659]",0.11013737986366749,0.1016891467045661,0.02471330616811847,0.8500634342829622,-0.5141274826746263,-0.1384203606146659,,,,,,,,0.0028055000000009045,0.0,13.0,6.433213738249455e-10,0.0,
linear_standard,"Log-linear, alocação padrão",0.0,1.0,Log-mean-quadratic,29,135979654,671446479,12000,2000,550,0.04583333333333333,True,True,,,False,,"[-3.312917586202502, 0.7506942126381919, 0.531457298926858, -0.5091277232561198, -0.14713514210167258, 0.045485011989507024]",0.10752731575914051,0.1057990864105221,0.04409726296397858,0.8364238519569637,-0.5091277232561198,-0.14713514210167258,0.045485011989507024,,,,,,,0.003792300000000637,0.0,19.0,1.4955813870521559e-09,0.0,
linear_standard,"Log-linear, alocação padrão",0.0,1.0,S-learner,29,135979654,671446479,12000,2000,550,0.04583333333333333,True,True,,,False,,,0.3280785597998382,0.27305751529836914,0.09462769044738079,0.46671728294866943,,,,,,,,,,0.08172589999999502,,,,0.0,0.0
curved_randomized,"Curvo, dose aleatorizada uniforme",0.8,0.0,DML-linear,0,1293899219,1768251325,12000,2000,890,0.07416666666666667,True,True,,,False,"{""theta"": [-0.3202325406514505, -0.29259323025932604], ""se"": [0.06298258115142226, 0.06298258115142227], ""moment_norm"": 1.584669921679615e-18, ""jac_condition"": 3.15550210156039, ""cov"": [[0.00396680552849549, -0.0019833520314310902], [-0.0019833520314310902, 0.003966805528495492]], ""jac_singular_values"": [0.04316544130570437, 0.013679420870725816]}",,0.3783886082966095,0.41540029919765775,-0.41540029919765775,0.9789780742452324,-0.3202325406514505,-0.29259323025932604,,0.06298258115142226,0.06298258115142227,,1.584669921679615e-18,3.15550210156039,0.013679420870725816,0.4721631999999971,,,,,
curved_randomized,"Curvo, dose aleatorizada uniforme",0.8,0.0,DML-quadratic,0,1293899219,1768251325,12000,2000,890,0.07416666666666667,True,True,,,False,"{""theta"": [-0.31952727145876186, -0.2937974720719584, 0.7107981881258323], ""se"": [0.06372546204254516, 0.06366388075254792, 0.10950039968727414], ""moment_norm"": 1.2987199077882824e-16, ""jac_condition"": 5.620205761357022, ""cov"": [[0.004060934512535863, -0.00206153517055709, 0.000794895873280831], [-0.00206153517055709, 0.004053089712474642, 0.0007228843065579694], [0.000794895873280831, 0.0007228843065579694, 0.011990337531672786]], ""jac_singular_values"": [0.027713370985419126, 0.00859906543315975, 0.004931024265333591]}",,0.0758746761811731,0.08044528194927535,-0.049578707277785454,0.9789780742452324,-0.31952727145876186,-0.2937974720719584,0.7107981881258323,0.06372546204254516,0.06366388075254792,0.10950039968727414,1.2987199077882824e-16,5.620205761357022,0.004931024265333591,0.7151163999999994,,,,,
curved_randomized,"Curvo, dose aleatorizada uniforme",0.8,0.0,Log-mean-linear,0,1293899219,1768251325,12000,2000,890,0.07416666666666667,True,True,,,False,,"[-2.8655528088652344, 0.6189385978998138, 0.34589221051417113, -0.3599258341546542, -0.34960223457807527]",0.38494889499361234,0.4029508924563348,-0.4029508924563348,0.8656463516045881,-0.3599258341546542,-0.34960223457807527,,,,,,,,0.003297400000001005,0.0,14.0,1.7725773852663347e-10,0.0,
curved_randomized,"Curvo, dose aleatorizada uniforme",0.8,0.0,Log-mean-quadratic,0,1293899219,1768251325,12000,2000,890,0.07416666666666667,True,True,,,False,,"[-3.1265211148349716, 0.6233955350456841, 0.35118022862388265, -0.2926416926778488, -0.29660281249831355, 0.7267813802699239]",0.08047926283067902,0.09076882324184724,-0.043879701215687114,0.8555622402954275,-0.2926416926778488,-0.29660281249831355,0.7267813802699239,,,,,,,0.003891800000005219,0.0,17.0,1.3088470162137451e-11,0.0,
curved_randomized,"Curvo, dose aleatorizada uniforme",0.8,0.0,S-learner,0,1293899219,1768251325,12000,2000,890,0.07416666666666667,True,True,,,False,,,0.4584340621795349,0.6756798639932285,0.588970939592954,0.609589994900126,,,,,,,,,,0.08988289999999921,,,,0.0,0.0
curved_randomized,"Curvo, dose aleatorizada uniforme",0.8,0.0,DML-linear,1,2683514679,3749163115,12000,2000,842,0.07016666666666667,True,True,,,False,"{""theta"": [-0.41911129354775933, -0.1276071886875313], ""se"": [0.06607839699503015, 0.06607839699503015], ""moment_norm"": 1.956346999479574e-18, ""jac_condition"": 3.5633134429724636, ""cov"": [[0.004366354549432809, -0.002484702725886424], [-0.002484702725886424, 0.004366354549432809]], ""jac_singular_values"": [0.043387888015647885, 0.012176276016699319]}",,0.37832095498164797,0.41603583154328155,-0.41603583154328155,0.9782930656747966,-0.41911129354775933,-0.1276071886875313,,0.06607839699503015,0.06607839699503015,,1.956346999479574e-18,3.5633134429724636,0.012176276016699319,0.5045779999999951,,,,,
curved_randomized,"Curvo, dose aleatorizada uniforme",0.8,0.0,DML-quadratic,1,2683514679,3749163115,12000,2000,842,0.07016666666666667,True,True,,,False,"{""theta"": [-0.39569162570533506, -0.12915674079789502, 0.8920106007161686], ""se"": [0.06819533535305193, 0.06767603245397492, 0.11412216931744572], ""moment_norm"": 5.6709592422300424e-18, ""jac_condition"": 6.066963378220078, ""cov"": [[0.004650603763915215, -0.0026481011751522954, 0.0014625906642391974], [-0.0026481011751522954, 0.004580045368711467, 0.00024770453737786786], [0.0014625906642391974, 0.00024770453737786786, 0.01302386952971975]], ""jac_singular_values"": [0.0250363697024677, 0.006857943028329628, 0.004126672297437348]}",,0.06776107802920422,0.0850378383636051,0.06490042361750445,0.9782930656747966,-0.39569162570533506,-0.12915674079789502,0.8920106007161686,0.06819533535305193,0.06767603245397492,0.11412216931744572,5.6709592422300424e-18,6.066963378220078,0.004126672297437348,0.7069954000000038,,,,,
curved_randomized,"Curvo, dose aleatorizada uniforme",0.8,0.0,Log-mean-linear,1,2683514679,3749163115,12000,2000,842,0.07016666666666667,True,True,,,False,,"[-2.940761225010513, 0.6578864415517586, 0.34204118760129776, -0.5321244372806423, -0.14815971774247763]",0.3915798493275351,0.3923798056942586,-0.3923798056942586,0.8619615074156857,-0.5321244372806423,-0.14815971774247763,,,,,,,,0.002979499999995028,0.0,13.0,3.3618213004145876e-10,0.0,
curved_randomized,"Curvo, dose aleatorizada uniforme",0.8,0.0,Log-mean-quadratic,1,2683514679,3749163115,12000,2000,842,0.07016666666666667,True,True,,,False,,"[-3.2760684411242735, 0.6641679896127825, 0.34429538277006744, -0.4140707283911413, -0.12005464915506969, 0.9147420215898803]",0.08316172198900998,0.10950456285551856,0.08498263667717772,0.8769030547052835,-0.4140707283911413,-0.12005464915506969,0.9147420215898803,,,,,,,0.003584700000004659,0.0,15.0,2.605179138156129e-09,0.0,
curved_randomized,"Curvo, dose aleatorizada uniforme",0.8,0.0,S-learner,1,2683514679,3749163115,12000,2000,842,0.07016666666666667,True,True,,,False,,,0.27490291461939365,0.31557094107986833,-0.10641774042783171,0.01754444699966095,,,,,,,,,,0.08721380000000067,,,,0.0,0.0
curved_randomized,"Curvo, dose aleatorizada uniforme",0.8,0.0,DML-linear,2,1589066909,1639520425,12000,2000,834,0.0695,True,True,,,False,"{""theta"": [-0.4348804632178525, -0.1467882184692842], ""se"": [0.06918692152630619, 0.0691869215263062], ""moment_norm"": 1.2696325423195317e-18, ""jac_condition"": 3.8596830358766656, ""cov"": [[0.00478683011028725, -0.0028051064789505562], [-0.0028051064789505562, 0.004786830110287252]], ""jac_singular_values"": [0.04264385002979218, 0.011048536792634919]}",,0.37860256338929305,0.41104802189925455,-0.41104802189925455,0.9787133587439653,-0.4348804632178525,-0.1467882184692842,,0.06918692152630619,0.0691869215263062,,1.2696325423195317e-18,3.8596830358766656,0.011048536792634919,0.4984740999999957,,,,,
curved_randomized,"Curvo, dose aleatorizada uniforme",0.8,0.0,DML-quadratic,2,1589066909,1639520425,12000,2000,834,0.0695,True,True,,,False,"{""theta"": [-0.43254696283595173, -0.14680998118385194, 0.8007316241920444], ""se"": [0.07072413284556782, 0.07065606199143645, 0.11296230112589141], ""moment_norm"": 1.8949974170768206e-18, ""jac_condition"": 5.850765027549922, ""cov"": [[0.005001902966757525, -0.0029637014937324764, 0.0011804082414249187], [-0.0029637014937324764, 0.00499227909613771, 0.0003983157848610199], [0.0011804082414249187, 0.0003983157848610199, 0.012760481475656567]], ""jac_singular_values"": [0.025782565835224352, 0.006583119094399586, 0.004406699929636571]}",,0.0625867503465556,0.07668825403361325,0.015175330735262662,0.9787133587439653,-0.43254696283595173,-0.14680998118385194,0.8007316241920444,0.07072413284556782,0.07065606199143645,0.11296230112589141,1.8949974170768206e-18,5.850765027549922,0.004406699929636571,0.7114565000000042,,,,,
curved_randomized,"Curvo, dose aleatorizada uniforme",0.8,0.0,Log-mean-linear,2,1589066909,1639520425,12000,2000,834,0.0695,True,True,,,False,,"[-2.990624521740863, 0.6827553354621854, 0.4271005464039502, -0.5345768586650637, -0.17683174872688961]",0.3913621236681459,0.3892984111568278,-0.3892984111568278,0.8620264980535459,-0.5345768586650637,-0.17683174872688961,,,,,,,,0.004245199999999727,0.0,13.0,2.0307843592628124e-10,0.0,
curved_randomized,"Curvo, dose aleatorizada uniforme",0.8,0.0,Log-mean-quadratic,2,1589066909,1639520425,12000,2000,834,0.0695,True,True,,,False,,"[-3.270311665479217, 0.6866836206895712, 0.427157965607335, -0.43762077181308506, -0.1378750330591693, 0.7824087570170319]",0.06896471515969461,0.07758858966302493,0.0037010862012934707,0.85371580776408,-0.43762077181308506,-0.1378750330591693,0.7824087570170319,,,,,,,0.0036283999999966454,0.0,16.0,8.227994106680773e-09,0.0,
curved_randomized,"Curvo, dose aleatorizada uniforme",0.8,0.0,S-learner,2,1589066909,1639520425,12000,2000,834,0.0695,True,True,,,False,,,0.2566552380199658,0.2775731464721839,-0.08624564371453841,0.04267615709788788,,,,,,,,,,0.08850300000000288,,,,0.0,0.0
curved_randomized,"Curvo, dose aleatorizada uniforme",0.8,0.0,DML-linear,3,3440496339,911348915,12000,2000,869,0.07241666666666667,True,True,,,False,"{""theta"": [-0.40682339342213497, -0.14839075206982963], ""se"": [0.0679144102739397, 0.0679144102739397], ""moment_norm"": 3.997397875859343e-18, ""jac_condition"": 3.839333899733101, ""cov"": [[0.004612367122857007, -0.00272261099666061], [-0.00272261099666061, 0.004612367122857007]], ""jac_singular_values"": [0.044118508071929116, 0.011491188113385007]}",,0.37626014552846376,0.41650644555953825,-0.41650644555953825,0.9828113727018709,-0.40682339342213497,-0.14839075206982963,,0.0679144102739397,0.0679144102739397,,3.997397875859343e-18,3.839333899733101,0.011491188113385007,0.5073037999999954,,,,,
curved_randomized,"Curvo, dose aleatorizada uniforme",0.8,0.0,DML-quadratic,3,3440496339,911348915,12000,2000,869,0.07241666666666667,True,True,,,False,"{""theta"": [-0.42014595738722293, -0.1312320783268112, 0.7617206706837729], ""se"": [0.06837385526351417, 0.06878482787707985, 0.11138850288812774], ""moment_norm"": 1.6604282876737296e-18, ""jac_condition"": 6.072143828242332, ""cov"": [[0.0046749840835959835, -0.0027846330712988096, 0.0008473232667214211], [-0.0027846330712988096, 0.0047313525460795005, 0.0006609640086302111], [0.0008473232667214211, 0.0006609640086302111, 0.012407398575658443]], ""jac_singular_values"": [0.027527362535310025, 0.007140175389683383, 0.004533384470782243]}",,0.06401253056787935,0.07201959091909237,-0.015378987930197973,0.9828113727018709,-0.42014595738722293,-0.1312320783268112,0.7617206706837729,0.06837385526351417,0.06878482787707985,0.11138850288812774,1.6604282876737296e-18,6.072143828242332,0.004533384470782243,0.7063838999999987,,,,,
curved_randomized,"Curvo, dose aleatorizada uniforme",0.8,0.0,Log-mean-linear,3,3440496339,911348915,12000,2000,869,0.07241666666666667,True,True,,,False,,"[-2.9487290892473443, 0.6888942374776502, 0.4192274871612796, -0.514403092607451, -0.15947778098596108]",0.38809824736087467,0.39524915388862797,-0.39524915388862797,0.8739085249967725,-0.514403092607451,-0.15947778098596108,,,,,,,,0.0028592000000031703,0.0,13.0,2.2550890417805114e-09,0.0,
curved_randomized,"Curvo, dose aleatorizada uniforme",0.8,0.0,Log-mean-quadratic,3,3440496339,911348915,12000,2000,869,0.07241666666666667,True,True,,,False,,"[-3.223103625047664, 0.6992055136325469, 0.41838670221316465, -0.424318152310299, -0.12398872373584521, 0.7644630288626982]",0.06855843597814283,0.07682747156294197,-0.01313281701692605,0.8775695101493824,-0.424318152310299,-0.12398872373584521,0.7644630288626982,,,,,,,0.0038144999999971674,0.0,16.0,2.5945615803046886e-10,0.0,
curved_randomized,"Curvo, dose aleatorizada uniforme",0.8,0.0,S-learner,3,3440496339,911348915,12000,2000,869,0.07241666666666667,True,True,,,False,,,0.2598226614373437,0.3270951977573104,0.16338412243318123,0.7908881246149101,,,,,,,,,,0.08601579999999842,,,,0.0,0.0
curved_randomized,"Curvo, dose aleatorizada uniforme",0.8,0.0,DML-linear,4,2367014378,3370905717,12000,2000,850,0.07083333333333333,True,True,,,False,"{""theta"": [-0.47991929598476923, -0.10609822876850915], ""se"": [0.06918297608854931, 0.0691829760885493], ""moment_norm"": 3.037083993983071e-18, ""jac_condition"": 3.809129001731281, ""cov"": [[0.004786284180468786, -0.0027952304722001203], [-0.0027952304722001203, 0.004786284180468784]], ""jac_singular_values"": [0.04278608674778667, 0.01123251187563877]}",,0.3872244504544718,0.40413730035967055,-0.40413730035967055,0.9783569332130427,-0.47991929598476923,-0.10609822876850915,,0.06918297608854931,0.0691829760885493,,3.037083993983071e-18,3.809129001731281,0.01123251187563877,0.5049369999999982,,,,,
curved_randomized,"Curvo, dose aleatorizada uniforme",0.8,0.0,DML-quadratic,4,2367014378,3370905717,12000,2000,850,0.07083333333333333,True,True,,,False,"{""theta"": [-0.47277403522562855, -0.11999265003619829, 0.7849011392418579], ""se"": [0.07011021034722816, 0.06976427643284432, 0.11354542542971731], ""moment_norm"": 1.4118452243886921e-14, ""jac_condition"": 5.849200042518472, ""cov"": [[0.004915441594932578, -0.002895719066449273, 0.0012376898184123341], [-0.002895719066449273, 0.004867054266198318, 0.00021407974566466152], [0.0012376898184123341, 0.00021407974566466152, 0.012892563636015493]], ""jac_singular_values"": [0.025931730195032525, 0.007186831968833355, 0.004433380634365718]}",,0.09466600269319556,0.11265660834857025,0.014219819928087922,0.9783569332130427,-0.47277403522562855,-0.11999265003619829,0.7849011392418579,0.07011021034722816,0.06976427643284432,0.11354542542971731,1.4118452243886921e-14,5.849200042518472,0.004433380634365718,0.7100066999999939,,,,,
curved_randomized,"Curvo, dose aleatorizada uniforme",0.8,0.0,Log-mean-linear,4,2367014378,3370905717,12000,2000,850,0.07083333333333333,True,True,,,False,,"[-2.9546244177068925, 0.6146089908132472, 0.4844383377012473, -0.5856098979119841, -0.14213258871213616]",0.4040488388015804,0.3795478435243156,-0.3795478435243156,0.8576459690840618,-0.5856098979119841,-0.14213258871213616,,,,,,,,0.002788500000001193,0.0,13.0,1.3905938980920037e-09,0.0,
curved_randomized,"Curvo, dose aleatorizada uniforme",0.8,0.0,Log-mean-quadratic,4,2367014378,3370905717,12000,2000,850,0.07083333333333333,True,True,,,False,,"[-3.222962514382278, 0.6174353554560157, 0.4813120908315735, -0.4713102216597509, -0.11577667842359492, 0.7703653211356444]",0.09617752872887832,0.10814782237115361,0.003942321535541254,0.8642036728461591,-0.4713102216597509,-0.11577667842359492,0.7703653211356444,,,,,,,0.003622900000003426,0.0,17.0,2.9156979680453747e-09,0.0,
curved_randomized,"Curvo, dose aleatorizada uniforme",0.8,0.0,S-learner,4,2367014378,3370905717,12000,2000,850,0.07083333333333333,True,True,,,False,,,0.3652011769948886,0.5474610417735789,0.2532705736970454,0.7887963269583357,,,,,,,,,,0.08815030000000235,,,,0.0,0.0
curved_randomized,"Curvo, dose aleatorizada uniforme",0.8,0.0,DML-linear,5,1311544766,2403488088,12000,2000,844,0.07033333333333333,True,True,,,False,"{""theta"": [-0.21822546394197107, -0.24691127740363347], ""se"": [0.06444465704883119, 0.06444465704883119], ""moment_norm"": 2.885580774994805e-16, ""jac_condition"": 3.603571048765807, ""cov"": [[0.004153113822141468, -0.002332342650720567], [-0.002332342650720567, 0.0041531138221414686]], ""jac_singular_values"": [0.04502175248020817, 0.012493649180478277]}",,0.3836908366460522,0.4315284465652049,-0.4315284465652049,0.9795726509883174,-0.21822546394197107,-0.24691127740363347,,0.06444465704883119,0.06444465704883119,,2.885580774994805e-16,3.603571048765807,0.012493649180478277,0.5072411999999957,,,,,
curved_randomized,"Curvo, dose aleatorizada uniforme",0.8,0.0,DML-quadratic,5,1311544766,2403488088,12000,2000,844,0.07033333333333333,True,True,,,False,"{""theta"": [-0.24677258808616842, -0.234365249438466, 1.0138756977886434], ""se"": [0.06611509276428289, 0.06638087849177875, 0.11072329031408688], ""moment_norm"": 1.3864386094279778e-18, ""jac_condition"": 5.749523737802866, ""cov"": [[0.004371205491229731, -0.002506308099488006, 0.00015968405213923298], [-0.002506308099488006, 0.004406421029340294, 0.000739276124196172], [0.00015968405213923298, 0.000739276124196172, 0.012259647017977568]], ""jac_singular_values"": [0.02375366026661535, 0.006540131466776538, 0.0041314135482972405]}",,0.12149967320412149,0.13853249408379587,0.1321551567596149,0.9795726509883174,-0.24677258808616842,-0.234365249438466,1.0138756977886434,0.06611509276428289,0.06638087849177875,0.11072329031408688,1.3864386094279778e-18,5.749523737802866,0.0041314135482972405,0.7017346000000018,,,,,
curved_randomized,"Curvo, dose aleatorizada uniforme",0.8,0.0,Log-mean-linear,5,1311544766,2403488088,12000,2000,844,0.07033333333333333,True,True,,,False,,"[-2.9385212775781464, 0.6646512757331241, 0.414104347830024, -0.2857513581685264, -0.3237112341411121]",0.3836694764643625,0.41595277313386986,-0.41595277313386986,0.8728457566733115,-0.2857513581685264,-0.3237112341411121,,,,,,,,0.003000999999997589,0.0,14.0,3.965069184560151e-10,0.0,
curved_randomized,"Curvo, dose aleatorizada uniforme",0.8,0.0,Log-mean-quadratic,5,1311544766,2403488088,12000,2000,844,0.07033333333333333,True,True,,,False,,"[-3.295326588250576, 0.6753941843678635, 0.4162745965408253, -0.21894907074704997, -0.24637837321094574, 0.9728052104603473]",0.1198099902972311,0.13023586609689633,0.10008005760803237,0.8560714010508353,-0.21894907074704997,-0.24637837321094574,0.9728052104603473,,,,,,,0.003802799999995443,0.0,17.0,3.222277807542658e-11,0.0,
curved_randomized,"Curvo, dose aleatorizada uniforme",0.8,0.0,S-learner,5,1311544766,2403488088,12000,2000,844,0.07033333333333333,True,True,,,False,,,0.2261859603363301,0.25235033751037755,0.050644050413315087,0.8243199752141441,,,,,,,,,,0.08803259999999824,,,,0.0,0.0
curved_randomized,"Curvo, dose aleatorizada uniforme",0.8,0.0,DML-linear,6,1821364729,1760580302,12000,2000,853,0.07108333333333333,True,True,,,False,"{""theta"": [-0.2961555417756165, -0.29367383640463846], ""se"": [0.06402670836669862, 0.06402670836669862], ""moment_norm"": 1.5004453389155467e-18, ""jac_condition"": 3.2799839077310247, ""cov"": [[0.004099419384274276, -0.002081459496749032], [-0.002081459496749032, 0.004099419384274276]], ""jac_singular_values"": [0.043017780343586824, 0.013115241279749138]}",,0.3794390014996669,0.41861426005350255,-0.41861426005350255,0.9797095115303418,-0.2961555417756165,-0.29367383640463846,,0.06402670836669862,0.06402670836669862,,1.5004453389155467e-18,3.2799839077310247,0.013115241279749138,0.484029900000003,,,,,
curved_randomized,"Curvo, dose aleatorizada uniforme",0.8,0.0,DML-quadratic,6,1821364729,1760580302,12000,2000,853,0.07108333333333333,True,True,,,False,"{""theta"": [-0.2967915019037039, -0.30331856389443507, 0.9314920201745183], ""se"": [0.06572353886341155, 0.06564600083203583, 0.1120716113984912], ""moment_norm"": 4.984409680017882e-18, ""jac_condition"": 5.705558398817054, ""cov"": [[0.004319583560730368, -0.00226400147029662, 0.0007708102201412028], [-0.00226400147029662, 0.004309397425239648, 0.0005595493204347806], [0.0007708102201412028, 0.0005595493204347806, 0.012560046081454421]], ""jac_singular_values"": [0.023881177774315678, 0.007337239842269037, 0.004185598692542874]}",,0.09596178566935293,0.1269374807466101,0.09541566968373508,0.9797095115303418,-0.2967915019037039,-0.30331856389443507,0.9314920201745183,0.06572353886341155,0.06564600083203583,0.1120716113984912,4.984409680017882e-18,5.705558398817054,0.004185598692542874,0.6830544000000032,,,,,
curved_randomized,"Curvo, dose aleatorizada uniforme",0.8,0.0,Log-mean-linear,6,1821364729,1760580302,12000,2000,853,0.07108333333333333,True,True,,,False,,"[-2.8923606066162573, 0.5754775290889315, 0.31568508170305215, -0.3771581153646519, -0.3851519652757811]",0.39144769556454667,0.39453325623262253,-0.39453325623262253,0.8717783831296938,-0.3771581153646519,-0.3851519652757811,,,,,,,,0.0029052000000007183,0.0,13.0,5.774230585411932e-10,0.0,
curved_randomized,"Curvo, dose aleatorizada uniforme",0.8,0.0,Log-mean-quadratic,6,1821364729,1760580302,12000,2000,853,0.07108333333333333,True,True,,,False,,"[-3.212636962853308, 0.5908875078343051, 0.32277232405980133, -0.3028054450972332, -0.2987516186953421, 0.8797651968738599]",0.07882540633377218,0.10514495818455569,0.059578824019138235,0.8604377338265965,-0.3028054450972332,-0.2987516186953421,0.8797651968738599,,,,,,,0.0030696999999975105,0.0,13.0,4.2913459549764886e-10,0.0,
curved_randomized,"Curvo, dose aleatorizada uniforme",0.8,0.0,S-learner,6,1821364729,1760580302,12000,2000,853,0.07108333333333333,True,True,,,False,,,0.21414276892462783,0.26726072158087333,0.09702790430531319,0.8357766609470895,,,,,,,,,,0.08669110000000302,,,,0.0,0.0
curved_randomized,"Curvo, dose aleatorizada uniforme",0.8,0.0,DML-linear,7,3960867496,611900750,12000,2000,858,0.0715,True,True,,,False,"{""theta"": [-0.35389430684576745, -0.20502784771539975], ""se"": [0.06564138694950877, 0.06564138694950877], ""moment_norm"": 5.187754612856964e-19, ""jac_condition"": 3.554102120558185, ""cov"": [[0.004308791680655141, -0.002372559306663357], [-0.002372559306663357, 0.00430879168065514]], ""jac_singular_values"": [0.04314810122415755, 0.012140366191104542]}",,0.3732026593465535,0.42019001884042323,-0.42019001884042323,0.9779337584368049,-0.35389430684576745,-0.20502784771539975,,0.06564138694950877,0.06564138694950877,,5.187754612856964e-19,3.554102120558185,0.012140366191104542,0.4902038000000033,,,,,
curved_randomized,"Curvo, dose aleatorizada uniforme",0.8,0.0,DML-quadratic,7,3960867496,611900750,12000,2000,858,0.0715,True,True,,,False,"{""theta"": [-0.3312231285331449, -0.22456912842950277, 0.7570143860479307], ""se"": [0.06729062150015704, 0.06664929223167512, 0.11136052012455938], ""moment_norm"": 2.749936463288375e-19, ""jac_condition"": 5.943811422423338, ""cov"": [[0.004528027741877396, -0.0025301229964205343, 0.0013182024514792235], [-0.0025301229964205343, 0.00444212815498323, 0.00020579126903023996], [0.0013182024514792235, 0.00020579126903023996, 0.012401165442412394]], ""jac_singular_values"": [0.02696502605655871, 0.007515383692921425, 0.004536655714687001]}",,0.02799019872303681,0.03392784020972121,-0.028469545976727965,0.9779337584368049,-0.3312231285331449,-0.22456912842950277,0.7570143860479307,0.06729062150015704,0.06664929223167512,0.11136052012455938,2.749936463288375e-19,5.943811422423338,0.004536655714687001,0.6920654999999982,,,,,
curved_randomized,"Curvo, dose aleatorizada uniforme",0.8,0.0,Log-mean-linear,7,3960867496,611900750,12000,2000,858,0.0715,True,True,,,False,,"[-2.9110345611729733, 0.6440035686343727, 0.3325053725966809, -0.41799075789398105, -0.2611070450983629]",0.37764625903377086,0.4044928712142743,-0.4044928712142743,0.8684811673991712,-0.41799075789398105,-0.2611070450983629,,,,,,,,0.003530400000002487,0.0,14.0,9.084041977386325e-10,0.0,
curved_randomized,"Curvo, dose aleatorizada uniforme",0.8,0.0,Log-mean-quadratic,7,3960867496,611900750,12000,2000,858,0.0715,True,True,,,False,,"[-3.1953187838728665, 0.6515502984982711, 0.3263670632277145, -0.3478725976948399, -0.21268477710483877, 0.7838832937982102]",0.011073762288355295,0.011321585398421376,-0.009276290081213336,0.872484073643622,-0.3478725976948399,-0.21268477710483877,0.7838832937982102,,,,,,,0.0045314999999988,0.0,17.0,6.523095571892013e-10,0.0,
curved_randomized,"Curvo, dose aleatorizada uniforme",0.8,0.0,S-learner,7,3960867496,611900750,12000,2000,858,0.0715,True,True,,,False,,,0.44078385908601947,0.6712204315055074,0.6063795117263632,0.08176602023661877,,,,,,,,,,0.09006329999999707,,,,0.0,0.0
curved_randomized,"Curvo, dose aleatorizada uniforme",0.8,0.0,DML-linear,8,1217202669,304858138,12000,2000,832,0.06933333333333333,True,True,,,False,"{""theta"": [-0.39531156436648995, -0.11012133899087276], ""se"": [0.0671267358096951, 0.0671267358096951], ""moment_norm"": 4.359834271768967e-18, ""jac_condition"": 3.5355057416364546, ""cov"": [[0.004505998660464602, -0.0025690903403171837], [-0.0025690903403171837, 0.004505998660464601]], ""jac_singular_values"": [0.04183782159648216, 0.011833617211753411]}",,0.37863192827159736,0.419666734659293,-0.419666734659293,0.9786619686320811,-0.39531156436648995,-0.11012133899087276,,0.0671267358096951,0.0671267358096951,,4.359834271768967e-18,3.5355057416364546,0.011833617211753411,0.4904475000000019,,,,,
curved_randomized,"Curvo, dose aleatorizada uniforme",0.8,0.0,DML-quadratic,8,1217202669,304858138,12000,2000,832,0.06933333333333333,True,True,,,False,"{""theta"": [-0.4112283436412392, -0.10312717434925259, 0.8097485844206441], ""se"": [0.06863000776613576, 0.06897214167444556, 0.11403778555329634], ""moment_norm"": 8.15245831047287e-19, ""jac_condition"": 5.880446191999437, ""cov"": [[0.004710077965979854, -0.002706504072842497, 0.0008210490986337578], [-0.002706504072842497, 0.004757156327159789, 0.000312146360681169], [0.0008210490986337578, 0.000312146360681169, 0.013004616533899605]], ""jac_singular_values"": [0.025244513985551005, 0.007116008716680901, 0.004292958928847456]}",,0.07307812683332944,0.08916667270430827,0.011957683601991061,0.9786619686320811,-0.4112283436412392,-0.10312717434925259,0.8097485844206441,0.06863000776613576,0.06897214167444556,0.11403778555329634,8.15245831047287e-19,5.880446191999437,0.004292958928847456,0.7017485000000008,,,,,
curved_randomized,"Curvo, dose aleatorizada uniforme",0.8,0.0,Log-mean-linear,8,1217202669,304858138,12000,2000,832,0.06933333333333333,True,True,,,False,,"[-2.9395335132802964, 0.6141793901414586, 0.4263733267331077, -0.49716431560807606, -0.13261882069511724]",0.38710991206981715,0.4000531557657978,-0.4000531557657978,0.8617221689727385,-0.49716431560807606,-0.13261882069511724,,,,,,,,0.002946100000002616,0.0,14.0,3.0382887220477734e-10,0.0,
curved_randomized,"Curvo, dose aleatorizada uniforme",0.8,0.0,Log-mean-quadratic,8,1217202669,304858138,12000,2000,832,0.06933333333333333,True,True,,,False,,"[-3.221534625955998, 0.6187900982563599, 0.42985981156742475, -0.4099098629869299, -0.1098519623099687, 0.7865776308704554]",0.06918117837423268,0.08402324233997914,-0.003150260049743089,0.8693274833854906,-0.4099098629869299,-0.1098519623099687,0.7865776308704554,,,,,,,0.005930200000001662,0.0,15.0,5.818829992565444e-10,0.0,
curved_randomized,"Curvo, dose aleatorizada uniforme",0.8,0.0,S-learner,8,1217202669,304858138,12000,2000,832,0.06933333333333333,True,True,,,False,,,0.3641002366054325,0.3945279563656225,-0.2944326916077212,0.7054278928899959,,,,,,,,,,0.0879398000000009,,,,0.0,0.0
curved_randomized,"Curvo, dose aleatorizada uniforme",0.8,0.0,DML-linear,9,244805499,2222214254,12000,2000,841,0.07008333333333333,True,True,,,False,"{""theta"": [-0.43845902793219654, -0.06919926471532734], ""se"": [0.0697339472990651, 0.0697339472990651], ""moment_norm"": 1.271381769219066e-18, ""jac_condition"": 4.075105267044928, ""cov"": [[0.004862823405908789, -0.0030231108692214204], [-0.0030231108692214204, 0.004862823405908789]], ""jac_singular_values"": [0.04502749213900852, 0.011049405889742896]}",,0.3863247198849758,0.41422189693276673,-0.41422189693276673,0.9789604787792312,-0.43845902793219654,-0.06919926471532734,,0.0697339472990651,0.0697339472990651,,1.271381769219066e-18,4.075105267044928,0.011049405889742896,0.4886137000000019,,,,,
curved_randomized,"Curvo, dose aleatorizada uniforme",0.8,0.0,DML-quadratic,9,244805499,2222214254,12000,2000,841,0.07008333333333333,True,True,,,False,"{""theta"": [-0.46867746076115857, -0.06083276729399136, 0.8973810345113632], ""se"": [0.0711160230320541, 0.07162353340351722, 0.10951665155222906], ""moment_norm"": 2.2768356284434627e-17, ""jac_condition"": 5.8013757794921, ""cov"": [[0.005057488731895648, -0.0032244066165554724, 0.0007203380489654896], [-0.0032244066165554724, 0.005129930537204748, 0.0002684140042027649], [0.0007203380489654896, 0.0002684140042027649, 0.011993896967212356]], ""jac_singular_values"": [0.025417532164668417, 0.0062505241095073966, 0.004381293874208175]}",,0.12432807924108528,0.15787444875425166,0.08576532299892552,0.9789604787792312,-0.46867746076115857,-0.06083276729399136,0.8973810345113632,0.0711160230320541,0.07162353340351722,0.10951665155222906,2.2768356284434627e-17,5.8013757794921,0.004381293874208175,0.6924544999999966,,,,,
curved_randomized,"Curvo, dose aleatorizada uniforme",0.8,0.0,Log-mean-linear,9,244805499,2222214254,12000,2000,841,0.07008333333333333,True,True,,,False,,"[-2.977820758676997, 0.7135131516736708, 0.32767360288637887, -0.5699458123806842, -0.07822060768244389]",0.4056697920781293,0.389393307011998,-0.38675737799443516,0.8598863065236819,-0.5699458123806842,-0.07822060768244389,,,,,,,,0.0029535999999978912,0.0,13.0,8.921570252377424e-10,0.0,
curved_randomized,"Curvo, dose aleatorizada uniforme",0.8,0.0,Log-mean-quadratic,9,244805499,2222214254,12000,2000,841,0.07008333333333333,True,True,,,False,,"[-3.308184490748443, 0.7196443002100964, 0.33169994714266643, -0.4609466015824818, -0.05322434813322821, 0.9110284752074049]",0.12742193255181863,0.16136973467301005,0.09265417621788355,0.8594648454487221,-0.4609466015824818,-0.05322434813322821,0.9110284752074049,,,,,,,0.003444900000005191,0.0,16.0,6.39915971226146e-10,0.0,
curved_randomized,"Curvo, dose aleatorizada uniforme",0.8,0.0,S-learner,9,244805499,2222214254,12000,2000,841,0.07008333333333333,True,True,,,False,,,0.35293233766998816,0.38938524793585794,0.15470281218539755,0.04338101134017723,,,,,,,,,,0.08568389999999937,,,,0.0,0.0
curved_randomized,"Curvo, dose aleatorizada uniforme",0.8,0.0,DML-linear,10,3264646734,2245030300,12000,2000,897,0.07475,True,True,,,False,"{""theta"": [-0.33048887229214136, -0.26198872619854274], ""se"": [0.06741752915837794, 0.06741752915837794], ""moment_norm"": 2.1911285442062633e-17, ""jac_condition"": 4.273640362032523, ""cov"": [[0.0045451232378207395, -0.002761963776345274], [-0.002761963776345274, 0.00454512323782074]], ""jac_singular_values"": [0.04738011204904967, 0.011086593170071032]}",,0.3754155906734498,0.41807004964416794,-0.41807004964416794,0.9804142333658354,-0.33048887229214136,-0.26198872619854274,,0.06741752915837794,0.06741752915837794,,2.1911285442062633e-17,4.273640362032523,0.011086593170071032,0.5242111000000023,,,,,
curved_randomized,"Curvo, dose aleatorizada uniforme",0.8,0.0,DML-quadratic,10,3264646734,2245030300,12000,2000,897,0.07475,True,True,,,False,"{""theta"": [-0.34532376707048623, -0.2472487432028766, 0.8982887416807884], ""se"": [0.06885469148265785, 0.06923661097051707, 0.11252383783897413], ""moment_norm"": 1.1050987339190946e-18, ""jac_condition"": 6.422603438048542, ""cov"": [[0.004740968539171996, -0.0029534261430709434, 0.0005807322352024066], [-0.0029534261430709434, 0.004793708298682725, 0.0008485899829156447], [0.0005807322352024066, 0.0008485899829156447, 0.012661614082011744]], ""jac_singular_values"": [0.027254523723369558, 0.0063447031421667525, 0.004243532079516128]}",,0.054780313498521006,0.07432718188855603,0.07253313617377143,0.9804142333658354,-0.34532376707048623,-0.2472487432028766,0.8982887416807884,0.06885469148265785,0.06923661097051707,0.11252383783897413,1.1050987339190946e-18,6.422603438048542,0.004243532079516128,0.708885599999995,,,,,
curved_randomized,"Curvo, dose aleatorizada uniforme",0.8,0.0,Log-mean-linear,10,3264646734,2245030300,12000,2000,897,0.07475,True,True,,,False,,"[-2.9229910008978193, 0.7204756090916281, 0.3593045909193575, -0.40464466042114566, -0.3238244384130564]",0.38299273422354874,0.39887971141172945,-0.39887971141172945,0.8606675973642768,-0.40464466042114566,-0.3238244384130564,,,,,,,,0.0029508999999947605,0.0,13.0,4.257745513251236e-09,0.0,
curved_randomized,"Curvo, dose aleatorizada uniforme",0.8,0.0,Log-mean-quadratic,10,3264646734,2245030300,12000,2000,897,0.07475,True,True,,,False,,"[-3.2401680364879715, 0.7260610152302572, 0.36284842993684274, -0.32746559306172957, -0.25646774930213434, 0.8766696772397801]",0.05234846534167757,0.06756424633520881,0.0550941834773237,0.8602524780011569,-0.32746559306172957,-0.25646774930213434,0.8766696772397801,,,,,,,0.0037852000000029307,0.0,18.0,6.87775557713909e-10,0.0,
curved_randomized,"Curvo, dose aleatorizada uniforme",0.8,0.0,S-learner,10,3264646734,2245030300,12000,2000,897,0.07475,True,True,,,False,,,0.3112203196168008,0.447114947600407,0.3557493123525792,0.7441284242124468,,,,,,,,,,0.08663089999999585,,,,0.0,0.0
curved_randomized,"Curvo, dose aleatorizada uniforme",0.8,0.0,DML-linear,11,1468057683,2033258370,12000,2000,862,0.07183333333333333,True,True,,,False,"{""theta"": [-0.26824887919456614, -0.28738396663405114], ""se"": [0.0642050925569569, 0.06420509255695692], ""moment_norm"": 3.1579224162835668e-18, ""jac_condition"": 3.441207778165124, ""cov"": [[0.0041222939102474035, -0.002265914729392667], [-0.002265914729392667, 0.004122293910247404]], ""jac_singular_values"": [0.04407032819362689, 0.012806645525230535]}",,0.38095029349742343,0.4224014552748155,-0.4224014552748155,0.9793452185748116,-0.26824887919456614,-0.28738396663405114,,0.0642050925569569,0.06420509255695692,,3.1579224162835668e-18,3.441207778165124,0.012806645525230535,0.49064529999999706,,,,,
curved_randomized,"Curvo, dose aleatorizada uniforme",0.8,0.0,DML-quadratic,11,1468057683,2033258370,12000,2000,862,0.07183333333333333,True,True,,,False,"{""theta"": [-0.2578995301960519, -0.2741575135898299, 0.8776001834119127], ""se"": [0.06547112566110348, 0.06550239016601013, 0.11255857673925479], ""moment_norm"": 8.886599920766664e-19, ""jac_condition"": 5.956394743438636, ""cov"": [[0.004286468295332003, -0.002333707334530158, 0.0008069048070021663], [-0.002333707334530158, 0.00429056311746022, 0.0009003717476695256], [0.0008069048070021663, 0.0009003717476695256, 0.012669433197566709]], ""jac_singular_values"": [0.025571065871074015, 0.007372702793819438, 0.0042930441940978205]}",,0.0838376135392488,0.09969239888791596,0.044966546881746366,0.9793452185748116,-0.2578995301960519,-0.2741575135898299,0.8776001834119127,0.06547112566110348,0.06550239016601013,0.11255857673925479,8.886599920766664e-19,5.956394743438636,0.0042930441940978205,0.7105589000000023,,,,,
curved_randomized,"Curvo, dose aleatorizada uniforme",0.8,0.0,Log-mean-linear,11,1468057683,2033258370,12000,2000,862,0.07183333333333333,True,True,,,False,,"[-2.9078308452027337, 0.657721080838671, 0.3349756060433806, -0.33720583448836056, -0.346229920476236]",0.3846000214480861,0.40640842708687,-0.40640842708687,0.8815313437294185,-0.33720583448836056,-0.346229920476236,,,,,,,,0.0031252000000066005,0.0,14.0,1.6435367624611137e-10,0.0,
curved_randomized,"Curvo, dose aleatorizada uniforme",0.8,0.0,Log-mean-quadratic,11,1468057683,2033258370,12000,2000,862,0.07183333333333333,True,True,,,False,,"[-3.2170068036815733, 0.6638982677794889, 0.328858162595753, -0.2807004692866526, -0.2709545148307205, 0.8489480947607734]",0.06742858057568235,0.08098442386265177,0.029057399225495203,0.858274026627516,-0.2807004692866526,-0.2709545148307205,0.8489480947607734,,,,,,,0.003804199999997593,0.0,17.0,7.680319206410796e-09,0.0,
curved_randomized,"Curvo, dose aleatorizada uniforme",0.8,0.0,S-learner,11,1468057683,2033258370,12000,2000,862,0.07183333333333333,True,True,,,False,,,0.2774776006734872,0.35872156679962874,0.19971106418134046,0.8403170453102439,,,,,,,,,,0.08949779999999663,,,,0.0,0.0
curved_randomized,"Curvo, dose aleatorizada uniforme",0.8,0.0,DML-linear,12,2311573007,3126174398,12000,2000,866,0.07216666666666667,True,True,,,False,"{""theta"": [-0.31250670181800366, -0.25315033848839763], ""se"": [0.06617463059882063, 0.06617463059882064], ""moment_norm"": 2.5921056562894845e-18, ""jac_condition"": 3.562343975091196, ""cov"": [[0.004379081734890367, -0.0024269884273586204], [-0.0024269884273586204, 0.004379081734890369]], ""jac_singular_values"": [0.04236135566409754, 0.01189142765558261]}",,0.37544994241145435,0.4211825738898954,-0.4211825738898954,0.9787698658478606,-0.31250670181800366,-0.25315033848839763,,0.06617463059882063,0.06617463059882064,,2.5921056562894845e-18,3.562343975091196,0.01189142765558261,0.4959168000000034,,,,,
curved_randomized,"Curvo, dose aleatorizada uniforme",0.8,0.0,DML-quadratic,12,2311573007,3126174398,12000,2000,866,0.07216666666666667,True,True,,,False,"{""theta"": [-0.30411104833527086, -0.2458390359816998, 0.6227431246171281], ""se"": [0.0669782997766103, 0.0669076983538115, 0.1098312041554232], ""moment_norm"": 2.182476240576454e-18, ""jac_condition"": 5.808988125916375, ""cov"": [[0.004486092640965474, -0.0024845068851439434, 0.0009846825941469504], [-0.0024845068851439434, 0.004476640099004629, 0.0007933220355030917], [0.0009846825941469504, 0.0007933220355030917, 0.012062893406230252]], ""jac_singular_values"": [0.0287741604187215, 0.007875612459959033, 0.004953385993396627]}",,0.09233920310815565,0.11524943185490022,-0.11300210721619991,0.9787698658478606,-0.30411104833527086,-0.2458390359816998,0.6227431246171281,0.0669782997766103,0.0669076983538115,0.1098312041554232,2.182476240576454e-18,5.808988125916375,0.004953385993396627,0.7018484000000029,,,,,
curved_randomized,"Curvo, dose aleatorizada uniforme",0.8,0.0,Log-mean-linear,12,2311573007,3126174398,12000,2000,866,0.07216666666666667,True,True,,,False,,"[-2.928698091776605, 0.6620974110100717, 0.38831296011530214, -0.36571384586906813, -0.29516072692044343]",0.3781272411091586,0.4090007472067947,-0.4090007472067947,0.8677894821549267,-0.36571384586906813,-0.29516072692044343,,,,,,,,0.0028396000000014965,0.0,13.0,2.1313522285300313e-09,0.0,
curved_randomized,"Curvo, dose aleatorizada uniforme",0.8,0.0,Log-mean-quadratic,12,2311573007,3126174398,12000,2000,866,0.07216666666666667,True,True,,,False,,"[-3.165748506679905, 0.6676424070252649, 0.388981362677824, -0.30470240281310196, -0.24795175949981735, 0.6602189823921506]",0.0774537049715272,0.09429034510101433,-0.0902478299708843,0.8672455963189875,-0.30470240281310196,-0.24795175949981735,0.6602189823921506,,,,,,,0.004288899999998819,0.0,18.0,1.1124920746069176e-09,0.0,
curved_randomized,"Curvo, dose aleatorizada uniforme",0.8,0.0,S-learner,12,2311573007,3126174398,12000,2000,866,0.07216666666666667,True,True,,,False,,,0.34597373681661797,0.3635158076308768,-0.15401172619273548,0.39882917844242965,,,,,,,,,,0.08742730000000165,,,,0.0,0.0
curved_randomized,"Curvo, dose aleatorizada uniforme",0.8,0.0,DML-linear,13,2177991776,3708638406,12000,2000,896,0.07466666666666667,True,True,,,False,"{""theta"": [-0.3412948661487695, -0.1422476008645013], ""se"": [0.06621110325602744, 0.06621110325602744], ""moment_norm"": 9.332848575106856e-19, ""jac_condition"": 4.169657515798049, ""cov"": [[0.004383910194380327, -0.0027714237079629464], [-0.0027714237079629464, 0.004383910194380327]], ""jac_singular_values"": [0.04876249750789057, 0.011694604970105731]}",,0.37500137922567567,0.4263001230191998,-0.4263001230191998,0.9793153725925102,-0.3412948661487695,-0.1422476008645013,,0.06621110325602744,0.06621110325602744,,9.332848575106856e-19,4.169657515798049,0.011694604970105731,0.5305436000000014,,,,,
curved_randomized,"Curvo, dose aleatorizada uniforme",0.8,0.0,DML-quadratic,13,2177991776,3708638406,12000,2000,896,0.07466666666666667,True,True,,,False,"{""theta"": [-0.3530696351774731, -0.11214981495672083, 0.8962796601554487], ""se"": [0.0676416600951966, 0.06805865958190929, 0.10834649840195842], ""moment_norm"": 3.351869700539431e-17, ""jac_condition"": 6.101326694462991, ""cov"": [[0.004575394180434113, -0.002921296926840893, 0.0006408175529878453], [-0.002921296926840893, 0.004631981144086214, 0.000728374606026504], [0.0006408175529878453, 0.000728374606026504, 0.01173896371596558]], ""jac_singular_values"": [0.02767966807520528, 0.006714300612341847, 0.0045366638210546616]}",,0.07147886450841352,0.07633372935646773,0.05619798841885777,0.9793153725925102,-0.3530696351774731,-0.11214981495672083,0.8962796601554487,0.0676416600951966,0.06805865958190929,0.10834649840195842,3.351869700539431e-17,6.101326694462991,0.0045366638210546616,0.6993499999999955,,,,,
curved_randomized,"Curvo, dose aleatorizada uniforme",0.8,0.0,Log-mean-linear,13,2177991776,3708638406,12000,2000,896,0.07466666666666667,True,True,,,False,,"[-2.920946689002428, 0.725059813672315, 0.46867400364870954, -0.429324768654962, -0.17584220219992444]",0.37686019363014356,0.4102869854600456,-0.4102869854600456,0.85711310691714,-0.429324768654962,-0.17584220219992444,,,,,,,,0.0030953999999994153,0.0,14.0,1.85900021533227e-09,0.0,
curved_randomized,"Curvo, dose aleatorizada uniforme",0.8,0.0,Log-mean-quadratic,13,2177991776,3708638406,12000,2000,896,0.07466666666666667,True,True,,,False,,"[-3.2565077294342206, 0.729524019943971, 0.4705472760391777, -0.3446092554853048, -0.1334957170646102, 0.898951444261062]",0.06252709150698207,0.06464998654339493,0.057821556899154546,0.8590054243004054,-0.3446092554853048,-0.1334957170646102,0.898951444261062,,,,,,,0.0034252999999964118,0.0,16.0,5.662706441880716e-10,0.0,
curved_randomized,"Curvo, dose aleatorizada uniforme",0.8,0.0,S-learner,13,2177991776,3708638406,12000,2000,896,0.07466666666666667,True,True,,,False,,,0.23833645761033279,0.26920622000485056,-0.07864442170287768,0.46021121294933626,,,,,,,,,,0.09045809999999932,,,,0.0,0.0
curved_randomized,"Curvo, dose aleatorizada uniforme",0.8,0.0,DML-linear,14,3388747770,1308410489,12000,2000,835,0.06958333333333333,True,True,,,False,"{""theta"": [-0.4407085740959242, -0.08804353104940497], ""se"": [0.07281682345250017, 0.07281682345250017], ""moment_norm"": 2.726777659506018e-18, ""jac_condition"": 4.491641801672397, ""cov"": [[0.0053022897777125775, -0.003438113195260543], [-0.003438113195260543, 0.005302289777712578]], ""jac_singular_values"": [0.04458784184707866, 0.009926847201056199]}",,0.38395661293154776,0.4137413892433612,-0.4137413892433612,0.980993915308601,-0.4407085740959242,-0.08804353104940497,,0.07281682345250017,0.07281682345250017,,2.726777659506018e-18,4.491641801672397,0.009926847201056199,0.5013772000000003,,,,,
curved_randomized,"Curvo, dose aleatorizada uniforme",0.8,0.0,DML-quadratic,14,3388747770,1308410489,12000,2000,835,0.06958333333333333,True,True,,,False,"{""theta"": [-0.46230919197852255, -0.08128966339571163, 0.854675148866586], ""se"": [0.07378891403302879, 0.07412663140440985, 0.11586735715731362], ""moment_norm"": 1.1210110753863208e-16, ""jac_condition"": 6.427617014553051, ""cov"": [[0.005444803834173712, -0.0036065515369101716, 0.000731478848978936], [-0.0036065515369101716, 0.005494757483365241, 0.0005040114109872884], [0.000731478848978936, 0.0005040114109872884, 0.013425244454620476]], ""jac_singular_values"": [0.026185714223829645, 0.006075724150532475, 0.004073938158502819]}",,0.10554952487569895,0.12639581696020225,0.05475355809253274,0.980993915308601,-0.46230919197852255,-0.08128966339571163,0.854675148866586,0.07378891403302879,0.07412663140440985,0.11586735715731362,1.1210110753863208e-16,6.427617014553051,0.004073938158502819,0.8226228999999989,,,,,
curved_randomized,"Curvo, dose aleatorizada uniforme",0.8,0.0,Log-mean-linear,14,3388747770,1308410489,12000,2000,835,0.06958333333333333,True,True,,,False,,"[-2.9811727411646975, 0.7087164422520478, 0.3579663895273482, -0.5450099448566011, -0.12221282991961555]",0.3958250263129729,0.390908036565791,-0.390908036565791,0.8634743464140235,-0.5450099448566011,-0.12221282991961555,,,,,,,,0.0030655999999993355,0.0,14.0,3.5798955882043737e-09,0.0,
curved_randomized,"Curvo, dose aleatorizada uniforme",0.8,0.0,Log-mean-quadratic,14,3388747770,1308410489,12000,2000,835,0.06958333333333333,True,True,,,False,,"[-3.274058382325607, 0.7126106713414694, 0.3539332010744262, -0.44836128354656124, -0.10169844253116973, 0.8220909427445514]",0.08776224514273556,0.09733459508024475,0.02984356111497781,0.8571722501276651,-0.44836128354656124,-0.10169844253116973,0.8220909427445514,,,,,,,0.0034589999999994347,0.0,16.0,4.75235494104322e-10,0.0,
curved_randomized,"Curvo, dose aleatorizada uniforme",0.8,0.0,S-learner,14,3388747770,1308410489,12000,2000,835,0.06958333333333333,True,True,,,False,,,0.3514215503258824,0.45605262647914463,0.23896493050261952,0.6211876850880709,,,,,,,,,,0.08942429999999746,,,,0.0,0.0
curved_randomized,"Curvo, dose aleatorizada uniforme",0.8,0.0,DML-linear,15,2664013071,2798429214,12000,2000,840,0.07,True,True,,,False,"{""theta"": [-0.3154195126113383, -0.2762538557840926], ""se"": [0.06857629253541801, 0.068576292535418], ""moment_norm"": 2.090430002458066e-18, ""jac_condition"": 3.897229797361479, ""cov"": [[0.004702707897903229, -0.002705946940844986], [-0.002705946940844986, 0.004702707897903226]], ""jac_singular_values"": [0.042826189347154965, 0.0109888796847826]}",,0.3769109386881676,0.4183544556122021,-0.4183544556122021,0.9785466800403061,-0.3154195126113383,-0.2762538557840926,,0.06857629253541801,0.068576292535418,,2.090430002458066e-18,3.897229797361479,0.0109888796847826,0.6445413000000002,,,,,
curved_randomized,"Curvo, dose aleatorizada uniforme",0.8,0.0,DML-quadratic,15,2664013071,2798429214,12000,2000,840,0.07,True,True,,,False,"{""theta"": [-0.302221947961962, -0.29525095835685683, 0.7636342683481757], ""se"": [0.06992404064883098, 0.06950505763168334, 0.11407877615644206], ""moment_norm"": 1.918214920113933e-18, ""jac_condition"": 6.066534447676809, ""cov"": [[0.004889371460659367, -0.0028502343697806827, 0.001113055415707608], [-0.0028502343697806827, 0.004830953036383623, 0.000403349630453045], [0.001113055415707608, 0.000403349630453045, 0.013013967169351612]], ""jac_singular_values"": [0.026493815311503337, 0.006996980388694848, 0.004367207594386808]}",,0.06941931614633577,0.08195730624442865,-0.018353698201937406,0.9785466800403061,-0.302221947961962,-0.29525095835685683,0.7636342683481757,0.06992404064883098,0.06950505763168334,0.11407877615644206,1.918214920113933e-18,6.066534447676809,0.004367207594386808,0.7951756000000003,,,,,
curved_randomized,"Curvo, dose aleatorizada uniforme",0.8,0.0,Log-mean-linear,15,2664013071,2798429214,12000,2000,840,0.07,True,True,,,False,,"[-2.9379394043742244, 0.6425538631435078, 0.3177411308019118, -0.3799094740110232, -0.3458516735348105]",0.38489139319530413,0.39995965747192797,-0.39995965747192797,0.8706526966362506,-0.3799094740110232,-0.3458516735348105,,,,,,,,0.003377600000007419,0.0,14.0,2.313183392037982e-10,0.0,
curved_randomized,"Curvo, dose aleatorizada uniforme",0.8,0.0,Log-mean-quadratic,15,2664013071,2798429214,12000,2000,840,0.07,True,True,,,False,,"[-3.1983772866574687, 0.6517221967842839, 0.3182715065812549, -0.31269112542566047, -0.2874920941961729, 0.7252415611739018]",0.06947676915635423,0.07511280462742403,-0.042211525961402444,0.8547282359669199,-0.31269112542566047,-0.2874920941961729,0.7252415611739018,,,,,,,0.004039399999996363,0.0,18.0,4.69191149848891e-10,0.0,
curved_randomized,"Curvo, dose aleatorizada uniforme",0.8,0.0,S-learner,15,2664013071,2798429214,12000,2000,840,0.07,True,True,,,False,,,0.2831140259532716,0.3120370170231763,-0.09218042639685418,-0.24755998494000794,,,,,,,,,,0.09161129999999673,,,,0.0,0.0
curved_randomized,"Curvo, dose aleatorizada uniforme",0.8,0.0,DML-linear,16,816554227,2992940222,12000,2000,851,0.07091666666666667,True,True,,,False,"{""theta"": [-0.33514437851069945, -0.1571524873510223], ""se"": [0.06683995916560427, 0.06683995916560428], ""moment_norm"": 2.0124769958459135e-18, ""jac_condition"": 3.7993502299877258, ""cov"": [[0.004467580141259646, -0.002626682110156461], [-0.002626682110156461, 0.004467580141259648]], ""jac_singular_values"": [0.044118721619517444, 0.011612175490244282]}",,0.37428421876508516,0.4264646239395373,-0.4264646239395373,0.9810998146551568,-0.33514437851069945,-0.1571524873510223,,0.06683995916560427,0.06683995916560428,,2.0124769958459135e-18,3.7993502299877258,0.011612175490244282,0.5549493000000041,,,,,
curved_randomized,"Curvo, dose aleatorizada uniforme",0.8,0.0,DML-quadratic,16,816554227,2992940222,12000,2000,851,0.07091666666666667,True,True,,,False,"{""theta"": [-0.32625168031463897, -0.16471072264893014, 0.8605121131586477], ""se"": [0.06866389694266967, 0.06842993563443055, 0.11204054309317449], ""moment_norm"": 1.0231643985547125e-18, ""jac_condition"": 6.015046148983011, ""cov"": [[0.0047147307433535604, -0.0028078232824854995, 0.0009128409422332869], [-0.0028078232824854995, 0.004682656090932307, 0.00038320679714490876], [0.0009128409422332869, 0.00038320679714490876, 0.012553083296613489]], ""jac_singular_values"": [0.02569981697882507, 0.006995102130278392, 0.004272588495961955]}",,0.039028162593358215,0.041057218287378544,0.030632974771648863,0.9810998146551568,-0.32625168031463897,-0.16471072264893014,0.8605121131586477,0.06866389694266967,0.06842993563443055,0.11204054309317449,1.0231643985547125e-18,6.015046148983011,0.004272588495961955,0.8035285999999928,,,,,
curved_randomized,"Curvo, dose aleatorizada uniforme",0.8,0.0,Log-mean-linear,16,816554227,2992940222,12000,2000,851,0.07091666666666667,True,True,,,False,,"[-2.904451744796182, 0.6370350771042614, 0.40700396110177, -0.4066086248587783, -0.21605005170072436]",0.37503568317633107,0.4109880852699207,-0.4109880852699207,0.8723405992375971,-0.4066086248587783,-0.21605005170072436,,,,,,,,0.003108900000000858,0.0,14.0,6.059363557182433e-10,0.0,
curved_randomized,"Curvo, dose aleatorizada uniforme",0.8,0.0,Log-mean-quadratic,16,816554227,2992940222,12000,2000,851,0.07091666666666667,True,True,,,False,,"[-3.2025109532046088, 0.6413219862208673, 0.40045866147111653, -0.317673465747344, -0.1758612674689643, 0.8336907913247067]",0.030009355621412905,0.03344642460034062,0.012211982241059818,0.8713392198622961,-0.317673465747344,-0.1758612674689643,0.8336907913247067,,,,,,,0.0035168999999939388,0.0,16.0,3.038506818320297e-09,0.0,
curved_randomized,"Curvo, dose aleatorizada uniforme",0.8,0.0,S-learner,16,816554227,2992940222,12000,2000,851,0.07091666666666667,True,True,,,False,,,0.285064469033929,0.3457357972573434,0.10003054352298552,0.0675367965811711,,,,,,,,,,0.08412210000000186,,,,0.0,0.0
curved_randomized,"Curvo, dose aleatorizada uniforme",0.8,0.0,DML-linear,17,658283103,544183002,12000,2000,853,0.07108333333333333,True,True,,,False,"{""theta"": [-0.36478649301270266, -0.16041730081798306], ""se"": [0.06647433774515259, 0.06647433774515259], ""moment_norm"": 6.717142843541731e-19, ""jac_condition"": 3.9243693221964673, ""cov"": [[0.004418837578656618, -0.0026385278339501727], [-0.0026385278339501727, 0.0044188375786566175]], ""jac_singular_values"": [0.04658187199470942, 0.011869900147073205]}",,0.37415346374054187,0.42137453083626203,-0.42137453083626203,0.9791447863607178,-0.36478649301270266,-0.16041730081798306,,0.06647433774515259,0.06647433774515259,,6.717142843541731e-19,3.9243693221964673,0.011869900147073205,0.5176783999999941,,,,,
curved_randomized,"Curvo, dose aleatorizada uniforme",0.8,0.0,DML-quadratic,17,658283103,544183002,12000,2000,853,0.07108333333333333,True,True,,,False,"{""theta"": [-0.36271869064201867, -0.16605533711181347, 1.0356912374891556], ""se"": [0.06914734729807129, 0.0691184299055737, 0.11369557018093582], ""moment_norm"": 6.742197339610478e-17, ""jac_condition"": 6.1057889682192235, ""cov"": [[0.004781355638360087, -0.002924504556507515, 0.0008214425689695871], [-0.002924504556507515, 0.004777357352611704, 0.0003521887214899651], [0.0008214425689695871, 0.0003521887214899651, 0.012926682678768103]], ""jac_singular_values"": [0.024176033708457566, 0.006360724112287761, 0.003959526579496015]}",,0.11235072633442876,0.1638414822413471,0.1638414822413471,0.9791447863607178,-0.36271869064201867,-0.16605533711181347,1.0356912374891556,0.06914734729807129,0.0691184299055737,0.11369557018093582,6.742197339610478e-17,6.1057889682192235,0.003959526579496015,0.7079833999999892,,,,,
curved_randomized,"Curvo, dose aleatorizada uniforme",0.8,0.0,Log-mean-linear,17,658283103,544183002,12000,2000,853,0.07108333333333333,True,True,,,False,,"[-2.9108871066681172, 0.6509691160684564, 0.30569871105106106, -0.46577052097306476, -0.21665817872395082]",0.38038725953385455,0.4001782742432791,-0.4001782742432791,0.8681839600364263,-0.46577052097306476,-0.21665817872395082,,,,,,,,0.0028379999999970096,0.0,13.0,4.731859969723621e-09,0.0,
curved_randomized,"Curvo, dose aleatorizada uniforme",0.8,0.0,Log-mean-quadratic,17,658283103,544183002,12000,2000,853,0.07108333333333333,True,True,,,False,,"[-3.284494266839033, 0.6620523807892664, 0.31389820466201984, -0.353486157568455, -0.17068014439104978, 1.0013164919032984]",0.09575957024999479,0.13658716707239485,0.13658716707239485,0.857645973528076,-0.353486157568455,-0.17068014439104978,1.0013164919032984,,,,,,,0.0036072999999987587,0.0,16.0,6.476976651484852e-11,0.0,
curved_randomized,"Curvo, dose aleatorizada uniforme",0.8,0.0,S-learner,17,658283103,544183002,12000,2000,853,0.07108333333333333,True,True,,,False,,,0.2793009869128283,0.35404060828780376,0.11946086041375042,-0.0989575428067268,,,,,,,,,,0.083875699999993,,,,0.0,0.0
curved_randomized,"Curvo, dose aleatorizada uniforme",0.8,0.0,DML-linear,18,2344407662,4154570341,12000,2000,889,0.07408333333333333,True,True,,,False,"{""theta"": [-0.3360491484532169, -0.21488628165443907], ""se"": [0.0639430500410319, 0.0639430500410319], ""moment_norm"": 2.1657891950645747e-18, ""jac_condition"": 3.7779803263049057, ""cov"": [[0.004088713648549911, -0.0023546271848122425], [-0.0023546271848122425, 0.00408871364854991]], ""jac_singular_values"": [0.048131615378344705, 0.012740038650603655]}",,0.3734090415351114,0.42145817829109083,-0.42145817829109083,0.9758728167236926,-0.3360491484532169,-0.21488628165443907,,0.0639430500410319,0.0639430500410319,,2.1657891950645747e-18,3.7779803263049057,0.012740038650603655,0.48708190000000684,,,,,
curved_randomized,"Curvo, dose aleatorizada uniforme",0.8,0.0,DML-quadratic,18,2344407662,4154570341,12000,2000,889,0.07408333333333333,True,True,,,False,"{""theta"": [-0.3220973711667193, -0.2385562049003039, 0.9504751009754729], ""se"": [0.06579195840455405, 0.06538399754980606, 0.1078597578217684], ""moment_norm"": 2.2465559592778053e-17, ""jac_condition"": 5.841569470380132, ""cov"": [[0.004328581790706571, -0.0025156140218941937, 0.0008633044999045707], [-0.0025156140218941937, 0.004275067135593044, 0.00023458519494667956], [0.0008633044999045707, 0.00023458519494667956, 0.011633727357370529]], ""jac_singular_values"": [0.026184873557295117, 0.006899034123048474, 0.004482506574657097]}",,0.07650433869876487,0.10282560800884218,0.10205263814397558,0.9758728167236926,-0.3220973711667193,-0.2385562049003039,0.9504751009754729,0.06579195840455405,0.06538399754980606,0.1078597578217684,2.2465559592778053e-17,5.841569470380132,0.004482506574657097,0.6969127999999927,,,,,
curved_randomized,"Curvo, dose aleatorizada uniforme",0.8,0.0,Log-mean-linear,18,2344407662,4154570341,12000,2000,889,0.07408333333333333,True,True,,,False,,"[-2.9188131440350005, 0.6891104799228932, 0.4304541216856628, -0.43237250138931344, -0.2606438282978279]",0.3786254694230361,0.40205129028646125,-0.40205129028646125,0.8566325820974037,-0.43237250138931344,-0.2606438282978279,,,,,,,,0.0031733999999943308,0.0,14.0,2.0169694671378726e-09,0.0,
curved_randomized,"Curvo, dose aleatorizada uniforme",0.8,0.0,Log-mean-quadratic,18,2344407662,4154570341,12000,2000,889,0.07408333333333333,True,True,,,False,,"[-3.2635622694122866, 0.6948642870303641, 0.4218354671855271, -0.3326623385509224, -0.20937738315509613, 0.9274439357015899]",0.060767205158480206,0.08370180223821151,0.08370180223821151,0.8523300512089059,-0.3326623385509224,-0.20937738315509613,0.9274439357015899,,,,,,,0.0034114000000045053,0.0,16.0,7.544119428580983e-11,0.0,
curved_randomized,"Curvo, dose aleatorizada uniforme",0.8,0.0,S-learner,18,2344407662,4154570341,12000,2000,889,0.07408333333333333,True,True,,,False,,,0.2362128774882612,0.3107831579029183,0.1773268066438719,0.698114511344009,,,,,,,,,,0.08707410000000948,,,,0.0,0.0
curved_randomized,"Curvo, dose aleatorizada uniforme",0.8,0.0,DML-linear,19,2102206096,1162079002,12000,2000,858,0.0715,True,True,,,False,"{""theta"": [-0.24749825813006424, -0.3165323936894647], ""se"": [0.0637928084404334, 0.06379280844043342], ""moment_norm"": 2.3350768416187283e-18, ""jac_condition"": 3.143683091769655, ""cov"": [[0.004069522408717832, -0.0021122535135768405], [-0.0021122535135768405, 0.004069522408717833]], ""jac_singular_values"": [0.04142188924469628, 0.013176229293958158]}",,0.38562604420960456,0.4215490807255445,-0.4215490807255445,0.9758796161198297,-0.24749825813006424,-0.3165323936894647,,0.0637928084404334,0.06379280844043342,,2.3350768416187283e-18,3.143683091769655,0.013176229293958158,0.4963491000000033,,,,,
curved_randomized,"Curvo, dose aleatorizada uniforme",0.8,0.0,DML-quadratic,19,2102206096,1162079002,12000,2000,858,0.0715,True,True,,,False,"{""theta"": [-0.24520753666515555, -0.30465115293809963, 0.7144988798529177], ""se"": [0.06502749143248301, 0.06526003443428192, 0.11098210572696682], ""moment_norm"": 8.14881827304456e-19, ""jac_condition"": 5.688382064380688, ""cov"": [[0.004228574642001651, -0.0021978613355355258, 0.000659968219777133], [-0.0021978613355355258, 0.004258872094363663, 0.001012191997477704], [0.000659968219777133, 0.001012191997477704, 0.01231702779159164]], ""jac_singular_values"": [0.026674348342834484, 0.008191198824877441, 0.004689268062682179]}",,0.10093867108301831,0.11978184897808705,-0.0574305808945552,0.9758796161198297,-0.24520753666515555,-0.30465115293809963,0.7144988798529177,0.06502749143248301,0.06526003443428192,0.11098210572696682,8.14881827304456e-19,5.688382064380688,0.004689268062682179,0.7026501999999937,,,,,
curved_randomized,"Curvo, dose aleatorizada uniforme",0.8,0.0,Log-mean-linear,19,2102206096,1162079002,12000,2000,858,0.0715,True,True,,,False,,"[-2.922486571851145, 0.6081570200790719, 0.5469012140415657, -0.2882378480014238, -0.3828862076439825]",0.39241310402976876,0.40717001613092646,-0.40717001613092646,0.8591106200357561,-0.2882378480014238,-0.3828862076439825,,,,,,,,0.0029176000000035174,0.0,13.0,5.4487349003170165e-09,0.0,
curved_randomized,"Curvo, dose aleatorizada uniforme",0.8,0.0,Log-mean-quadratic,19,2102206096,1162079002,12000,2000,858,0.0715,True,True,,,False,,"[-3.187181141392122, 0.6155036762278839, 0.5485207660769593, -0.235794625410588, -0.3179282732459699, 0.7323228100214682]",0.10752274814690856,0.12304531734418404,-0.04514183122321492,0.8559936669190983,-0.235794625410588,-0.3179282732459699,0.7323228100214682,,,,,,,0.0037616000000042504,0.0,17.0,1.8621232273386782e-09,0.0,
curved_randomized,"Curvo, dose aleatorizada uniforme",0.8,0.0,S-learner,19,2102206096,1162079002,12000,2000,858,0.0715,True,True,,,False,,,0.3333613702505187,0.2989293060497272,-0.2552514915198803,0.5565747626547709,,,,,,,,,,0.08653809999999851,,,,0.0,0.0
curved_randomized,"Curvo, dose aleatorizada uniforme",0.8,0.0,DML-linear,20,3331645260,54487892,12000,2000,845,0.07041666666666667,True,True,,,False,"{""theta"": [-0.30637005053364474, -0.28794800788468927], ""se"": [0.06903446355448471, 0.06903446355448471], ""moment_norm"": 8.855415978031923e-19, ""jac_condition"": 4.252326061445791, ""cov"": [[0.004765757158255478, -0.0028671486881824363], [-0.0028671486881824363, 0.004765757158255478]], ""jac_singular_values"": [0.045191902444342694, 0.01062757224900516]}",,0.37839234202975586,0.4179518442596078,-0.4179518442596078,0.979182502215608,-0.30637005053364474,-0.28794800788468927,,0.06903446355448471,0.06903446355448471,,8.855415978031923e-19,4.252326061445791,0.01062757224900516,0.4958492000000092,,,,,
curved_randomized,"Curvo, dose aleatorizada uniforme",0.8,0.0,DML-quadratic,20,3331645260,54487892,12000,2000,845,0.07041666666666667,True,True,,,False,"{""theta"": [-0.3070093217108539, -0.28835137231124774, 0.9449183471611448], ""se"": [0.07114237283797432, 0.07112914450383889, 0.11450691648060436], ""moment_norm"": 1.7359724368554896e-18, ""jac_condition"": 6.212821482184116, ""cov"": [[0.0050612372130173465, -0.0031281521517591924, 0.0007540788483701749], [-0.0031281521517591924, 0.005059355197847994, 0.0007558993787668334], [0.0007540788483701749, 0.0007558993787668334, 0.013111833921896104]], ""jac_singular_values"": [0.025041315777535874, 0.005899306437639038, 0.004030586722851178]}",,0.0921538211927655,0.11864554418803538,0.10386754981715016,0.979182502215608,-0.3070093217108539,-0.28835137231124774,0.9449183471611448,0.07114237283797432,0.07112914450383889,0.11450691648060436,1.7359724368554896e-18,6.212821482184116,0.004030586722851178,0.6985422999999997,,,,,
curved_randomized,"Curvo, dose aleatorizada uniforme",0.8,0.0,Log-mean-linear,20,3331645260,54487892,12000,2000,845,0.07041666666666667,True,True,,,False,,"[-2.9777429168574385, 0.6862941663315267, 0.3653466528566531, -0.3839139689108845, -0.38495562578446374]",0.3915445505292604,0.39365444519135995,-0.39365444519135995,0.8863903713848434,-0.3839139689108845,-0.38495562578446374,,,,,,,,0.0028196999999892114,0.0,13.0,8.988301195301621e-10,0.0,
curved_randomized,"Curvo, dose aleatorizada uniforme",0.8,0.0,Log-mean-quadratic,20,3331645260,54487892,12000,2000,845,0.07041666666666667,True,True,,,False,,"[-3.3192727072826447, 0.6987040874190346, 0.369334516800269, -0.30511516877288264, -0.29723034554099614, 0.9375364240861681]",0.09366622580059894,0.1226917819728498,0.0999966874753188,0.8578993694420717,-0.30511516877288264,-0.29723034554099614,0.9375364240861681,,,,,,,0.003604099999989785,0.0,17.0,3.0313958026527883e-10,0.0,
curved_randomized,"Curvo, dose aleatorizada uniforme",0.8,0.0,S-learner,20,3331645260,54487892,12000,2000,845,0.07041666666666667,True,True,,,False,,,0.24944670247850517,0.33520947754650365,0.114875961434681,0.4553569497786991,,,,,,,,,,0.08595859999999789,,,,0.0,0.0
curved_randomized,"Curvo, dose aleatorizada uniforme",0.8,0.0,DML-linear,21,3421194737,2008676538,12000,2000,898,0.07483333333333334,True,True,,,False,"{""theta"": [-0.4072671090541524, -0.2324867397488165], ""se"": [0.06301115755458356, 0.06301115755458354], ""moment_norm"": 6.542978989690674e-18, ""jac_condition"": 3.0881980893242442, ""cov"": [[0.003970405976368552, -0.0019882043232630564], [-0.0019882043232630564, 0.003970405976368551]], ""jac_singular_values"": [0.04282438005039262, 0.01386710917231459]}",,0.3754434430211055,0.4091385887364796,-0.4091385887364796,0.9781174558167006,-0.4072671090541524,-0.2324867397488165,,0.06301115755458356,0.06301115755458354,,6.542978989690674e-18,3.0881980893242442,0.01386710917231459,0.49797179999998775,,,,,
curved_randomized,"Curvo, dose aleatorizada uniforme",0.8,0.0,DML-quadratic,21,3421194737,2008676538,12000,2000,898,0.07483333333333334,True,True,,,False,"{""theta"": [-0.41466219822231964, -0.21881327845385173, 0.7297297663944953], ""se"": [0.0636932631991504, 0.06405796758665132, 0.10795785445518224], ""moment_norm"": 1.11692207508872e-16, ""jac_condition"": 5.384058303336453, ""cov"": [[0.004056831776956248, -0.002068032439032517, 0.0009355591393015334], [-0.002068032439032517, 0.004103423211332471, 0.0007669299274359711], [0.0009355591393015334, 0.0007669299274359711, 0.011654898338566312]], ""jac_singular_values"": [0.0269622976375324, 0.008632592244686512, 0.005007801943902447]}",,0.053500163042673056,0.051467300701317685,-0.02765122669232348,0.9781174558167006,-0.41466219822231964,-0.21881327845385173,0.7297297663944953,0.0636932631991504,0.06405796758665132,0.10795785445518224,1.11692207508872e-16,5.384058303336453,0.005007801943902447,0.6920976999999908,,,,,
curved_randomized,"Curvo, dose aleatorizada uniforme",0.8,0.0,Log-mean-linear,21,3421194737,2008676538,12000,2000,898,0.07483333333333334,True,True,,,False,,"[-2.8690004807578804, 0.603516446973248, 0.40368108616710696, -0.49031085615034403, -0.264837375151215]",0.38551771043041316,0.3906792502969197,-0.3906792502969197,0.8602254489503399,-0.49031085615034403,-0.264837375151215,,,,,,,,0.005304300000005924,0.0,15.0,2.611475432974982e-09,0.0,
curved_randomized,"Curvo, dose aleatorizada uniforme",0.8,0.0,Log-mean-quadratic,21,3421194737,2008676538,12000,2000,898,0.07483333333333334,True,True,,,False,,"[-3.1474903429084193, 0.6135208519635927, 0.3959841805190165, -0.4009074269153421, -0.2118863752731427, 0.7811881991142829]",0.03401581508605844,0.044305638839340016,0.0012141392185481905,0.8618274951232707,-0.4009074269153421,-0.2118863752731427,0.7811881991142829,,,,,,,0.0038428000000010343,0.0,18.0,6.551088728943648e-10,0.0,
curved_randomized,"Curvo, dose aleatorizada uniforme",0.8,0.0,S-learner,21,3421194737,2008676538,12000,2000,898,0.07483333333333334,True,True,,,False,,,0.27520236754281613,0.29561271193592437,-0.018508516688908714,0.6975704910988162,,,,,,,,,,0.08978430000000515,,,,0.0,0.0
curved_randomized,"Curvo, dose aleatorizada uniforme",0.8,0.0,DML-linear,22,2127936806,3384451819,12000,2000,844,0.07033333333333333,True,True,,,False,"{""theta"": [-0.38207352048090565, -0.10047823138592958], ""se"": [0.06413231443065125, 0.06413231443065125], ""moment_norm"": 5.704025903493235e-19, ""jac_condition"": 3.335427346330964, ""cov"": [[0.004112953754231917, -0.0022314810599183004], [-0.0022314810599183004, 0.004112953754231917]], ""jac_singular_values"": [0.04410262965549783, 0.013222482481596127]}",,0.3789715582759934,0.42275932866657273,-0.42275932866657273,0.9820753959319888,-0.38207352048090565,-0.10047823138592958,,0.06413231443065125,0.06413231443065125,,5.704025903493235e-19,3.335427346330964,0.013222482481596127,0.4916134999999997,,,,,
curved_randomized,"Curvo, dose aleatorizada uniforme",0.8,0.0,DML-quadratic,22,2127936806,3384451819,12000,2000,844,0.07033333333333333,True,True,,,False,"{""theta"": [-0.39682024045738584, -0.10641902555653668, 0.943607717536501], ""se"": [0.06527783273513198, 0.06542725984363766, 0.11201155149425167], ""moment_norm"": 3.0430840737330983e-18, ""jac_condition"": 5.7253735536574375, ""cov"": [[0.004261195446595868, -0.002355160720665449, 0.0006514612605904098], [-0.002355160720665449, 0.004280726330646882, 0.0001707621166268967], [0.0006514612605904098, 0.0001707621166268967, 0.012546587668149393]], ""jac_singular_values"": [0.02434367464989078, 0.007182743997654827, 0.004251892810441992]}",,0.09403659066070763,0.11588836214772086,0.09979240907888759,0.9820753959319888,-0.39682024045738584,-0.10641902555653668,0.943607717536501,0.06527783273513198,0.06542725984363766,0.11201155149425167,3.0430840737330983e-18,5.7253735536574375,0.004251892810441992,0.7084989999999891,,,,,
curved_randomized,"Curvo, dose aleatorizada uniforme",0.8,0.0,Log-mean-linear,22,2127936806,3384451819,12000,2000,844,0.07033333333333333,True,True,,,False,,"[-2.923193802121115, 0.6304974809817218, 0.4272159410042604, -0.4718142677065344, -0.13100153324346522]",0.3834797696170272,0.40556382267895325,-0.40556382267895325,0.8626616581400534,-0.4718142677065344,-0.13100153324346522,,,,,,,,0.0030573000000089223,0.0,14.0,1.3643624462537918e-09,0.0,
curved_randomized,"Curvo, dose aleatorizada uniforme",0.8,0.0,Log-mean-quadratic,22,2127936806,3384451819,12000,2000,844,0.07033333333333333,True,True,,,False,,"[-3.2554292936773486, 0.6364970852766199, 0.4254706784144928, -0.37737009983376, -0.09878582092869548, 0.9018060221469801]",0.08146881268922529,0.09222219202877878,0.0647562784562185,0.8688798946494241,-0.37737009983376,-0.09878582092869548,0.9018060221469801,,,,,,,0.004837899999998285,0.0,16.0,9.194198158484397e-11,0.0,
curved_randomized,"Curvo, dose aleatorizada uniforme",0.8,0.0,S-learner,22,2127936806,3384451819,12000,2000,844,0.07033333333333333,True,True,,,False,,,0.2679035856625095,0.4094400882159553,0.36148619544978383,0.44807417735690935,,,,,,,,,,0.08886640000000057,,,,0.0,0.0
curved_randomized,"Curvo, dose aleatorizada uniforme",0.8,0.0,DML-linear,23,2521422285,28031347,12000,2000,860,0.07166666666666667,True,True,,,False,"{""theta"": [-0.36109620949568094, -0.169980937916147], ""se"": [0.06348078321573099, 0.063480783215731], ""moment_norm"": 2.722148559949673e-18, ""jac_condition"": 3.429636914232866, ""cov"": [[0.004029809837682634, -0.002185969903798249], [-0.002185969903798249, 0.004029809837682636]], ""jac_singular_values"": [0.045481582184881526, 0.013261340288277934]}",,0.37373159734075867,0.42170550723713657,-0.42170550723713657,0.9809427252875932,-0.36109620949568094,-0.169980937916147,,0.06348078321573099,0.063480783215731,,2.722148559949673e-18,3.429636914232866,0.013261340288277934,0.4925988999999902,,,,,
curved_randomized,"Curvo, dose aleatorizada uniforme",0.8,0.0,DML-quadratic,23,2521422285,28031347,12000,2000,860,0.07166666666666667,True,True,,,False,"{""theta"": [-0.35711763815875597, -0.17430272696827984, 0.9947553886205092], ""se"": [0.06498189077582474, 0.06491262935202882, 0.11188870040245368], ""moment_norm"": 1.3721288005984803e-18, ""jac_condition"": 5.858868263247382, ""cov"": [[0.004222646128801216, -0.002332116983746819, 0.0009117564587166877], [-0.002332116983746819, 0.004213649449393874, 0.00030359164285465154], [0.0009117564587166877, 0.00030359164285465154, 0.012519081277750038]], ""jac_singular_values"": [0.024238902419018625, 0.007061659460623564, 0.00413713047126678]}",,0.09240550040065303,0.13312399087931143,0.13312399087931143,0.9809427252875932,-0.35711763815875597,-0.17430272696827984,0.9947553886205092,0.06498189077582474,0.06491262935202882,0.11188870040245368,1.3721288005984803e-18,5.858868263247382,0.00413713047126678,0.6945903000000015,,,,,
curved_randomized,"Curvo, dose aleatorizada uniforme",0.8,0.0,Log-mean-linear,23,2521422285,28031347,12000,2000,860,0.07166666666666667,True,True,,,False,,"[-2.907313308611427, 0.6326699728827212, 0.39176934168758976, -0.4668759712257132, -0.2029858901388493]",0.38043381576518975,0.4012359845587407,-0.4012359845587407,0.8621949676527142,-0.4668759712257132,-0.2029858901388493,,,,,,,,0.003446499999995467,0.0,14.0,2.3053863089257202e-10,0.0,
curved_randomized,"Curvo, dose aleatorizada uniforme",0.8,0.0,Log-mean-quadratic,23,2521422285,28031347,12000,2000,860,0.07166666666666667,True,True,,,False,,"[-3.2616724417374177, 0.6342977912763347, 0.38298972954953503, -0.3682634149512411, -0.16420801203683938, 0.9611036831842826]",0.0793515085157381,0.11039013620082577,0.11039013620082577,0.8628933930786269,-0.3682634149512411,-0.16420801203683938,0.9611036831842826,,,,,,,0.0046974999999918055,0.0,16.0,9.84502381726667e-10,0.0,
curved_randomized,"Curvo, dose aleatorizada uniforme",0.8,0.0,S-learner,23,2521422285,28031347,12000,2000,860,0.07166666666666667,True,True,,,False,,,0.4854588916364452,0.799971269783357,0.7913392702025721,0.8420450951176087,,,,,,,,,,0.08714820000000145,,,,0.0,0.0
curved_randomized,"Curvo, dose aleatorizada uniforme",0.8,0.0,DML-linear,24,2575221076,1021257803,12000,2000,879,0.07325,True,True,,,False,"{""theta"": [-0.32207940008837166, -0.33135267245236794], ""se"": [0.06643224881314107, 0.06643224881314105], ""moment_norm"": 4.556367881953557e-18, ""jac_condition"": 3.8194029044571387, ""cov"": [[0.004413243682371082, -0.002493661961623971], [-0.002493661961623971, 0.004413243682371081]], ""jac_singular_values"": [0.044313407234791324, 0.011602181896829683]}",,0.3828269199062193,0.4104842255890092,-0.4104842255890092,0.9781005798196368,-0.32207940008837166,-0.33135267245236794,,0.06643224881314107,0.06643224881314105,,4.556367881953557e-18,3.8194029044571387,0.011602181896829683,0.5026764999999926,,,,,
curved_randomized,"Curvo, dose aleatorizada uniforme",0.8,0.0,DML-quadratic,24,2575221076,1021257803,12000,2000,879,0.07325,True,True,,,False,"{""theta"": [-0.32885603974256633, -0.319678966707052, 0.7418266253996157], ""se"": [0.06801029369659702, 0.06837435739578518, 0.10912303971920743], ""moment_norm"": 1.8938354888949376e-18, ""jac_condition"": 5.6151605513490175, ""cov"": [[0.004625400048697383, -0.002625032464087476, 0.0007742204648617346], [-0.002625032464087476, 0.004675052749286564, 0.0010738812235778863], [0.0007742204648617346, 0.0010738812235778863, 0.011907837797559724]], ""jac_singular_values"": [0.027587443453787164, 0.0071667667683753935, 0.004913028434629425]}",,0.08184800895618026,0.10320793784340002,-0.022910030869664255,0.9781005798196368,-0.32885603974256633,-0.319678966707052,0.7418266253996157,0.06801029369659702,0.06837435739578518,0.10912303971920743,1.8938354888949376e-18,5.6151605513490175,0.004913028434629425,0.7057716000000056,,,,,
curved_randomized,"Curvo, dose aleatorizada uniforme",0.8,0.0,Log-mean-linear,24,2575221076,1021257803,12000,2000,879,0.07325,True,True,,,False,,"[-2.932390760075903, 0.6581788199961922, 0.3999071784045767, -0.3800467375107132, -0.4140346354219152]",0.39725375029054616,0.38959955769864396,-0.38959955769864396,0.8775710085136699,-0.3800467375107132,-0.4140346354219152,,,,,,,,0.004271500000001538,0.0,14.0,3.3613611437911343e-10,0.0,
curved_randomized,"Curvo, dose aleatorizada uniforme",0.8,0.0,Log-mean-quadratic,24,2575221076,1021257803,12000,2000,879,0.07325,True,True,,,False,,"[-3.214974015612581, 0.6673679949687075, 0.3964643350918537, -0.307747988141834, -0.33506112842429714, 0.7876368486835872]",0.09037266533768094,0.12385987918783965,0.005762130786869335,0.8549935119985173,-0.307747988141834,-0.33506112842429714,0.7876368486835872,,,,,,,0.0037490999999931773,0.0,17.0,3.1658285080295398e-09,0.0,
curved_randomized,"Curvo, dose aleatorizada uniforme",0.8,0.0,S-learner,24,2575221076,1021257803,12000,2000,879,0.07325,True,True,,,False,,,0.5204258313277222,0.490324631810559,-0.4743927399879785,0.6839961220664316,,,,,,,,,,0.08829890000001228,,,,0.0,0.0
curved_randomized,"Curvo, dose aleatorizada uniforme",0.8,0.0,DML-linear,25,4178232527,1551702522,12000,2000,871,0.07258333333333333,True,True,,,False,"{""theta"": [-0.44531234421576427, -0.19999081724907986], ""se"": [0.06462075751381806, 0.06462075751381806], ""moment_norm"": 1.2846236085710799e-18, ""jac_condition"": 2.9075136140422893, ""cov"": [[0.004175842301659673, -0.0019619716875353306], [-0.0019619716875353306, 0.004175842301659673]], ""jac_singular_values"": [0.039111888383043907, 0.013452005243981303]}",,0.378018234507139,0.4054827539003578,-0.4054827539003578,0.9815956836460933,-0.44531234421576427,-0.19999081724907986,,0.06462075751381806,0.06462075751381806,,1.2846236085710799e-18,2.9075136140422893,0.013452005243981303,0.4915596000000022,,,,,
curved_randomized,"Curvo, dose aleatorizada uniforme",0.8,0.0,DML-quadratic,25,4178232527,1551702522,12000,2000,871,0.07258333333333333,True,True,,,False,"{""theta"": [-0.44784091253635433, -0.19557885956434298, 0.6480342422003491], ""se"": [0.065435839457918, 0.06560754789938962, 0.11262866679940202], ""moment_norm"": 1.012023269922707e-16, ""jac_condition"": 5.5027319920408955, ""cov"": [[0.004281849085562418, -0.0020601785802334778, 0.001197695845705486], [-0.0020601785802334778, 0.004304350341370703, 0.0007880636123822175], [0.001197695845705486, 0.0007880636123822175, 0.012685216585010723]], ""jac_singular_values"": [0.026114183515355216, 0.009152900418783949, 0.004745676066565944]}",,0.09416089653434921,0.08257894184477638,-0.07287506225333634,0.9815956836460933,-0.44784091253635433,-0.19557885956434298,0.6480342422003491,0.065435839457918,0.06560754789938962,0.11262866679940202,1.012023269922707e-16,5.5027319920408955,0.004745676066565944,0.7098952999999995,,,,,
curved_randomized,"Curvo, dose aleatorizada uniforme",0.8,0.0,Log-mean-linear,25,4178232527,1551702522,12000,2000,871,0.07258333333333333,True,True,,,False,,"[-2.841362412453434, 0.5007709623043803, 0.42742349245834316, -0.5251171988193262, -0.2599132020168062]",0.3909802149099654,0.38376429806951307,-0.38376429806951307,0.8737299046051069,-0.5251171988193262,-0.2599132020168062,,,,,,,,0.003060899999994149,0.0,14.0,1.5157812337489538e-09,0.0,
curved_randomized,"Curvo, dose aleatorizada uniforme",0.8,0.0,Log-mean-quadratic,25,4178232527,1551702522,12000,2000,871,0.07258333333333333,True,True,,,False,,"[-3.0602778110939335, 0.5085927481788735, 0.4285223652938458, -0.4384703200863047, -0.22555951352518458, 0.6386439219409208]",0.09505678833973746,0.08430737576424761,-0.0773139238330998,0.8659460730610543,-0.4384703200863047,-0.22555951352518458,0.6386439219409208,,,,,,,0.00313579999999547,0.0,13.0,1.5721069598073622e-09,0.0,
curved_randomized,"Curvo, dose aleatorizada uniforme",0.8,0.0,S-learner,25,4178232527,1551702522,12000,2000,871,0.07258333333333333,True,True,,,False,,,0.29315524622413636,0.3162069996707103,-0.012723257726568349,0.17495443192723445,,,,,,,,,,0.08993960000000811,,,,0.0,0.0
curved_randomized,"Curvo, dose aleatorizada uniforme",0.8,0.0,DML-linear,26,3219443373,2350889511,12000,2000,864,0.072,True,True,,,False,"{""theta"": [-0.290499426781032, -0.2051678374319917], ""se"": [0.06478897720640317, 0.06478897720640317], ""moment_norm"": 1.0659994755817355e-18, ""jac_condition"": 3.678887608360989, ""cov"": [[0.004197611567451829, -0.0024225168448869005], [-0.0024225168448869005, 0.00419761156745183]], ""jac_singular_values"": [0.04551489595985857, 0.012371918037511418]}",,0.37508904791871783,0.4283949045097695,-0.4283949045097695,0.9825240798019267,-0.290499426781032,-0.2051678374319917,,0.06478897720640317,0.06478897720640317,,1.0659994755817355e-18,3.678887608360989,0.012371918037511418,0.4867848999999893,,,,,
curved_randomized,"Curvo, dose aleatorizada uniforme",0.8,0.0,DML-quadratic,26,3219443373,2350889511,12000,2000,864,0.072,True,True,,,False,"{""theta"": [-0.289113041875601, -0.1931818607375029, 0.8832099903635917], ""se"": [0.06640338472698114, 0.06653961421951772, 0.11071219360827543], ""moment_norm"": 1.25836411831011e-18, ""jac_condition"": 5.935699064566035, ""cov"": [[0.004409409503199471, -0.002590958745893609, 0.0007106403608801415], [-0.002590958745893609, 0.004427520260482244, 0.000603117026042428], [0.0007106403608801415, 0.000603117026042428, 0.012257189813556264]], ""jac_singular_values"": [0.026106893053432126, 0.007082409566518793, 0.004398284476597]}",,0.05483426142316181,0.049779579662747715,0.04186295004007432,0.9825240798019267,-0.289113041875601,-0.1931818607375029,0.8832099903635917,0.06640338472698114,0.06653961421951772,0.11071219360827543,1.25836411831011e-18,5.935699064566035,0.004398284476597,0.6853373999999945,,,,,
curved_randomized,"Curvo, dose aleatorizada uniforme",0.8,0.0,Log-mean-linear,26,3219443373,2350889511,12000,2000,864,0.072,True,True,,,False,,"[-2.9064822839749778, 0.6724674031028828, 0.3795491906290625, -0.36005126066215926, -0.2524600268040306]",0.3747046110940982,0.4147002735254175,-0.4147002735254175,0.8709719750889807,-0.36005126066215926,-0.2524600268040306,,,,,,,,0.0030268000000006623,0.0,13.0,1.5359044631124696e-09,0.0,
curved_randomized,"Curvo, dose aleatorizada uniforme",0.8,0.0,Log-mean-quadratic,26,3219443373,2350889511,12000,2000,864,0.072,True,True,,,False,,"[-3.2279645669366888, 0.6760865524972648, 0.3837809425907111, -0.2832816955200597, -0.20063402308331962, 0.8727280994556055]",0.054146074038807494,0.05194450720541196,0.03464736178254369,0.8630569100896489,-0.2832816955200597,-0.20063402308331962,0.8727280994556055,,,,,,,0.00438230000000317,0.0,15.0,2.5656383266052055e-10,0.0,
curved_randomized,"Curvo, dose aleatorizada uniforme",0.8,0.0,S-learner,26,3219443373,2350889511,12000,2000,864,0.072,True,True,,,False,,,0.25730233073342695,0.2744536398523387,0.03314393468311928,0.6566741696689787,,,,,,,,,,0.1012512000000072,,,,0.0,0.0
curved_randomized,"Curvo, dose aleatorizada uniforme",0.8,0.0,DML-linear,27,2496798342,2952166782,12000,2000,842,0.07016666666666667,True,True,,,False,"{""theta"": [-0.2757196837803192, -0.21807278959816376], ""se"": [0.06792622623747406, 0.06792622623747405], ""moment_norm"": 1.8163872615744999e-16, ""jac_condition"": 3.818174296161873, ""cov"": [[0.00461397221086451, -0.00271076568676601], [-0.00271076568676601, 0.004613972210864508]], ""jac_singular_values"": [0.042472371407853864, 0.011123738235456716]}",,0.3762971279674881,0.4291020024843129,-0.4291020024843129,0.9806732196758344,-0.2757196837803192,-0.21807278959816376,,0.06792622623747406,0.06792622623747405,,1.8163872615744999e-16,3.818174296161873,0.011123738235456716,0.4974440999999956,,,,,
curved_randomized,"Curvo, dose aleatorizada uniforme",0.8,0.0,DML-quadratic,27,2496798342,2952166782,12000,2000,842,0.07016666666666667,True,True,,,False,"{""theta"": [-0.2655887857681625, -0.20652491022290137, 0.6849992158581891], ""se"": [0.06939292118411979, 0.0693485803859992, 0.11008413160772633], ""moment_norm"": 4.051037622887739e-17, ""jac_condition"": 5.772227896166891, ""cov"": [[0.004815377510465461, -0.0028245788098255837, 0.0008993755818093821], [-0.0028245788098255837, 0.004809225601553393, 0.0008434996147840478], [0.0008993755818093821, 0.0008434996147840478, 0.01211851603182721]], ""jac_singular_values"": [0.02769998519733287, 0.0071084745123864285, 0.004798837761711962]}",,0.07578950468577896,0.09534839361806996,-0.08757202279438521,0.9806732196758344,-0.2655887857681625,-0.20652491022290137,0.6849992158581891,0.06939292118411979,0.0693485803859992,0.11008413160772633,4.051037622887739e-17,5.772227896166891,0.004798837761711962,0.7091396999999944,,,,,
curved_randomized,"Curvo, dose aleatorizada uniforme",0.8,0.0,Log-mean-linear,27,2496798342,2952166782,12000,2000,842,0.07016666666666667,True,True,,,False,,"[-2.9282512382485333, 0.6454254859539414, 0.31234725902828947, -0.3472459919313949, -0.25667177896935334]",0.3749019342675347,0.41616460167563696,-0.41616460167563696,0.8669563573654678,-0.3472459919313949,-0.25667177896935334,,,,,,,,0.003239500000006501,0.0,14.0,5.7892651457447376e-11,0.0,
curved_randomized,"Curvo, dose aleatorizada uniforme",0.8,0.0,Log-mean-quadratic,27,2496798342,2952166782,12000,2000,842,0.07016666666666667,True,True,,,False,,"[-3.1896242256694625, 0.654624612067779, 0.31426636270457503, -0.2833527734834459, -0.2041462173958128, 0.7236422328053634]",0.055243950871889394,0.0717390540809667,-0.06128164101789511,0.8614207201509476,-0.2833527734834459,-0.2041462173958128,0.7236422328053634,,,,,,,0.003849299999998834,0.0,15.0,3.904828798806381e-09,0.0,
curved_randomized,"Curvo, dose aleatorizada uniforme",0.8,0.0,S-learner,27,2496798342,2952166782,12000,2000,842,0.07016666666666667,True,True,,,False,,,0.37828294624716974,0.38338884443228166,-0.24580743021330473,-0.32289804491125546,,,,,,,,,,0.08584099999998784,,,,0.0,0.0
curved_randomized,"Curvo, dose aleatorizada uniforme",0.8,0.0,DML-linear,28,3837673166,1582763520,12000,2000,861,0.07175,True,True,,,False,"{""theta"": [-0.29951781814260586, -0.25929606161985047], ""se"": [0.06792708714128988, 0.06792708714128987], ""moment_norm"": 1.4736147211051175e-18, ""jac_condition"": 4.0040032408712065, ""cov"": [[0.004614089167500389, -0.0026818829301959316], [-0.0026818829301959316, 0.004614089167500388]], ""jac_singular_values"": [0.044106785369850084, 0.011015671745623552]}",,0.37636614352653586,0.42242073946184255,-0.42242073946184255,0.9794404446698289,-0.29951781814260586,-0.25929606161985047,,0.06792708714128988,0.06792708714128987,,1.4736147211051175e-18,4.0040032408712065,0.011015671745623552,0.501323499999998,,,,,
curved_randomized,"Curvo, dose aleatorizada uniforme",0.8,0.0,DML-quadratic,28,3837673166,1582763520,12000,2000,861,0.07175,True,True,,,False,"{""theta"": [-0.2942294862422704, -0.27569315303253583, 0.7495855532058375], ""se"": [0.06931712916712547, 0.06911290582280609, 0.11097479615009657], ""moment_norm"": 1.0653096090609941e-18, ""jac_condition"": 6.060327596652223, ""cov"": [[0.0048048643959719564, -0.0028618440949967332, 0.0009378675084216772], [-0.0028618440949967332, 0.004776593751272064, 0.0003975532393191999], [0.0009378675084216772, 0.0003975532393191999, 0.01231540538055549]], ""jac_singular_values"": [0.027653535741923, 0.006868154450726903, 0.00456304305351398]}",,0.063521198647857,0.0718229706288646,-0.032301908912088693,0.9794404446698289,-0.2942294862422704,-0.27569315303253583,0.7495855532058375,0.06931712916712547,0.06911290582280609,0.11097479615009657,1.0653096090609941e-18,6.060327596652223,0.00456304305351398,0.700616999999994,,,,,
curved_randomized,"Curvo, dose aleatorizada uniforme",0.8,0.0,Log-mean-linear,28,3837673166,1582763520,12000,2000,861,0.07175,True,True,,,False,,"[-2.9350112947905505, 0.6616413373939064, 0.42610962942621106, -0.36552771352089297, -0.3129886121204626]",0.38011770751160734,0.4067267296416914,-0.4067267296416914,0.8604462164081135,-0.36552771352089297,-0.3129886121204626,,,,,,,,0.0029513000000065404,0.0,13.0,1.5850923628617e-09,0.0,
curved_randomized,"Curvo, dose aleatorizada uniforme",0.8,0.0,Log-mean-quadratic,28,3837673166,1582763520,12000,2000,861,0.07175,True,True,,,False,,"[-3.195427438351649, 0.670132425994636, 0.42628019529128475, -0.3064903853584983, -0.2578290231986811, 0.7226464798012973]",0.05800630032436788,0.06920137359654967,-0.05000661649657683,0.8643114396518379,-0.3064903853584983,-0.2578290231986811,0.7226464798012973,,,,,,,0.0057698999999900025,0.0,17.0,2.206915261611838e-09,0.0,
curved_randomized,"Curvo, dose aleatorizada uniforme",0.8,0.0,S-learner,28,3837673166,1582763520,12000,2000,861,0.07175,True,True,,,False,,,0.30318524708635236,0.38677711282894156,-0.008957510564638305,-0.6368210744541716,,,,,,,,,,0.08883919999999534,,,,0.0,0.0
curved_randomized,"Curvo, dose aleatorizada uniforme",0.8,0.0,DML-linear,29,135979654,671446479,12000,2000,836,0.06966666666666667,True,True,,,False,"{""theta"": [-0.43081395925021554, -0.1769584018705083], ""se"": [0.07242929312225412, 0.07242929312225413], ""moment_norm"": 4.302762050449602e-18, ""jac_condition"": 4.388679494617763, ""cov"": [[0.005246002502189408, -0.0032792801469243866], [-0.0032792801469243866, 0.005246002502189409]], ""jac_singular_values"": [0.04341603293975528, 0.009892732652954109]}",,0.37690705907062283,0.41028951357165105,-0.41028951357165105,0.9789847119776173,-0.43081395925021554,-0.1769584018705083,,0.07242929312225412,0.07242929312225413,,4.302762050449602e-18,4.388679494617763,0.009892732652954109,0.5026584999999955,,,,,
curved_randomized,"Curvo, dose aleatorizada uniforme",0.8,0.0,DML-quadratic,29,135979654,671446479,12000,2000,836,0.06966666666666667,True,True,,,False,"{""theta"": [-0.44911261471524555, -0.165743821197366, 0.8252686238605649], ""se"": [0.07405146550804512, 0.0745353704080234, 0.1160666254999631], ""moment_norm"": 6.283562493174395e-18, ""jac_condition"": 6.314849234128835, ""cov"": [[0.005483619543889195, -0.0035348062955962195, 0.0008579623441945926], [-0.0035348062955962195, 0.00555552144186125, 0.0006314510605230038], [0.0008579623441945926, 0.0006314510605230038, 0.013471461554948687]], ""jac_singular_values"": [0.026161603636202256, 0.005855342529444202, 0.004142870663453199]}",,0.06695769777159995,0.09694799595631198,0.03829918342727344,0.9789847119776173,-0.44911261471524555,-0.165743821197366,0.8252686238605649,0.07405146550804512,0.0745353704080234,0.1160666254999631,6.283562493174395e-18,6.314849234128835,0.004142870663453199,0.7058533999999952,,,,,
curved_randomized,"Curvo, dose aleatorizada uniforme",0.8,0.0,Log-mean-linear,29,135979654,671446479,12000,2000,836,0.06966666666666667,True,True,,,False,,"[-3.0029680538483885, 0.6942100670043032, 0.48098017110260527, -0.5247741548067723, -0.24568745977870698]",0.39044218453244856,0.3850788469218472,-0.3850788469218472,0.8609793084191686,-0.5247741548067723,-0.24568745977870698,,,,,,,,0.0030208000000016,0.0,14.0,4.093367953172857e-09,0.0,
curved_randomized,"Curvo, dose aleatorizada uniforme",0.8,0.0,Log-mean-quadratic,29,135979654,671446479,12000,2000,836,0.06966666666666667,True,True,,,False,,"[-3.2802799253552135, 0.7020126574234269, 0.4875532705499505, -0.4315644900797421, -0.19836256454942428, 0.7786222690227839]",0.05253081757971788,0.07223425585568818,0.0062713296733604195,0.8578578157670771,-0.4315644900797421,-0.19836256454942428,0.7786222690227839,,,,,,,0.0037006000000019412,0.0,17.0,2.1178018405574686e-09,0.0,
curved_randomized,"Curvo, dose aleatorizada uniforme",0.8,0.0,S-learner,29,135979654,671446479,12000,2000,836,0.06966666666666667,True,True,,,False,,,0.3112400926076085,0.3820475228846561,0.025533196454645513,-0.062088353763115216,,,,,,,,,,0.08598029999998857,,,,0.0,0.0
curved_standard,"Curvo, alocação padrão",0.8,1.0,DML-linear,0,1293899219,1768251325,12000,2000,768,0.064,True,True,,,False,"{""theta"": [-0.2501313300952249, -0.10679183726925333], ""se"": [0.06761682023801836, 0.06761682023801836], ""moment_norm"": 4.3158743286624155e-18, ""jac_condition"": 2.818559641264984, ""cov"": [[0.00457203437910049, -0.002327108513243997], [-0.002327108513243997, 0.004572034379100489]], ""jac_singular_values"": [0.03363246018482328, 0.011932499029798376]}",,0.38247776455648785,0.4371921886840035,-0.4371921886840035,0.9789780742452324,-0.2501313300952249,-0.10679183726925333,,0.06761682023801836,0.06761682023801836,,4.3158743286624155e-18,2.818559641264984,0.011932499029798376,0.49112390000000516,,,,,
curved_standard,"Curvo, alocação padrão",0.8,1.0,DML-quadratic,0,1293899219,1768251325,12000,2000,768,0.064,True,True,,,False,"{""theta"": [-0.2597481576778268, -0.2520353526404065, 0.7325067972660777], ""se"": [0.0698728763367301, 0.0716444261293377, 0.11942281359235576], ""moment_norm"": 1.6045525578607652e-17, ""jac_condition"": 5.919328212605805, ""cov"": [[0.004882218847567977, -0.002556906905097574, 0.0005947961496925193], [-0.002556906905097574, 0.005132923795402128, -0.002151239351385418], [0.0005947961496925193, -0.002151239351385418, 0.014261808406314552]], ""jac_singular_values"": [0.022511314365074555, 0.007767983511160816, 0.003803018443399446]}",,0.07452606416815472,0.09570498508896368,-0.05268933025298388,0.9789780742452324,-0.2597481576778268,-0.2520353526404065,0.7325067972660777,0.0698728763367301,0.0716444261293377,0.11942281359235576,1.6045525578607652e-17,5.919328212605805,0.003803018443399446,0.7071060999999901,,,,,
curved_standard,"Curvo, alocação padrão",0.8,1.0,Log-mean-linear,0,1293899219,1768251325,12000,2000,768,0.064,True,True,,,False,,"[-2.870110352397946, 0.5951236273143874, 0.32102035463667117, -0.3043077322906397, -0.13184762817813794]",0.376576724090063,0.4302175248245139,-0.4302175248245139,0.8612468329393622,-0.3043077322906397,-0.13184762817813794,,,,,,,,0.0028898000000054935,0.0,12.0,9.730793430381042e-10,0.0,
curved_standard,"Curvo, alocação padrão",0.8,1.0,Log-mean-quadratic,0,1293899219,1768251325,12000,2000,768,0.064,True,True,,,False,,"[-3.1267259732864896, 0.5802993599441103, 0.32829643830593036, -0.2572340143806859, -0.26908811014231193, 0.7395918769992588]",0.08029967141661187,0.09935349756438094,-0.046056869412334944,0.86627833226937,-0.2572340143806859,-0.26908811014231193,0.7395918769992588,,,,,,,0.003525199999998563,0.0,15.0,1.3452018111254996e-09,0.0,
curved_standard,"Curvo, alocação padrão",0.8,1.0,S-learner,0,1293899219,1768251325,12000,2000,768,0.064,True,True,,,False,,,0.2945426486625972,0.29239856541268083,-0.22234937369112384,-0.25139567886763203,,,,,,,,,,0.08704319999999655,,,,0.0,0.0
curved_standard,"Curvo, alocação padrão",0.8,1.0,DML-linear,1,2683514679,3749163115,12000,2000,748,0.06233333333333333,True,True,,,False,"{""theta"": [-0.38751920654851196, -0.010223302954608972], ""se"": [0.07225571363173088, 0.07225571363173088], ""moment_norm"": 4.894120577996212e-19, ""jac_condition"": 3.407109608616668, ""cov"": [[0.0052208881524307, -0.003076776350066907], [-0.003076776350066907, 0.005220888152430698]], ""jac_singular_values"": [0.035282753873183165, 0.010355626300942057]}",,0.39246412630082833,0.4253284008989948,-0.4253284008989948,0.9782930656747966,-0.38751920654851196,-0.010223302954608972,,0.07225571363173088,0.07225571363173088,,4.894120577996212e-19,3.407109608616668,0.010355626300942057,0.4970382999999998,,,,,
curved_standard,"Curvo, alocação padrão",0.8,1.0,DML-quadratic,1,2683514679,3749163115,12000,2000,748,0.06233333333333333,True,True,,,False,"{""theta"": [-0.38326239630954684, -0.19893913094797325, 0.8725138213737842], ""se"": [0.07395522637893422, 0.07823560365788966, 0.12337149067252383], ""moment_norm"": 1.2069672344324226e-14, ""jac_condition"": 6.600172435967617, ""cov"": [[0.005469375508759406, -0.003425643215888893, 0.0014673505113695102], [-0.003425643215888893, 0.006120809679714397, -0.0032093390370451723], [0.0014673505113695102, -0.0032093390370451723, 0.015220524710760634]], ""jac_singular_values"": [0.021669086746083678, 0.006514810445443329, 0.003283109184844636]}",,0.039826936201073575,0.05750626128983918,0.056656333218562345,0.9782930656747966,-0.38326239630954684,-0.19893913094797325,0.8725138213737842,0.07395522637893422,0.07823560365788966,0.12337149067252383,1.2069672344324226e-14,6.600172435967617,0.003283109184844636,0.7257911000000092,,,,,
curved_standard,"Curvo, alocação padrão",0.8,1.0,Log-mean-linear,1,2683514679,3749163115,12000,2000,748,0.06233333333333333,True,True,,,False,,"[-2.9625250588450776, 0.6903471656210273, 0.3349263970333741, -0.485671005743915, -0.007144487245411395]",0.40093690161926304,0.40889691204249445,-0.4079032540055049,0.8596531660475165,-0.485671005743915,-0.007144487245411395,,,,,,,,0.0028212999999936983,0.0,12.0,6.446351664043023e-10,0.0,
curved_standard,"Curvo, alocação padrão",0.8,1.0,Log-mean-quadratic,1,2683514679,3749163115,12000,2000,748,0.06233333333333333,True,True,,,False,,"[-3.2772196369380153, 0.6644802479970681, 0.33680418363773584, -0.3936528024643088, -0.19024037903855578, 0.9030482272199474]",0.05566630815391569,0.08063049736522818,0.07937543385911468,0.8742694732756211,-0.3936528024643088,-0.19024037903855578,0.9030482272199474,,,,,,,0.0033861000000001695,0.0,14.0,2.5790718746199205e-09,0.0,
curved_standard,"Curvo, alocação padrão",0.8,1.0,S-learner,1,2683514679,3749163115,12000,2000,748,0.06233333333333333,True,True,,,False,,,0.27737858790793646,0.34276120162572987,0.12485099889748459,0.13342575260761544,,,,,,,,,,0.09012930000000097,,,,0.0,0.0
curved_standard,"Curvo, alocação padrão",0.8,1.0,DML-linear,2,1589066909,1639520425,12000,2000,744,0.062,True,True,,,False,"{""theta"": [-0.41381877901675995, 0.022525788299903468], ""se"": [0.07594594150789234, 0.07594594150789236], ""moment_norm"": 1.270845416032573e-18, ""jac_condition"": 3.601465590696427, ""cov"": [[0.005767786031520205, -0.0036466174021850166], [-0.0036466174021850166, 0.005767786031520206]], ""jac_singular_values"": [0.035224154044112485, 0.009780505507287403]}",,0.4011151495684955,0.41860632834662137,-0.41860632834662137,-0.9787133587439653,-0.41381877901675995,0.022525788299903468,,0.07594594150789234,0.07594594150789236,,1.270845416032573e-18,3.601465590696427,0.009780505507287403,0.5084990000000005,,,,,
curved_standard,"Curvo, alocação padrão",0.8,1.0,DML-quadratic,2,1589066909,1639520425,12000,2000,744,0.062,True,True,,,False,"{""theta"": [-0.4472860968333384, -0.11455304634986557, 0.7728040352420913], ""se"": [0.07683265884884803, 0.07975126257146442, 0.1161945790272027], ""moment_norm"": 8.242545045231977e-16, ""jac_condition"": 5.8689942998486995, ""cov"": [[0.005903257465783466, -0.003819818277360964, 0.0008042221135361014], [-0.003819818277360964, 0.006360263881742661, -0.0022713426942446036], [0.0008042221135361014, -0.0022713426942446036, 0.013501180195308856]], ""jac_singular_values"": [0.02266652552067181, 0.006076041892614318, 0.0038620800025749124]}",,0.08354820236799099,0.08941942814994044,-0.0017079070685330749,0.9787133587439653,-0.4472860968333384,-0.11455304634986557,0.7728040352420913,0.07683265884884803,0.07975126257146442,0.1161945790272027,8.242545045231977e-16,5.8689942998486995,0.0038620800025749124,0.7041863999999975,,,,,
curved_standard,"Curvo, alocação padrão",0.8,1.0,Log-mean-linear,2,1589066909,1639520425,12000,2000,744,0.062,True,True,,,False,,"[-3.017523430709299, 0.7394023412663216, 0.42069539979001125, -0.50487575439836, 0.04453060706547397]",0.4162832499193424,0.4110423046712371,-0.4011399377051331,-0.8513313731633161,-0.50487575439836,0.04453060706547397,,,,,,,,0.0027861999999885256,0.0,12.0,2.0934371923233183e-10,0.0,
curved_standard,"Curvo, alocação padrão",0.8,1.0,Log-mean-quadratic,2,1589066909,1639520425,12000,2000,744,0.062,True,True,,,False,,"[-3.3104678700506605, 0.7163238124214741, 0.4275438298654398, -0.42487508923550055, -0.12819545822538325, 0.8528416332857814]",0.07060862673324034,0.08989438522646251,0.046414136501024134,0.8659363588811628,-0.42487508923550055,-0.12819545822538325,0.8528416332857814,,,,,,,0.0034100000000023556,0.0,14.0,6.957238528407239e-10,0.0,
curved_standard,"Curvo, alocação padrão",0.8,1.0,S-learner,2,1589066909,1639520425,12000,2000,744,0.062,True,True,,,False,,,0.25353479495483444,0.29790360394701476,-0.15890367894785162,0.2066269611977631,,,,,,,,,,0.09150060000000337,,,,0.0,0.0
curved_standard,"Curvo, alocação padrão",0.8,1.0,DML-linear,3,3440496339,911348915,12000,2000,751,0.06258333333333334,True,True,,,False,"{""theta"": [-0.3863509275921719, 0.005424568457466686], ""se"": [0.07449670118375559, 0.07449670118375558], ""moment_norm"": 7.460794962767695e-19, ""jac_condition"": 3.559044905723852, ""cov"": [[0.005549758487261772, -0.0033886833524603963], [-0.0033886833524603963, 0.00554975848726177]], ""jac_singular_values"": [0.034945506301440214, 0.009818787688022404]}",,0.3956599618717945,0.42493667318620615,-0.42493667318620615,-0.9828113727018709,-0.3863509275921719,0.005424568457466686,,0.07449670118375559,0.07449670118375558,,7.460794962767695e-19,3.559044905723852,0.009818787688022404,0.5028729999999939,,,,,
curved_standard,"Curvo, alocação padrão",0.8,1.0,DML-quadratic,3,3440496339,911348915,12000,2000,751,0.06258333333333334,True,True,,,False,"{""theta"": [-0.4176480437038915, -0.15478469885764856, 0.8158740183485472], ""se"": [0.07536367851598504, 0.0791828721247829, 0.1235175137694405], ""moment_norm"": 1.152880390709976e-16, ""jac_condition"": 6.5751231171047, ""cov"": [[0.005679684039460744, -0.0035517043671927434, 0.0006379776579724258], [-0.0035517043671927434, 0.006269927237929719, -0.0028447692321900996], [0.0006379776579724258, -0.0028447692321900996, 0.015256576207783925]], ""jac_singular_values"": [0.022620234847090796, 0.006130817487601398, 0.0034402754814196433]}",,0.051494831972738575,0.06427955621528934,0.02183962181678617,0.9828113727018709,-0.4176480437038915,-0.15478469885764856,0.8158740183485472,0.07536367851598504,0.0791828721247829,0.1235175137694405,1.152880390709976e-16,6.5751231171047,0.0034402754814196433,0.7170268999999934,,,,,
curved_standard,"Curvo, alocação padrão",0.8,1.0,Log-mean-linear,3,3440496339,911348915,12000,2000,751,0.06258333333333334,True,True,,,False,,"[-3.001908861160737, 0.7302130808121421, 0.4074739085069794, -0.48770262708539713, 0.037625504878754]",0.4109567298444752,0.41336043183900323,-0.4067505961243006,-0.865619166703107,-0.48770262708539713,0.037625504878754,,,,,,,,0.002875500000001807,0.0,12.0,6.348470937093491e-10,0.0,
curved_standard,"Curvo, alocação padrão",0.8,1.0,Log-mean-quadratic,3,3440496339,911348915,12000,2000,751,0.06258333333333334,True,True,,,False,,"[-3.257799511221514, 0.7156868886414878, 0.4084757451360819, -0.4192201334921058, -0.11232186352957071, 0.7523207832601996]",0.073377544282132,0.08588711885461259,-0.02325438806844817,0.870950423925942,-0.4192201334921058,-0.11232186352957071,0.7523207832601996,,,,,,,0.003327099999992811,0.0,14.0,6.311086415041374e-10,0.0,
curved_standard,"Curvo, alocação padrão",0.8,1.0,S-learner,3,3440496339,911348915,12000,2000,751,0.06258333333333334,True,True,,,False,,,0.23780008392986504,0.29115234652984895,-0.00695414055755154,0.7258852091331662,,,,,,,,,,0.089033900000004,,,,0.0,0.0
curved_standard,"Curvo, alocação padrão",0.8,1.0,DML-linear,4,2367014378,3370905717,12000,2000,754,0.06283333333333334,True,True,,,False,"{""theta"": [-0.4572238865263648, 0.08212980828984306], ""se"": [0.07877359118054429, 0.0787735911805443], ""moment_norm"": 6.463364431110207e-19, ""jac_condition"": 3.9373906895767132, ""cov"": [[0.006205278667479525, -0.004008254514069064], [-0.004008254514069064, 0.006205278667479527]], ""jac_singular_values"": [0.034666377876598146, 0.008804403883101814]}",,0.4203497482052601,0.41679814338326526,-0.40796316265228383,-0.9783569332130427,-0.4572238865263648,0.08212980828984306,,0.07877359118054429,0.0787735911805443,,6.463364431110207e-19,3.9373906895767132,0.008804403883101814,0.5094846000000075,,,,,
curved_standard,"Curvo, alocação padrão",0.8,1.0,DML-quadratic,4,2367014378,3370905717,12000,2000,754,0.06283333333333334,True,True,,,False,"{""theta"": [-0.4620849992060897, -0.0765170849458755, 0.7101841173712958], ""se"": [0.07874548591000942, 0.08338705591988223, 0.12296299766189452], ""moment_norm"": 3.53746175825891e-17, ""jac_condition"": 6.653680329906684, ""cov"": [[0.006200851551203493, -0.004157572353977621, 0.0012331715567259083], [-0.004157572353977621, 0.006953401094985566, -0.003361592275838785], [0.0012331715567259083, -0.003361592275838785, 0.015119898793999074]], ""jac_singular_values"": [0.023551005033567874, 0.006253255089981474, 0.003539545614734721]}",,0.11547189231185304,0.13397793447279874,-0.03935165236558964,0.9783569332130427,-0.4620849992060897,-0.0765170849458755,0.7101841173712958,0.07874548591000942,0.08338705591988223,0.12296299766189452,3.53746175825891e-17,6.653680329906684,0.003539545614734721,0.7410823999999963,,,,,
curved_standard,"Curvo, alocação padrão",0.8,1.0,Log-mean-linear,4,2367014378,3370905717,12000,2000,754,0.06283333333333334,True,True,,,False,,"[-2.9984770852349687, 0.6823659315504511, 0.48592945061339893, -0.5414997977090003, 0.07902285068148149]",0.43223485047870325,0.4102180562374535,-0.39072680268095894,-0.8606897108482636,-0.5414997977090003,0.07902285068148149,,,,,,,,0.004900699999993208,0.0,11.0,3.41757137896388e-09,0.0,
curved_standard,"Curvo, alocação padrão",0.8,1.0,Log-mean-quadratic,4,2367014378,3370905717,12000,2000,754,0.06283333333333334,True,True,,,False,,"[-3.2269990634577446, 0.6565103039423545, 0.48738668553603776, -0.4584126448922693, -0.08254753077151733, 0.707007482443652]",0.1118871151116424,0.12983264488624188,-0.04213678651782629,0.893595321822833,-0.4584126448922693,-0.08254753077151733,0.707007482443652,,,,,,,0.00542370000000858,0.0,14.0,5.272841211873917e-10,0.0,
curved_standard,"Curvo, alocação padrão",0.8,1.0,S-learner,4,2367014378,3370905717,12000,2000,754,0.06283333333333334,True,True,,,False,,,0.4427430146736523,0.46486655385646236,-0.16293690200934857,-0.45832143851756085,,,,,,,,,,0.11307530000000554,,,,0.0,0.0
curved_standard,"Curvo, alocação padrão",0.8,1.0,DML-linear,5,1311544766,2403488088,12000,2000,754,0.06283333333333334,True,True,,,False,"{""theta"": [-0.16378334939638198, -0.13718511428340174], ""se"": [0.06739914909600814, 0.06739914909600814], ""moment_norm"": 3.200734103923809e-16, ""jac_condition"": 2.9583908392556153, ""cov"": [[0.004542645298865935, -0.0023947752292756866], [-0.0023947752292756866, 0.004542645298865935]], ""jac_singular_values"": [0.03478159783993978, 0.011756931294680273]}",,0.39302625743991065,0.443961601277765,-0.443961601277765,0.9795726509883174,-0.16378334939638198,-0.13718511428340174,,0.06739914909600814,0.06739914909600814,,3.200734103923809e-16,2.9583908392556153,0.011756931294680273,0.6215228000000081,,,,,
curved_standard,"Curvo, alocação padrão",0.8,1.0,DML-quadratic,5,1311544766,2403488088,12000,2000,754,0.06283333333333334,True,True,,,False,"{""theta"": [-0.2110813812503923, -0.29527364734541844, 0.8686599351220591], ""se"": [0.06971922567674815, 0.07147850246702248, 0.11642467047311843], ""moment_norm"": 3.581557132515872e-18, ""jac_condition"": 5.887510079792035, ""cov"": [[0.004860770428965339, -0.0025156560110178913, -0.00010668429280869999], [-0.0025156560110178913, 0.005109176314928138, -0.0019314239281278743], [-0.00010668429280869999, -0.0019314239281278743, 0.013554703894774214]], ""jac_singular_values"": [0.021397586374679173, 0.006925506084929383, 0.00363440335297651]}",,0.11247791394810133,0.12697111638412137,0.03570600726780476,0.9795726509883174,-0.2110813812503923,-0.29527364734541844,0.8686599351220591,0.06971922567674815,0.07147850246702248,0.11642467047311843,3.581557132515872e-18,5.887510079792035,0.00363440335297651,0.7425247000000041,,,,,
curved_standard,"Curvo, alocação padrão",0.8,1.0,Log-mean-linear,5,1311544766,2403488088,12000,2000,754,0.06283333333333334,True,True,,,False,,"[-2.90138810176913, 0.6147318542294993, 0.41459785463787363, -0.2078188975720499, -0.19000924887317105]",0.38387571697267975,0.43733444375001157,-0.43733444375001157,0.8684746105562309,-0.2078188975720499,-0.19000924887317105,,,,,,,,0.003069199999998773,0.0,12.0,2.6549404215370223e-10,0.0,
curved_standard,"Curvo, alocação padrão",0.8,1.0,Log-mean-quadratic,5,1311544766,2403488088,12000,2000,754,0.06283333333333334,True,True,,,False,,"[-3.2180824198117897, 0.6100828178547353, 0.4131173330670005, -0.1814144655725822, -0.3207599792626574, 0.8793772204710545]",0.1378264057800432,0.1566187081673894,0.044335178593005335,0.8646381243290526,-0.1814144655725822,-0.3207599792626574,0.8793772204710545,,,,,,,0.003605100000001471,0.0,15.0,6.68436311542416e-10,0.0,
curved_standard,"Curvo, alocação padrão",0.8,1.0,S-learner,5,1311544766,2403488088,12000,2000,754,0.06283333333333334,True,True,,,False,,,0.44493502166191734,0.6224566378777662,0.34013495311443165,0.852090978166004,,,,,,,,,,0.09087970000000212,,,,0.0,0.0
curved_standard,"Curvo, alocação padrão",0.8,1.0,DML-linear,6,1821364729,1760580302,12000,2000,777,0.06475,True,True,,,False,"{""theta"": [-0.3090563356822585, -0.12334618552201955], ""se"": [0.06788100678223075, 0.06788100678223076], ""moment_norm"": 4.944021556314635e-18, ""jac_condition"": 3.2004404181333506, ""cov"": [[0.004607831081769257, -0.0025233397785945828], [-0.0025233397785945828, 0.004607831081769259]], ""jac_singular_values"": [0.036641919839452315, 0.01144902421299367]}",,0.37717339310233194,0.4314474406864597,-0.4314474406864597,0.9797095115303418,-0.3090563356822585,-0.12334618552201955,,0.06788100678223075,0.06788100678223076,,4.944021556314635e-18,3.2004404181333506,0.01144902421299367,0.48870689999999684,,,,,
curved_standard,"Curvo, alocação padrão",0.8,1.0,DML-quadratic,6,1821364729,1760580302,12000,2000,777,0.06475,True,True,,,False,"{""theta"": [-0.3144245599801269, -0.31292589659988734, 0.8601340251615235], ""se"": [0.07039198699966677, 0.07269026163767275, 0.1168765256240192], ""moment_norm"": 6.150722375533576e-17, ""jac_condition"": 6.334388258598759, ""cov"": [[0.004955031833761255, -0.0028423289336901737, 0.0007822900055994582], [-0.0028423289336901737, 0.00528387413695332, -0.0023582281211380427], [0.0007822900055994582, -0.0023582281211380427, 0.013660122241942017]], ""jac_singular_values"": [0.022686968706683373, 0.007204245648676593, 0.0035815563840575185]}",,0.08016327527988505,0.11377197840205217,0.051400994185374214,0.9797095115303418,-0.3144245599801269,-0.31292589659988734,0.8601340251615235,0.07039198699966677,0.07269026163767275,0.1168765256240192,6.150722375533576e-17,6.334388258598759,0.0035815563840575185,0.7049321000000077,,,,,
curved_standard,"Curvo, alocação padrão",0.8,1.0,Log-mean-linear,6,1821364729,1760580302,12000,2000,777,0.06475,True,True,,,False,,"[-2.861080931069957, 0.6141646787142272, 0.3210213959626062, -0.39148336376497783, -0.1539332574803037]",0.37525523810035316,0.4180398600065677,-0.4180398600065677,0.8766638899383002,-0.39148336376497783,-0.1539332574803037,,,,,,,,0.002985500000008301,0.0,13.0,3.599463661158042e-11,0.0,
curved_standard,"Curvo, alocação padrão",0.8,1.0,Log-mean-quadratic,6,1821364729,1760580302,12000,2000,777,0.06475,True,True,,,False,,"[-3.1603619177137063, 0.6050533992679613, 0.3249161077440702, -0.3304352265900836, -0.27456833283025905, 0.8271261693644302]",0.05048835858452988,0.07274256594432944,0.025069341650478152,0.8632135754437371,-0.3304352265900836,-0.27456833283025905,0.8271261693644302,,,,,,,0.005748099999991041,0.0,14.0,1.8809819084712366e-10,0.0,
curved_standard,"Curvo, alocação padrão",0.8,1.0,S-learner,6,1821364729,1760580302,12000,2000,777,0.06475,True,True,,,False,,,0.2622202563345647,0.35754395731020855,0.29872479017874304,0.7995947568909509,,,,,,,,,,0.08602179999999748,,,,0.0,0.0
curved_standard,"Curvo, alocação padrão",0.8,1.0,DML-linear,7,3960867496,611900750,12000,2000,776,0.06466666666666666,True,True,,,False,"{""theta"": [-0.34748077317669884, -0.047468843625104215], ""se"": [0.07088430270343021, 0.07088430270343021], ""moment_norm"": 1.907824311270782e-18, ""jac_condition"": 3.5003311253525387, ""cov"": [[0.005024584369751524, -0.0029441884871496673], [-0.0029441884871496673, 0.005024584369751524]], ""jac_singular_values"": [0.036350308624366466, 0.010384819984910832]}",,0.3854526719234586,0.42941470329340853,-0.42941470329340853,0.9779337584368049,-0.34748077317669884,-0.047468843625104215,,0.07088430270343021,0.07088430270343021,,1.907824311270782e-18,3.5003311253525387,0.010384819984910832,0.4984739000000076,,,,,
curved_standard,"Curvo, alocação padrão",0.8,1.0,DML-quadratic,7,3960867496,611900750,12000,2000,776,0.06466666666666666,True,True,,,False,"{""theta"": [-0.3476040146294775, -0.21434285789440963, 0.7699702758348296], ""se"": [0.07217578091831361, 0.07529088902059983, 0.11670184723239316], ""moment_norm"": 6.172888921564149e-16, ""jac_condition"": 6.319550208497179, ""cov"": [[0.005209343351168403, -0.0031937297463860755, 0.001063859663918544], [-0.0031937297463860755, 0.00566871796951228, -0.0025986865422412708], [0.001063859663918544, -0.0025986865422412708, 0.013619321147452831]], ""jac_singular_values"": [0.023660743041074545, 0.006901084470511724, 0.003744054918538449]}",,0.016754973043227202,0.01860712098717497,-0.018102204950107243,0.9779337584368049,-0.3476040146294775,-0.21434285789440963,0.7699702758348296,0.07217578091831361,0.07529088902059983,0.11670184723239316,6.172888921564149e-16,6.319550208497179,0.003744054918538449,0.7112560000000059,,,,,
curved_standard,"Curvo, alocação padrão",0.8,1.0,Log-mean-linear,7,3960867496,611900750,12000,2000,776,0.06466666666666666,True,True,,,False,,"[-2.9018119008999492, 0.662126578030411, 0.3155819257009707, -0.4254652382910986, -0.0621590673899658]",0.3861568135875281,0.4168355028325252,-0.4168355028325252,0.8534597053234922,-0.4254652382910986,-0.0621590673899658,,,,,,,,0.0029538000000002285,0.0,12.0,1.0320408591659354e-09,0.0,
curved_standard,"Curvo, alocação padrão",0.8,1.0,Log-mean-quadratic,7,3960867496,611900750,12000,2000,776,0.06466666666666666,True,True,,,False,,"[-3.183024064021209, 0.6479492443696966, 0.311647703146007, -0.3637782690375653, -0.21052130474569383, 0.8066585852717363]",0.011411004157082407,0.01504080997934618,0.00894748138109524,0.8534499263572735,-0.3637782690375653,-0.21052130474569383,0.8066585852717363,,,,,,,0.003429099999991081,0.0,14.0,4.6208736669805146e-10,0.0,
curved_standard,"Curvo, alocação padrão",0.8,1.0,S-learner,7,3960867496,611900750,12000,2000,776,0.06466666666666666,True,True,,,False,,,0.25788833517010556,0.2964696402868899,-0.07868674256096629,0.4388550754145808,,,,,,,,,,0.08769039999999961,,,,0.0,0.0
curved_standard,"Curvo, alocação padrão",0.8,1.0,DML-linear,8,1217202669,304858138,12000,2000,748,0.06233333333333333,True,True,,,False,"{""theta"": [-0.36445469060534724, 0.058593655712585506], ""se"": [0.0731906818994644, 0.0731906818994644], ""moment_norm"": 7.026639566206092e-19, ""jac_condition"": 3.202099401035015, ""cov"": [[0.005356875916908586, -0.003180690366634143], [-0.003180690366634143, 0.005356875916908586]], ""jac_singular_values"": [0.03390282679906515, 0.010587687186758392]}",,0.407599940044794,0.42586759059541424,-0.42586759059541424,-0.9786619686320811,-0.36445469060534724,0.058593655712585506,,0.0731906818994644,0.0731906818994644,,7.026639566206092e-19,3.202099401035015,0.010587687186758392,0.50047339999999,,,,,
curved_standard,"Curvo, alocação padrão",0.8,1.0,DML-quadratic,8,1217202669,304858138,12000,2000,748,0.06233333333333333,True,True,,,False,"{""theta"": [-0.39639553471069633, -0.10487077557813287, 0.8966822880593507], ""se"": [0.07456691891411671, 0.07807891229236057, 0.1192913069608922], ""moment_norm"": 2.5526360039271073e-15, ""jac_condition"": 5.94822270533727, ""cov"": [[0.005560225396344456, -0.003338538151850259, 0.0007426535283934706], [-0.003338538151850259, 0.0060963165447581345, -0.00254701503146299], [0.0007426535283934706, -0.00254701503146299, 0.014230415916437809]], ""jac_singular_values"": [0.020324730097999174, 0.00624779039825342, 0.003416941682388932]}",,0.08102028348311034,0.09807268285798201,0.06695811948353043,0.9786619686320811,-0.39639553471069633,-0.10487077557813287,0.8966822880593507,0.07456691891411671,0.07807891229236057,0.1192913069608922,2.5526360039271073e-15,5.94822270533727,0.003416941682388932,0.7460300000000046,,,,,
curved_standard,"Curvo, alocação padrão",0.8,1.0,Log-mean-linear,8,1217202669,304858138,12000,2000,748,0.06233333333333333,True,True,,,False,,"[-2.978769750384647, 0.6575605561447839, 0.3714137898869707, -0.48286761207828766, 0.08431684994829952]",0.4231820485464124,0.41667907354039607,-0.40455214459747535,-0.8544281228603091,-0.48286761207828766,0.08431684994829952,,,,,,,,0.0028551999999990585,0.0,12.0,1.38410978380137e-09,0.0,
curved_standard,"Curvo, alocação padrão",0.8,1.0,Log-mean-quadratic,8,1217202669,304858138,12000,2000,748,0.06233333333333333,True,True,,,False,,"[-3.290139032655387, 0.6326195697316283, 0.37990153436153484, -0.3975435075954811, -0.11517147648483239, 0.9102285240481508]",0.08044617320725224,0.09987659312928367,0.0774313693907881,0.8707643399600216,-0.3975435075954811,-0.11517147648483239,0.9102285240481508,,,,,,,0.005055400000003374,0.0,15.0,3.4009017398425648e-09,0.0,
curved_standard,"Curvo, alocação padrão",0.8,1.0,S-learner,8,1217202669,304858138,12000,2000,748,0.06233333333333333,True,True,,,False,,,0.3515221121263785,0.48654797750391526,0.36736226521172843,0.6232005042935951,,,,,,,,,,0.08657889999999213,,,,0.0,0.0
curved_standard,"Curvo, alocação padrão",0.8,1.0,DML-linear,9,244805499,2222214254,12000,2000,737,0.06141666666666667,True,True,,,False,"{""theta"": [-0.4486145359279748, 0.07172937453623109], ""se"": [0.08084215219869104, 0.08084215219869104], ""moment_norm"": 3.6845170899006e-19, ""jac_condition"": 3.9195633005438193, ""cov"": [[0.006535453572116325, -0.0044158971466069855], [-0.0044158971466069855, 0.006535453572116326]], ""jac_singular_values"": [0.035525853062508876, 0.009063727343701745]}",,0.41558405773777085,0.4184280677569855,-0.41228467132617697,-0.9789604787792312,-0.4486145359279748,0.07172937453623109,,0.08084215219869104,0.08084215219869104,,3.6845170899006e-19,3.9195633005438193,0.009063727343701745,0.4972118000000023,,,,,
curved_standard,"Curvo, alocação padrão",0.8,1.0,DML-quadratic,9,244805499,2222214254,12000,2000,737,0.06141666666666667,True,True,,,False,"{""theta"": [-0.5093405403628669, -0.11612085428324118, 0.992230207070714], ""se"": [0.08257814194154509, 0.08721442406157391, 0.12418705965013764], ""moment_norm"": 6.22676370588817e-18, ""jac_condition"": 6.48742970697585, ""cov"": [[0.006819149526517968, -0.004737164588818398, 0.000712618034747024], [-0.004737164588818398, 0.007606355764392043, -0.0030917745589849745], [0.000712618034747024, -0.0030917745589849745, 0.015422425784546844]], ""jac_singular_values"": [0.020601745566182494, 0.004984024295772753, 0.0031756406615134035]}",,0.14498825297491608,0.21501732769934556,0.17220375976205235,0.9789604787792312,-0.5093405403628669,-0.11612085428324118,0.992230207070714,0.08257814194154509,0.08721442406157391,0.12418705965013764,6.22676370588817e-18,6.48742970697585,0.0031756406615134035,0.7137585999999914,,,,,
curved_standard,"Curvo, alocação padrão",0.8,1.0,Log-mean-linear,9,244805499,2222214254,12000,2000,737,0.06141666666666667,True,True,,,False,,"[-3.0707685390465347, 0.8014037433067507, 0.3526112927067486, -0.5960694267579774, 0.1347760068359749]",0.45648653597591654,0.41097790243473914,-0.3777641148427956,-0.8592671458340262,-0.5960694267579774,0.1347760068359749,,,,,,,,0.0038315999999980477,0.0,13.0,3.3892857318843873e-10,0.0,
curved_standard,"Curvo, alocação padrão",0.8,1.0,Log-mean-quadratic,9,244805499,2222214254,12000,2000,737,0.06141666666666667,True,True,,,False,,"[-3.3902200460541008, 0.7730229863005518, 0.36014144671185994, -0.4956828469238168, -0.07385186988466069, 0.9400974869598914]",0.13834862086863162,0.19242351117750095,0.12584010814667707,0.8616266183608131,-0.4956828469238168,-0.07385186988466069,0.9400974869598914,,,,,,,0.0035289000000062742,0.0,15.0,2.6076679777535065e-09,0.0,
curved_standard,"Curvo, alocação padrão",0.8,1.0,S-learner,9,244805499,2222214254,12000,2000,737,0.06141666666666667,True,True,,,False,,,0.3114561935044981,0.3786705041429901,0.20809368697852676,0.385332715271173,,,,,,,,,,0.08935519999999997,,,,0.0,0.0
curved_standard,"Curvo, alocação padrão",0.8,1.0,DML-linear,10,3264646734,2245030300,12000,2000,783,0.06525,True,True,,,False,"{""theta"": [-0.28929574247827067, -0.14716310921813125], ""se"": [0.0716492492766635, 0.0716492492766635], ""moment_norm"": 4.563110518224006e-19, ""jac_condition"": 3.9581830184735396, ""cov"": [[0.005133614921909464, -0.0031835163796467485], [-0.0031835163796467485, 0.005133614921909464]], ""jac_singular_values"": [0.03885252395787726, 0.009815747219505936]}",,0.3766939321690216,0.43327422450657627,-0.43327422450657627,0.9804142333658354,-0.28929574247827067,-0.14716310921813125,,0.0716492492766635,0.0716492492766635,,4.563110518224006e-19,3.9581830184735396,0.009815747219505936,0.6016491999999971,,,,,
curved_standard,"Curvo, alocação padrão",0.8,1.0,DML-quadratic,10,3264646734,2245030300,12000,2000,783,0.06525,True,True,,,False,"{""theta"": [-0.3200078654819079, -0.3261777202464317, 0.8977209838500082], ""se"": [0.07414762998872834, 0.07647768565487115, 0.11858448674710914], ""moment_norm"": 1.7370946184358555e-16, ""jac_condition"": 6.7189185140792205, ""cov"": [[0.0054978710329453674, -0.00349122658030559, 0.0004851344263664655], [-0.00349122658030559, 0.005848836403125284, -0.0022568173704178014], [0.0004851344263664655, -0.0022568173704178014, 0.014062280497075304]], ""jac_singular_values"": [0.023780076884752387, 0.005964366032967755, 0.003539271511467538]}",,0.09356611827059648,0.13283374463753259,0.08215346914856954,0.9804142333658354,-0.3200078654819079,-0.3261777202464317,0.8977209838500082,0.07414762998872834,0.07647768565487115,0.11858448674710914,1.7370946184358555e-16,6.7189185140792205,0.003539271511467538,0.7648408999999958,,,,,
curved_standard,"Curvo, alocação padrão",0.8,1.0,Log-mean-linear,10,3264646734,2245030300,12000,2000,783,0.06525,True,True,,,False,,"[-2.916980135937505, 0.7427325330579518, 0.3749781801223911, -0.35055534157533286, -0.18634942347346523]",0.37328079988065893,0.4224474425859228,-0.4224474425859228,0.8557344860685988,-0.35055534157533286,-0.18634942347346523,,,,,,,,0.0036525000000011687,0.0,14.0,1.3109484389613643e-09,0.0,
curved_standard,"Curvo, alocação padrão",0.8,1.0,Log-mean-quadratic,10,3264646734,2245030300,12000,2000,783,0.06525,True,True,,,False,,"[-3.2276220714886197, 0.7319612945118443, 0.38476444617764427, -0.30077311270407187, -0.32053014396224805, 0.8689942715191148]",0.08795140248139931,0.12120077130148957,0.05679945221197524,0.8631702890768043,-0.30077311270407187,-0.32053014396224805,0.8689942715191148,,,,,,,0.007372200000006046,0.0,17.0,1.8613083272352635e-10,0.0,
curved_standard,"Curvo, alocação padrão",0.8,1.0,S-learner,10,3264646734,2245030300,12000,2000,783,0.06525,True,True,,,False,,,0.22579882983181282,0.25960569037889397,-0.037629102122718014,0.8508944099265696,,,,,,,,,,0.11170119999999883,,,,0.0,0.0
curved_standard,"Curvo, alocação padrão",0.8,1.0,DML-linear,11,1468057683,2033258370,12000,2000,747,0.06225,True,True,,,False,"{""theta"": [-0.2138869092782416, -0.14796378221853485], ""se"": [0.06934081493862584, 0.06934081493862583], ""moment_norm"": 4.0853341468176756e-19, ""jac_condition"": 3.2680517767775146, ""cov"": [[0.004808148616352756, -0.0027366459601879333], [-0.0027366459601879333, 0.004808148616352755]], ""jac_singular_values"": [0.03572350452061381, 0.010931131744748312]}",,0.3842232331064697,0.4397131946505152,-0.4397131946505152,0.9793452185748116,-0.2138869092782416,-0.14796378221853485,,0.06934081493862584,0.06934081493862583,,4.0853341468176756e-19,3.2680517767775146,0.010931131744748312,0.5038458000000077,,,,,
curved_standard,"Curvo, alocação padrão",0.8,1.0,DML-quadratic,11,1468057683,2033258370,12000,2000,747,0.06225,True,True,,,False,"{""theta"": [-0.2118145422099907, -0.3027679398077332, 0.8400235183104474], ""se"": [0.07290187768299733, 0.0738717753536968, 0.11833291797045631], ""moment_norm"": 1.5643617511483318e-18, ""jac_condition"": 5.978015402292752, ""cov"": [[0.005314683769706704, -0.0031264086099641653, 0.0007371884837709701], [-0.0031264086099641653, 0.005457039193907044, -0.0018428221052956102], [0.0007371884837709701, -0.0018428221052956102, 0.01400267947540274]], ""jac_singular_values"": [0.02179817908241889, 0.0068561845630077225, 0.0036463905854204758]}",,0.11168015332352087,0.12310133473125015,0.018086649201244618,0.9793452185748116,-0.2118145422099907,-0.3027679398077332,0.8400235183104474,0.07290187768299733,0.0738717753536968,0.11833291797045631,1.5643617511483318e-18,5.978015402292752,0.0036463905854204758,0.7142067999999995,,,,,
curved_standard,"Curvo, alocação padrão",0.8,1.0,Log-mean-linear,11,1468057683,2033258370,12000,2000,747,0.06225,True,True,,,False,,"[-2.9087638079562095, 0.6505816915266065, 0.3271274213964439, -0.2664455554853861, -0.19849915284165445]",0.37690201868793977,0.43122600216055035,-0.43122600216055035,0.864419269219387,-0.2664455554853861,-0.19849915284165445,,,,,,,,0.003859899999994809,0.0,12.0,5.722138942121368e-10,0.0,
curved_standard,"Curvo, alocação padrão",0.8,1.0,Log-mean-quadratic,11,1468057683,2033258370,12000,2000,747,0.06225,True,True,,,False,,"[-3.222157544177763, 0.6413581470132185, 0.3169514372007214, -0.23023446919890048, -0.321095990439796, 0.8610158780996807]",0.11260629286125647,0.13259293424162896,0.03846766337043863,0.8635070094653027,-0.23023446919890048,-0.321095990439796,0.8610158780996807,,,,,,,0.0034557999999975664,0.0,15.0,5.570943079324005e-10,0.0,
curved_standard,"Curvo, alocação padrão",0.8,1.0,S-learner,11,1468057683,2033258370,12000,2000,747,0.06225,True,True,,,False,,,0.3207955544609288,0.3481708970056406,-0.1739069221709449,0.8381385489639888,,,,,,,,,,0.09028920000000085,,,,0.0,0.0
curved_standard,"Curvo, alocação padrão",0.8,1.0,DML-linear,12,2311573007,3126174398,12000,2000,767,0.06391666666666666,True,True,,,False,"{""theta"": [-0.2573456221073678, -0.07647687460072289], ""se"": [0.0702794398813399, 0.0702794398813399], ""moment_norm"": 1.1900703165528752e-18, ""jac_condition"": 3.2945180280942865, ""cov"": [[0.0049391996700348705, -0.002848632686968117], [-0.002848632686968117, 0.004939199670034869]], ""jac_singular_values"": [0.03506496721527572, 0.010643428542887363]}",,0.385700006006929,0.43942577026660035,-0.43942577026660035,0.9787698658478606,-0.2573456221073678,-0.07647687460072289,,0.0702794398813399,0.0702794398813399,,1.1900703165528752e-18,3.2945180280942865,0.010643428542887363,0.5084207000000021,,,,,
curved_standard,"Curvo, alocação padrão",0.8,1.0,DML-quadratic,12,2311573007,3126174398,12000,2000,767,0.06391666666666666,True,True,,,False,"{""theta"": [-0.2619333800503644, -0.19143174621819703, 0.6922439442582695], ""se"": [0.07161337305345454, 0.07315297607202545, 0.11486403351545456], ""moment_norm"": 1.30494518231313e-17, ""jac_condition"": 5.729493530247185, ""cov"": [[0.00512847520009325, -0.0030328741539702706, 0.0008996601200499674], [-0.0030328741539702706, 0.005351357908194329, -0.0017916401130247312], [0.0008996601200499674, -0.0017916401130247312, 0.01319374619543947]], ""jac_singular_values"": [0.023286286215359105, 0.007117154540869173, 0.00406428353438676]}",,0.07520556322956855,0.09658354350564535,-0.08548591115998641,0.9787698658478606,-0.2619333800503644,-0.19143174621819703,0.6922439442582695,0.07161337305345454,0.07315297607202545,0.11486403351545456,1.30494518231313e-17,5.729493530247185,0.00406428353438676,0.7445725999999979,,,,,
curved_standard,"Curvo, alocação padrão",0.8,1.0,Log-mean-linear,12,2311573007,3126174398,12000,2000,767,0.06391666666666666,True,True,,,False,,"[-2.939749167399648, 0.6748498923461391, 0.3756079006721098, -0.3290074139191716, -0.06568653738735473]",0.38294555133279923,0.43126106925670193,-0.43126106925670193,0.8573602238671955,-0.3290074139191716,-0.06568653738735473,,,,,,,,0.0027812999999952126,0.0,11.0,2.734325093578978e-10,0.0,
curved_standard,"Curvo, alocação padrão",0.8,1.0,Log-mean-quadratic,12,2311573007,3126174398,12000,2000,767,0.06391666666666666,True,True,,,False,,"[-3.202124148684853, 0.660298458777931, 0.37578040240274824, -0.27665619770872446, -0.2017415628821498, 0.7462692787719019]",0.05274046271382943,0.07486010604545598,-0.048580495272648766,0.8619235288611731,-0.27665619770872446,-0.2017415628821498,0.7462692787719019,,,,,,,0.003666599999988307,0.0,16.0,9.069202991275847e-10,0.0,
curved_standard,"Curvo, alocação padrão",0.8,1.0,S-learner,12,2311573007,3126174398,12000,2000,767,0.06391666666666666,True,True,,,False,,,0.40966899805928414,0.5053727697861993,0.17472049011987276,0.7616724897670007,,,,,,,,,,0.10566820000001087,,,,0.0,0.0
curved_standard,"Curvo, alocação padrão",0.8,1.0,DML-linear,13,2177991776,3708638406,12000,2000,788,0.06566666666666666,True,True,,,False,"{""theta"": [-0.34804692013900423, 0.06442611016318908], ""se"": [0.07352517846474291, 0.07352517846474291], ""moment_norm"": 1.5758798244879879e-18, ""jac_condition"": 3.8088175492487686, ""cov"": [[0.0054059518682722935, -0.0034972363610917124], [-0.0034972363610917124, 0.0054059518682722935]], ""jac_singular_values"": [0.03846950794907614, 0.010100118331124489]}",,0.40893949915030364,0.4285086422756906,-0.4285086422756906,-0.9793153725925102,-0.34804692013900423,0.06442611016318908,,0.07352517846474291,0.07352517846474291,,1.5758798244879879e-18,3.8088175492487686,0.010100118331124489,0.538601799999995,,,,,
curved_standard,"Curvo, alocação padrão",0.8,1.0,DML-quadratic,13,2177991776,3708638406,12000,2000,788,0.06566666666666666,True,True,,,False,"{""theta"": [-0.3728596195406381, -0.09020264919608736, 0.8698286167097398], ""se"": [0.07511246758486749, 0.07782346638697064, 0.11693022918823326], ""moment_norm"": 9.871816256321871e-18, ""jac_condition"": 6.344702836200284, ""cov"": [[0.00564188278668777, -0.003680574800250729, 0.0005199548725137134], [-0.003680574800250729, 0.00605649192048395, -0.002308831192851621], [0.0005199548725137134, -0.002308831192851621, 0.013672678498012758]], ""jac_singular_values"": [0.02340324594639222, 0.006153674841476596, 0.0036886275922747482]}",,0.07812989948591931,0.09868771867611752,0.04144809141827306,0.9793153725925102,-0.3728596195406381,-0.09020264919608736,0.8698286167097398,0.07511246758486749,0.07782346638697064,0.11693022918823326,9.871816256321871e-18,6.344702836200284,0.0036886275922747482,0.7164496000000042,,,,,
curved_standard,"Curvo, alocação padrão",0.8,1.0,Log-mean-linear,13,2177991776,3708638406,12000,2000,788,0.06566666666666666,True,True,,,False,,"[-2.9527643993534745, 0.729069548837068, 0.41661637399750545, -0.44316823575676456, 0.06217813459238123]",0.41273275348749183,0.4175902269337818,-0.41326843424090076,-0.8547416166736427,-0.44316823575676456,0.06217813459238123,,,,,,,,0.00320500000000834,0.0,12.0,4.627771875477989e-10,0.0,
curved_standard,"Curvo, alocação padrão",0.8,1.0,Log-mean-quadratic,13,2177991776,3708638406,12000,2000,788,0.06566666666666666,True,True,,,False,,"[-3.2657931779195413, 0.7088571123127405, 0.42601346418712366, -0.3747195313515895, -0.12328271195325856, 0.8948094661835804]",0.06755525345674988,0.07761607292679372,0.0613454546756025,0.8598999480081332,-0.3747195313515895,-0.12328271195325856,0.8948094661835804,,,,,,,0.0033916000000004942,0.0,14.0,4.127875956774311e-09,0.0,
curved_standard,"Curvo, alocação padrão",0.8,1.0,S-learner,13,2177991776,3708638406,12000,2000,788,0.06566666666666666,True,True,,,False,,,0.21260524071333797,0.2463227182316437,0.07844109608021071,0.15699443843801075,,,,,,,,,,0.08942309999999054,,,,0.0,0.0
curved_standard,"Curvo, alocação padrão",0.8,1.0,DML-linear,14,3388747770,1308410489,12000,2000,737,0.06141666666666667,True,True,,,False,"{""theta"": [-0.43017246856588565, 0.09426870916021456], ""se"": [0.08138825587178398, 0.08138825587178397], ""moment_norm"": 1.1384043417392022e-18, ""jac_condition"": 4.175313442553811, ""cov"": [[0.006624048193850981, -0.00444830176027578], [-0.00444830176027578, 0.006624048193850979]], ""jac_singular_values"": [0.03463156114546218, 0.008294361997474362]}",,0.4196819638482,0.4224778143642591,-0.41595517084301614,-0.980993915308601,-0.43017246856588565,0.09426870916021456,,0.08138825587178398,0.08138825587178397,,1.1384043417392022e-18,4.175313442553811,0.008294361997474362,0.4973321000000084,,,,,
curved_standard,"Curvo, alocação padrão",0.8,1.0,DML-quadratic,14,3388747770,1308410489,12000,2000,737,0.06141666666666667,True,True,,,False,"{""theta"": [-0.45276123784175554, -0.10980490860710103, 0.9090034329174287], ""se"": [0.08383841983706093, 0.08768735613502329, 0.12607128462323974], ""moment_norm"": 3.6897397521116125e-15, ""jac_condition"": 7.010783364996009, ""cov"": [[0.007028880640775292, -0.004797781360677128, 0.0005175385217332967], [-0.004797781360677128, 0.007689072425950406, -0.003256821506936796], [0.0005175385217332967, -0.003256821506936796, 0.015893968806553922]], ""jac_singular_values"": [0.0212912328526771, 0.00520483635876231, 0.003036926366742644]}",,0.09964944456343292,0.13642843825691528,0.09171554891973913,0.980993915308601,-0.45276123784175554,-0.10980490860710103,0.9090034329174287,0.08383841983706093,0.08768735613502329,0.12607128462323974,3.6897397521116125e-15,7.010783364996009,0.003036926366742644,0.7325871999999976,,,,,
curved_standard,"Curvo, alocação padrão",0.8,1.0,Log-mean-linear,14,3388747770,1308410489,12000,2000,737,0.06141666666666667,True,True,,,False,,"[-3.021549269447905, 0.7312362788302567, 0.3326028218297907, -0.5121362228424651, 0.09775295926541747]",0.4295891172100794,0.41713418829419785,-0.40008317245313957,-0.8580094879007797,-0.5121362228424651,0.09775295926541747,,,,,,,,0.002900799999991932,0.0,12.0,2.6689544052836225e-09,0.0,
curved_standard,"Curvo, alocação padrão",0.8,1.0,Log-mean-quadratic,14,3388747770,1308410489,12000,2000,737,0.06141666666666667,True,True,,,False,,"[-3.2937120975196272, 0.7055271872349547, 0.33217679371363446, -0.42922849208839253, -0.0987154554487934, 0.8314709847258013]",0.08194050668023747,0.09135763151595869,0.030467128957124077,0.866453206038069,-0.42922849208839253,-0.0987154554487934,0.8314709847258013,,,,,,,0.0040333999999973,0.0,15.0,4.2196213944264056e-10,0.0,
curved_standard,"Curvo, alocação padrão",0.8,1.0,S-learner,14,3388747770,1308410489,12000,2000,737,0.06141666666666667,True,True,,,False,,,0.31849275997682364,0.39951634743810704,0.24720945304960315,-0.4316933917457081,,,,,,,,,,0.08679519999999741,,,,0.0,0.0
curved_standard,"Curvo, alocação padrão",0.8,1.0,DML-linear,15,2664013071,2798429214,12000,2000,742,0.06183333333333333,True,True,,,False,"{""theta"": [-0.3016392253810576, -0.09971259827018712], ""se"": [0.07400088390634477, 0.07400088390634477], ""moment_norm"": 5.433307285276905e-19, ""jac_condition"": 3.858848051188146, ""cov"": [[0.005476130818920316, -0.003271655895546866], [-0.003271655895546866, 0.005476130818920316]], ""jac_singular_values"": [0.03485046845030318, 0.0090313140056325]}",,0.3797817411756675,0.4338336517128213,-0.4338336517128213,0.9785466800403061,-0.3016392253810576,-0.09971259827018712,,0.07400088390634477,0.07400088390634477,,5.433307285276905e-19,3.858848051188146,0.0090313140056325,0.49396659999999315,,,,,
curved_standard,"Curvo, alocação padrão",0.8,1.0,DML-quadratic,15,2664013071,2798429214,12000,2000,742,0.06183333333333333,True,True,,,False,"{""theta"": [-0.278846088965269, -0.25767279736533344, 0.7057504967610645], ""se"": [0.07585552361939035, 0.07755645200930325, 0.11918078358027265], ""moment_norm"": 5.461552250273918e-17, ""jac_condition"": 6.32221494206072, ""cov"": [[0.005754060463571887, -0.003591054286456422, 0.0013225872173666556], [-0.003591054286456422, 0.006015003248271358, -0.0023838457828247728], [0.0013225872173666556, -0.0023838457828247728, 0.014204059174807786]], ""jac_singular_values"": [0.02292321967414146, 0.006761263106690119, 0.003625820995366168]}",,0.07265464555330711,0.09154672277373754,-0.06553455976456277,0.9785466800403061,-0.278846088965269,-0.25767279736533344,0.7057504967610645,0.07585552361939035,0.07755645200930325,0.11918078358027265,5.461552250273918e-17,6.32221494206072,0.003625820995366168,0.6986329000000069,,,,,
curved_standard,"Curvo, alocação padrão",0.8,1.0,Log-mean-linear,15,2664013071,2798429214,12000,2000,742,0.06183333333333333,True,True,,,False,,"[-2.9080245526030875, 0.6206151351360917, 0.2886820630729065, -0.3423041124689981, -0.15923459134700282]",0.3741031556047272,0.4253161832714782,-0.4253161832714782,0.8594455583492366,-0.3423041124689981,-0.15923459134700282,,,,,,,,0.0034824000000099886,0.0,13.0,1.4056883568258628e-10,0.0,
curved_standard,"Curvo, alocação padrão",0.8,1.0,Log-mean-quadratic,15,2664013071,2798429214,12000,2000,742,0.06183333333333333,True,True,,,False,,"[-3.1592381213596514, 0.6084236722462849, 0.28855756513580905, -0.2888232040993262, -0.27517087806932994, 0.7123979164597777]",0.07359454601442898,0.08794248862759751,-0.05682676418622954,0.8587985719212942,-0.2888232040993262,-0.27517087806932994,0.7123979164597777,,,,,,,0.004219800000001328,0.0,14.0,2.254085230792476e-09,0.0,
curved_standard,"Curvo, alocação padrão",0.8,1.0,S-learner,15,2664013071,2798429214,12000,2000,742,0.06183333333333333,True,True,,,False,,,0.3525078523615724,0.4624164885503881,0.3745265477566429,0.7816340597599681,,,,,,,,,,0.08751259999999661,,,,0.0,0.0
curved_standard,"Curvo, alocação padrão",0.8,1.0,DML-linear,16,816554227,2992940222,12000,2000,759,0.06325,True,True,,,False,"{""theta"": [-0.3241633151169036, -0.01437522780617426], ""se"": [0.07249284375583372, 0.07249284375583372], ""moment_norm"": 1.1221395808659894e-18, ""jac_condition"": 3.5295126330291025, ""cov"": [[0.005255212395807719, -0.0031027677677470237], [-0.0031027677677470237, 0.0052552123958077195]], ""jac_singular_values"": [0.03491671962185078, 0.009892787829996945]}",,0.3915724493718748,0.43305907631162427,-0.43305907631162427,0.9810998146551568,-0.3241633151169036,-0.01437522780617426,,0.07249284375583372,0.07249284375583372,,1.1221395808659894e-18,3.5295126330291025,0.009892787829996945,0.5007139999999879,,,,,
curved_standard,"Curvo, alocação padrão",0.8,1.0,DML-quadratic,16,816554227,2992940222,12000,2000,759,0.06325,True,True,,,False,"{""theta"": [-0.32983841385142304, -0.19632331604740338, 0.7984843043433535], ""se"": [0.07460585379426275, 0.07760495568413801, 0.12066455277942768], ""moment_norm"": 1.2618688582659143e-15, ""jac_condition"": 6.557542090416927, ""cov"": [[0.005566033420370911, -0.003391380802357586, 0.0006564496718643449], [-0.003391380802357586, 0.006022529146737026, -0.002766676664658303], [0.0006564496718643449, -0.002766676664658303, 0.014559934297459288]], ""jac_singular_values"": [0.02266767082539526, 0.006574556745979498, 0.0034567327990957745]}",,0.012990001269958553,0.019143646843729507,-0.005851236350241555,0.9810998146551568,-0.32983841385142304,-0.19632331604740338,0.7984843043433535,0.07460585379426275,0.07760495568413801,0.12066455277942768,1.2618688582659143e-15,6.557542090416927,0.0034567327990957745,0.7063037000000065,,,,,
curved_standard,"Curvo, alocação padrão",0.8,1.0,Log-mean-linear,16,816554227,2992940222,12000,2000,759,0.06325,True,True,,,False,,"[-2.922797629869792, 0.6433333700997926, 0.4413639521265202, -0.39402984588213175, -0.045338267000111405]",0.3867631839380737,0.4224970246628,-0.4224970246628,0.8583914334443664,-0.39402984588213175,-0.045338267000111405,,,,,,,,0.003154899999998406,0.0,13.0,5.3620252034776904e-11,0.0,
curved_standard,"Curvo, alocação padrão",0.8,1.0,Log-mean-quadratic,16,816554227,2992940222,12000,2000,759,0.06325,True,True,,,False,,"[-3.175994140686886, 0.6244910979866799, 0.4381262614618544, -0.32860425620658573, -0.19107009688695642, 0.7464677310220504]",0.028968896399850747,0.04092844527834309,-0.040110801370184336,0.8716318121433486,-0.32860425620658573,-0.19107009688695642,0.7464677310220504,,,,,,,0.003301100000001611,0.0,14.0,4.972446747917673e-09,0.0,
curved_standard,"Curvo, alocação padrão",0.8,1.0,S-learner,16,816554227,2992940222,12000,2000,759,0.06325,True,True,,,False,,,0.36160802626221183,0.5498706419966303,0.3568941557642491,0.21750922364485015,,,,,,,,,,0.08709369999999694,,,,0.0,0.0
curved_standard,"Curvo, alocação padrão",0.8,1.0,DML-linear,17,658283103,544183002,12000,2000,770,0.06416666666666666,True,True,,,False,"{""theta"": [-0.364122630972052, -0.015017701205304749], ""se"": [0.07280477283177102, 0.07280477283177103], ""moment_norm"": 1.2175952006911351e-18, ""jac_condition"": 3.828562909090346, ""cov"": [[0.005300534947085784, -0.0033287570903271393], [-0.0033287570903271393, 0.005300534947085786]], ""jac_singular_values"": [0.038095524555129164, 0.009950345719715635]}",,0.39126409043357085,0.42618490849654445,-0.42618490849654445,0.9791447863607178,-0.364122630972052,-0.015017701205304749,,0.07280477283177102,0.07280477283177103,,1.2175952006911351e-18,3.828562909090346,0.009950345719715635,0.5105318000000096,,,,,
curved_standard,"Curvo, alocação padrão",0.8,1.0,DML-quadratic,17,658283103,544183002,12000,2000,770,0.06416666666666666,True,True,,,False,"{""theta"": [-0.36634045885143685, -0.22278231031508422, 0.974532387952289], ""se"": [0.07532779635853429, 0.0778707090020087, 0.11945919764270374], ""moment_norm"": 3.15376032157786e-17, ""jac_condition"": 6.484630919939384, ""cov"": [[0.005674276904232811, -0.0036156458325302607, 0.000887553843619725], [-0.0036156458325302607, 0.006063847320475518, -0.0025327566082734244], [0.000887553843619725, -0.0025327566082734244, 0.014270499901438555]], ""jac_singular_values"": [0.021626132071780237, 0.006010474142603566, 0.0033349827212652513]}",,0.08327551167697186,0.12736465484738838,0.12736465484738838,0.9791447863607178,-0.36634045885143685,-0.22278231031508422,0.974532387952289,0.07532779635853429,0.0778707090020087,0.11945919764270374,3.15376032157786e-17,6.484630919939384,0.0033349827212652513,0.7033817000000084,,,,,
curved_standard,"Curvo, alocação padrão",0.8,1.0,Log-mean-linear,17,658283103,544183002,12000,2000,770,0.06416666666666666,True,True,,,False,,"[-2.92167437709469, 0.6958764577471926, 0.30964475206575504, -0.4523416386396225, -0.043486287000963963]",0.3919159697325507,0.4113619148756969,-0.4113619148756969,0.8568655761844957,-0.4523416386396225,-0.043486287000963963,,,,,,,,0.0028272999999927606,0.0,11.0,3.4858944087852913e-09,0.0,
curved_standard,"Curvo, alocação padrão",0.8,1.0,Log-mean-quadratic,17,658283103,544183002,12000,2000,770,0.06416666666666666,True,True,,,False,,"[-3.254581779032578, 0.6717631942479574, 0.31457711915301273, -0.35839563499505855, -0.22169055907129065, 0.9427059568933359]",0.06814598431941392,0.10230923558675045,0.10230923558675045,0.8650910017330209,-0.35839563499505855,-0.22169055907129065,0.9427059568933359,,,,,,,0.003357800000003408,0.0,14.0,1.470337744428433e-10,0.0,
curved_standard,"Curvo, alocação padrão",0.8,1.0,S-learner,17,658283103,544183002,12000,2000,770,0.06416666666666666,True,True,,,False,,,0.2816416051020115,0.3282708176207168,0.11948754594765396,0.2992266143877626,,,,,,,,,,0.08823879999999917,,,,0.0,0.0
curved_standard,"Curvo, alocação padrão",0.8,1.0,DML-linear,18,2344407662,4154570341,12000,2000,776,0.06466666666666666,True,True,,,False,"{""theta"": [-0.34158273049721327, -0.05587715667498682], ""se"": [0.07029175024427649, 0.07029175024427649], ""moment_norm"": 2.5349138919470386e-18, ""jac_condition"": 3.5274800593907063, ""cov"": [[0.004940930152403743, -0.0030156716765778516], [-0.0030156716765778516, 0.004940930152403744]], ""jac_singular_values"": [0.03871503597446878, 0.01097526713762797]}",,0.3841595714473533,0.42909999266166493,-0.42909999266166493,0.9758728167236926,-0.34158273049721327,-0.05587715667498682,,0.07029175024427649,0.07029175024427649,,2.5349138919470386e-18,3.5274800593907063,0.01097526713762797,0.49661659999999586,,,,,
curved_standard,"Curvo, alocação padrão",0.8,1.0,DML-quadratic,18,2344407662,4154570341,12000,2000,776,0.06466666666666666,True,True,,,False,"{""theta"": [-0.3596641933162914, -0.2611355910185574, 0.9967506500878468], ""se"": [0.07182234142290737, 0.07510635452051205, 0.11859198824857466], ""moment_norm"": 2.8242894882684206e-17, ""jac_condition"": 6.454578828790286, ""cov"": [[0.005158448727468677, -0.0032061691370296815, 0.0008431290187229134], [-0.0032061691370296815, 0.005640964489360841, -0.0026004867374299274], [0.0008431290187229134, -0.0026004867374299274, 0.01406405967675007]], ""jac_singular_values"": [0.02189645677164424, 0.006221755912686761, 0.003392391254713061]}",,0.0997245491911649,0.14849909714955195,0.14849909714955195,0.9758728167236926,-0.3596641933162914,-0.2611355910185574,0.9967506500878468,0.07182234142290737,0.07510635452051205,0.11859198824857466,2.8242894882684206e-17,6.454578828790286,0.003392391254713061,0.7000613000000016,,,,,
curved_standard,"Curvo, alocação padrão",0.8,1.0,Log-mean-linear,18,2344407662,4154570341,12000,2000,776,0.06466666666666666,True,True,,,False,,"[-2.9403355666940367, 0.7056157375633603, 0.4792799602387366, -0.4375981067199409, -0.07230424302636453]",0.3860850612759592,0.4135897270078431,-0.4135897270078431,0.8628826664863802,-0.4375981067199409,-0.07230424302636453,,,,,,,,0.004601000000008071,0.0,12.0,1.08810467432686e-09,0.0,
curved_standard,"Curvo, alocação padrão",0.8,1.0,Log-mean-quadratic,18,2344407662,4154570341,12000,2000,776,0.06466666666666666,True,True,,,False,,"[-3.2676396516431954, 0.683612562892498, 0.4772435401408166, -0.3526118148199115, -0.2334700026660118, 0.9131305267282571]",0.05686979584557418,0.08186621248607702,0.08186621248607702,0.8544761439496841,-0.3526118148199115,-0.2334700026660118,0.9131305267282571,,,,,,,0.003663199999991207,0.0,15.0,5.331490199863541e-10,0.0,
curved_standard,"Curvo, alocação padrão",0.8,1.0,S-learner,18,2344407662,4154570341,12000,2000,776,0.06466666666666666,True,True,,,False,,,0.3466969086099401,0.4310742262045952,0.1671538568243245,0.6460679539181557,,,,,,,,,,0.08656639999999527,,,,0.0,0.0
curved_standard,"Curvo, alocação padrão",0.8,1.0,DML-linear,19,2102206096,1162079002,12000,2000,754,0.06283333333333334,True,True,,,False,"{""theta"": [-0.19866052164731524, -0.1592801700268614], ""se"": [0.06696581595253617, 0.06696581595253619], ""moment_norm"": 9.877077533345936e-19, ""jac_condition"": 2.806393796630425, ""cov"": [[0.004484420506188948, -0.0023087560349398153], [-0.0023087560349398153, 0.0044844205061889495]], ""jac_singular_values"": [0.03367456493915711, 0.011999230107901968]}",,0.3862477148018737,0.44164007916061915,-0.44164007916061915,0.9758796161198297,-0.19866052164731524,-0.1592801700268614,,0.06696581595253617,0.06696581595253619,,9.877077533345936e-19,2.806393796630425,0.011999230107901968,0.5038279999999986,,,,,
curved_standard,"Curvo, alocação padrão",0.8,1.0,DML-quadratic,19,2102206096,1162079002,12000,2000,754,0.06283333333333334,True,True,,,False,"{""theta"": [-0.2064370815916139, -0.3031764428101766, 0.7524248292265683], ""se"": [0.06919509531002212, 0.0702360059440156, 0.11513076037154535], ""moment_norm"": 1.9147628707427833e-18, ""jac_condition"": 5.580073255518207, ""cov"": [[0.004787961214963044, -0.002524919826597657, 0.0005236051807764612], [-0.002524919826597657, 0.0049330965309677954, -0.0017560244596382451], [0.0005236051807764612, -0.0017560244596382451, 0.013255091983730198]], ""jac_singular_values"": [0.021768745321980226, 0.007760447740359574, 0.003901157623773636]}",,0.11295040565271731,0.13289711477688507,-0.039506833660475534,0.9758796161198297,-0.2064370815916139,-0.3031764428101766,0.7524248292265683,0.06919509531002212,0.0702360059440156,0.11513076037154535,1.9147628707427833e-18,5.580073255518207,0.003901157623773636,0.708854500000001,,,,,
curved_standard,"Curvo, alocação padrão",0.8,1.0,Log-mean-linear,19,2102206096,1162079002,12000,2000,754,0.06283333333333334,True,True,,,False,,"[-2.898139344270106, 0.5751004521604666, 0.5084731160588253, -0.26483696981798527, -0.1585298474605587]",0.37803374675577434,0.4353969595317748,-0.4353969595317748,0.8549693476766587,-0.26483696981798527,-0.1585298474605587,,,,,,,,0.0026857999999947424,0.0,11.0,7.26148036767534e-10,0.0,
curved_standard,"Curvo, alocação padrão",0.8,1.0,Log-mean-quadratic,19,2102206096,1162079002,12000,2000,754,0.06283333333333334,True,True,,,False,,"[-3.1895955047533953, 0.5676981115230971, 0.509308526351226, -0.23001035463118932, -0.28885714102539684, 0.8098806989097311]",0.09363704134601691,0.1058577629078257,-0.0019253625142061424,0.8561125825017114,-0.23001035463118932,-0.28885714102539684,0.8098806989097311,,,,,,,0.00333469999999636,0.0,14.0,6.230599086341308e-10,0.0,
curved_standard,"Curvo, alocação padrão",0.8,1.0,S-learner,19,2102206096,1162079002,12000,2000,754,0.06283333333333334,True,True,,,False,,,0.3712366719789944,0.382089964443828,-0.17833953571221287,0.0010607641481301907,,,,,,,,,,0.0877769000000086,,,,0.0,0.0
curved_standard,"Curvo, alocação padrão",0.8,1.0,DML-linear,20,3331645260,54487892,12000,2000,731,0.06091666666666667,True,True,,,False,"{""theta"": [-0.310007267573335, -0.11563550852147765], ""se"": [0.07247794693194907, 0.07247794693194909], ""moment_norm"": 8.023698258099825e-19, ""jac_condition"": 3.6124691019715307, ""cov"": [[0.005253052791470427, -0.0030558770499195514], [-0.0030558770499195514, 0.005253052791470428]], ""jac_singular_values"": [0.03574535279698148, 0.00989499198137728]}",,0.37775220841605683,0.43139830383231514,-0.43139830383231514,0.979182502215608,-0.310007267573335,-0.11563550852147765,,0.07247794693194907,0.07247794693194909,,8.023698258099825e-19,3.6124691019715307,0.00989499198137728,0.49946300000000576,,,,,
curved_standard,"Curvo, alocação padrão",0.8,1.0,DML-quadratic,20,3331645260,54487892,12000,2000,731,0.06091666666666667,True,True,,,False,"{""theta"": [-0.3159899846788714, -0.3067047911478035, 0.9245901486223062], ""se"": [0.07542523456733162, 0.07704283087970468, 0.12319670037712384], ""moment_norm"": 1.6154663540146927e-15, ""jac_condition"": 6.503710324766023, ""cov"": [[0.005688966009536997, -0.003416550594680788, 0.0006097211574907161], [-0.003416550594680788, 0.005935597789958777, -0.0023617846887639456], [0.0006097211574907161, -0.0023617846887639456, 0.015177426983810824]], ""jac_singular_values"": [0.021201419740573296, 0.005955128938862089, 0.0032598960719143096]}",,0.09193934185550592,0.12359122591914638,0.09507490719308577,0.979182502215608,-0.3159899846788714,-0.3067047911478035,0.9245901486223062,0.07542523456733162,0.07704283087970468,0.12319670037712384,1.6154663540146927e-15,6.503710324766023,0.0032598960719143096,0.7114794999999958,,,,,
curved_standard,"Curvo, alocação padrão",0.8,1.0,Log-mean-linear,20,3331645260,54487892,12000,2000,731,0.06091666666666667,True,True,,,False,,"[-2.9395778679809634, 0.646580353390322, 0.3516014847342528, -0.3874952015500897, -0.17508486607243287]",0.3742854642951773,0.4170836864917943,-0.4170836864917943,0.8593812277527654,-0.3874952015500897,-0.17508486607243287,,,,,,,,0.003687400000004004,0.0,11.0,1.1186824610479271e-09,0.0,
curved_standard,"Curvo, alocação padrão",0.8,1.0,Log-mean-quadratic,20,3331645260,54487892,12000,2000,731,0.06091666666666667,True,True,,,False,,"[-3.261389229903288, 0.6324163798920674, 0.35587284653434204, -0.3182733981633178, -0.3120451233585895, 0.8968379426941052]",0.08672781971250026,0.11889983558621559,0.07716918275994539,0.8677666023808926,-0.3182733981633178,-0.3120451233585895,0.8968379426941052,,,,,,,0.0035792999999983977,0.0,15.0,1.0759526263733055e-09,0.0,
curved_standard,"Curvo, alocação padrão",0.8,1.0,S-learner,20,3331645260,54487892,12000,2000,731,0.06091666666666667,True,True,,,False,,,0.6853191197440537,1.3516814383749365,1.3207285462349834,-0.5282180615546813,,,,,,,,,,0.08834539999999436,,,,0.0,0.0
curved_standard,"Curvo, alocação padrão",0.8,1.0,DML-linear,21,3421194737,2008676538,12000,2000,793,0.06608333333333333,True,True,,,False,"{""theta"": [-0.3449718465045184, -0.05717575580742078], ""se"": [0.06783988073641693, 0.06783988073641693], ""moment_norm"": 7.219443336780643e-19, ""jac_condition"": 2.9913714329542103, ""cov"": [[0.004602249418331273, -0.002538018577927836], [-0.002538018577927836, 0.004602249418331273]], ""jac_singular_values"": [0.03610808767276612, 0.012070746974108326]}",,0.383950656921814,0.42845910464366954,-0.42845910464366954,0.9781174558167006,-0.3449718465045184,-0.05717575580742078,,0.06783988073641693,0.06783988073641693,,7.219443336780643e-19,2.9913714329542103,0.012070746974108326,0.49834999999998786,,,,,
curved_standard,"Curvo, alocação padrão",0.8,1.0,DML-quadratic,21,3421194737,2008676538,12000,2000,793,0.06608333333333333,True,True,,,False,"{""theta"": [-0.36733643774371844, -0.2123200423951208, 0.8565364919642737], ""se"": [0.07041249389085748, 0.0728338268089713, 0.11852075605264197], ""moment_norm"": 7.887134342349895e-15, ""jac_condition"": 5.985165183388252, ""cov"": [[0.004957919295930041, -0.0028503067346539457, 0.0007320394949764355], [-0.0028503067346539457, 0.005304766327639226, -0.002171727247499676], [0.0007320394949764355, -0.002171727247499676, 0.014047169615289868]], ""jac_singular_values"": [0.02236216270201753, 0.007269884155994731, 0.0037362649178143683]}",,0.02952713905356273,0.043854886741330416,0.0432308142090442,0.9781174558167006,-0.36733643774371844,-0.2123200423951208,0.8565364919642737,0.07041249389085748,0.0728338268089713,0.11852075605264197,7.887134342349895e-15,5.985165183388252,0.0037362649178143683,0.6945391000000001,,,,,
curved_standard,"Curvo, alocação padrão",0.8,1.0,Log-mean-linear,21,3421194737,2008676538,12000,2000,793,0.06608333333333333,True,True,,,False,,"[-2.875712742383735, 0.6280395104339923, 0.4023338320574945, -0.4392706781512367, -0.052519846111971094]",0.3891480926585127,0.41359072490996746,-0.41359072490996746,0.8541693679133768,-0.4392706781512367,-0.052519846111971094,,,,,,,,0.0033247000000073967,0.0,12.0,6.626831768145418e-10,0.0,
curved_standard,"Curvo, alocação padrão",0.8,1.0,Log-mean-quadratic,21,3421194737,2008676538,12000,2000,793,0.06608333333333333,True,True,,,False,,"[-3.1706177762133847, 0.6115075399139581, 0.39768639453833154, -0.36776683119591513, -0.20774292088968382, 0.8463395042976141]",0.024789858424802018,0.03644079686942897,0.03582273636599647,0.8625433017021948,-0.36776683119591513,-0.20774292088968382,0.8463395042976141,,,,,,,0.004918299999999931,0.0,15.0,4.828632824693813e-10,0.0,
curved_standard,"Curvo, alocação padrão",0.8,1.0,S-learner,21,3421194737,2008676538,12000,2000,793,0.06608333333333333,True,True,,,False,,,0.3088260929439298,0.2940158349500456,-0.03732074919566763,0.5507670177554279,,,,,,,,,,0.08679669999999362,,,,0.0,0.0
curved_standard,"Curvo, alocação padrão",0.8,1.0,DML-linear,22,2127936806,3384451819,12000,2000,743,0.06191666666666667,True,True,,,False,"{""theta"": [-0.3431105510786318, 0.041849079676485726], ""se"": [0.07252770392630792, 0.0725277039263079], ""moment_norm"": 7.719608261172285e-19, ""jac_condition"": 3.187404318564261, ""cov"": [[0.005260267836822182, -0.00303897495796692], [-0.00303897495796692, 0.005260267836822179]], ""jac_singular_values"": [0.03408634817983182, 0.01069407730337321]}",,0.4033468823447822,0.4303672197893191,-0.4303672197893191,-0.9820753959319888,-0.3431105510786318,0.041849079676485726,,0.07252770392630792,0.0725277039263079,,7.719608261172285e-19,3.187404318564261,0.01069407730337321,0.5020200999999958,,,,,
curved_standard,"Curvo, alocação padrão",0.8,1.0,DML-quadratic,22,2127936806,3384451819,12000,2000,743,0.06191666666666667,True,True,,,False,"{""theta"": [-0.37181977520688264, -0.13826603958056619, 0.8494536655775433], ""se"": [0.07404267954143405, 0.07802694236836473, 0.12020871041655702], ""moment_norm"": 6.9247052127591986e-18, ""jac_condition"": 6.155940229723757, ""cov"": [[0.0054823183936754975, -0.003218649222641785, 0.0005626351357522652], [-0.003218649222641785, 0.006088203735356111, -0.002891947821291027], [0.0005626351357522652, -0.002891947821291027, 0.014450134060011664]], ""jac_singular_values"": [0.0214248634455916, 0.006492170142103112, 0.0034803559888613514]}",,0.047323431593440275,0.05336770438939502,0.030927579306117062,0.9820753959319888,-0.37181977520688264,-0.13826603958056619,0.8494536655775433,0.07404267954143405,0.07802694236836473,0.12020871041655702,6.9247052127591986e-18,6.155940229723757,0.0034803559888613514,0.7221882999999991,,,,,
curved_standard,"Curvo, alocação padrão",0.8,1.0,Log-mean-linear,22,2127936806,3384451819,12000,2000,743,0.06191666666666667,True,True,,,False,,"[-2.990924247694776, 0.6761054405384532, 0.41929532272289527, -0.4375592842714623, 0.07128181309543999]",0.41428874230372864,0.41944381071659825,-0.4147528028063292,-0.862876972998038,-0.4375592842714623,0.07128181309543999,,,,,,,,0.0028888999999878706,0.0,12.0,1.1213412846877713e-10,0.0,
curved_standard,"Curvo, alocação padrão",0.8,1.0,Log-mean-quadratic,22,2127936806,3384451819,12000,2000,743,0.06191666666666667,True,True,,,False,,"[-3.287172772552958, 0.6584194777561525, 0.4212825680606871, -0.37107065718555704, -0.11165498867921198, 0.8597959793861593]",0.06377415455572298,0.07821998678170056,0.035431878266494764,0.8653032145548565,-0.37107065718555704,-0.11165498867921198,0.8597959793861593,,,,,,,0.0035482000000115477,0.0,15.0,1.3431259090340707e-10,0.0,
curved_standard,"Curvo, alocação padrão",0.8,1.0,S-learner,22,2127936806,3384451819,12000,2000,743,0.06191666666666667,True,True,,,False,,,0.2352726064136332,0.31629210395265084,0.08339019503581059,0.7487073772861809,,,,,,,,,,0.09117969999999787,,,,0.0,0.0
curved_standard,"Curvo, alocação padrão",0.8,1.0,DML-linear,23,2521422285,28031347,12000,2000,773,0.06441666666666666,True,True,,,False,"{""theta"": [-0.3816336178393504, -0.04528965792695314], ""se"": [0.07112185374459112, 0.07112185374459112], ""moment_norm"": 2.006200950059029e-18, ""jac_condition"": 3.4362222058948455, ""cov"": [[0.005058318080067011, -0.0030103373054817307], [-0.0030103373054817307, 0.00505831808006701]], ""jac_singular_values"": [0.0373433776826084, 0.010867567766294555]}",,0.38634425286058477,0.4240752633900895,-0.4240752633900895,0.9809427252875932,-0.3816336178393504,-0.04528965792695314,,0.07112185374459112,0.07112185374459112,,2.006200950059029e-18,3.4362222058948455,0.010867567766294555,0.4921082000000041,,,,,
curved_standard,"Curvo, alocação padrão",0.8,1.0,DML-quadratic,23,2521422285,28031347,12000,2000,773,0.06441666666666666,True,True,,,False,"{""theta"": [-0.3948572462160777, -0.266820559047948, 0.9799251141492068], ""se"": [0.07294927794040942, 0.07749960478515053, 0.12377295345549509], ""moment_norm"": 3.1202511091432497e-15, ""jac_condition"": 6.81190710581435, ""cov"": [[0.005321597152027105, -0.0033235264372707815, 0.0009398899952841964], [-0.0033235264372707815, 0.006006188741854526, -0.0032128049344108535], [0.0009398899952841964, -0.0032128049344108535, 0.015319744007096153]], ""jac_singular_values"": [0.021843573601779603, 0.00650663065556449, 0.0032066752030624245]}",,0.0980859386864584,0.1506182306462908,0.14704663513195368,0.9809427252875932,-0.3948572462160777,-0.266820559047948,0.9799251141492068,0.07294927794040942,0.07749960478515053,0.12377295345549509,3.1202511091432497e-15,6.81190710581435,0.0032066752030624245,0.692543999999998,,,,,
curved_standard,"Curvo, alocação padrão",0.8,1.0,Log-mean-linear,23,2521422285,28031347,12000,2000,773,0.06441666666666666,True,True,,,False,,"[-2.923902830556951, 0.6842230755012884, 0.3712980160855049, -0.4872401468491654, -0.03693818774476024]",0.3969143766848747,0.40554093215945,-0.40554093215945,0.8613950203082822,-0.4872401468491654,-0.03693818774476024,,,,,,,,0.002813799999998423,0.0,12.0,3.3001097609827725e-10,0.0,
curved_standard,"Curvo, alocação padrão",0.8,1.0,Log-mean-quadratic,23,2521422285,28031347,12000,2000,773,0.06441666666666666,True,True,,,False,,"[-3.2319103252769157, 0.6566472572585339, 0.3650869130314753, -0.3983866153665955, -0.21119442185719825, 0.8897389281087066]",0.05231042964374156,0.0762520279414701,0.07397518450033454,0.8668987833433974,-0.3983866153665955,-0.21119442185719825,0.8897389281087066,,,,,,,0.004767000000001076,0.0,14.0,6.918288309014827e-10,0.0,
curved_standard,"Curvo, alocação padrão",0.8,1.0,S-learner,23,2521422285,28031347,12000,2000,773,0.06441666666666666,True,True,,,False,,,0.46224273940075866,0.7674231286953477,0.7357698702905398,0.33525971658441833,,,,,,,,,,0.10057330000000775,,,,0.0,0.0
curved_standard,"Curvo, alocação padrão",0.8,1.0,DML-linear,24,2575221076,1021257803,12000,2000,776,0.06466666666666666,True,True,,,False,"{""theta"": [-0.3656781393441577, -0.11517710590956973], ""se"": [0.07150440764611725, 0.07150440764611724], ""moment_norm"": 5.046376419374543e-18, ""jac_condition"": 3.6113277443191407, ""cov"": [[0.00511288031282211, -0.0031065392999485033], [-0.0031065392999485033, 0.005112880312822109]], ""jac_singular_values"": [0.03737657391675307, 0.010349814960868316]}",,0.37718565197177906,0.42365107599457036,-0.42365107599457036,0.9781005798196368,-0.3656781393441577,-0.11517710590956973,,0.07150440764611725,0.07150440764611724,,5.046376419374543e-18,3.6113277443191407,0.010349814960868316,0.4994786000000033,,,,,
curved_standard,"Curvo, alocação padrão",0.8,1.0,DML-quadratic,24,2575221076,1021257803,12000,2000,776,0.06466666666666666,True,True,,,False,"{""theta"": [-0.40716468097167585, -0.2525618700089386, 0.8572478766127409], ""se"": [0.07368509354414203, 0.07490726793115218, 0.11696009985878358], ""moment_norm"": 2.969320275540865e-17, ""jac_condition"": 6.04417339245202, ""cov"": [[0.005429493010608961, -0.003380665446095308, 0.0003027371452355644], [-0.003380665446095308, 0.00561109878890942, -0.001598945100146811], [0.0003027371452355644, -0.001598945100146811, 0.013679664958976628]], ""jac_singular_values"": [0.022979230651011436, 0.006073454740207175, 0.0038018814416720674]}",,0.05532145990011143,0.0804640383961499,0.05985750368646191,0.9781005798196368,-0.40716468097167585,-0.2525618700089386,0.8572478766127409,0.07368509354414203,0.07490726793115218,0.11696009985878358,2.969320275540865e-17,6.04417339245202,0.0038018814416720674,0.7228901999999948,,,,,
curved_standard,"Curvo, alocação padrão",0.8,1.0,Log-mean-linear,24,2575221076,1021257803,12000,2000,776,0.06466666666666666,True,True,,,False,,"[-2.915530628681752, 0.6932861022168512, 0.40076488316510805, -0.45222155633463035, -0.13548429402839715]",0.38111816921978436,0.4083614921956988,-0.4083614921956988,0.8555034522017163,-0.45222155633463035,-0.13548429402839715,,,,,,,,0.003065200000008872,0.0,14.0,1.6327105773391213e-10,0.0,
curved_standard,"Curvo, alocação padrão",0.8,1.0,Log-mean-quadratic,24,2575221076,1021257803,12000,2000,776,0.06466666666666666,True,True,,,False,,"[-3.2171315908687514, 0.6745804130407709, 0.4034007893037238, -0.3759295943368196, -0.2792975786560693, 0.8546532900219347]",0.058221424897163615,0.08211390687195652,0.054692925946346026,0.8745508303072688,-0.3759295943368196,-0.2792975786560693,0.8546532900219347,,,,,,,0.003422599999993281,0.0,15.0,1.163940516576284e-09,0.0,
curved_standard,"Curvo, alocação padrão",0.8,1.0,S-learner,24,2575221076,1021257803,12000,2000,776,0.06466666666666666,True,True,,,False,,,0.2812524492436082,0.3021958249160267,-0.18285719215944868,0.7530633212212976,,,,,,,,,,0.08819110000000308,,,,0.0,0.0
curved_standard,"Curvo, alocação padrão",0.8,1.0,DML-linear,25,4178232527,1551702522,12000,2000,753,0.06275,True,True,,,False,"{""theta"": [-0.44084411832437076, -0.011774360571227403], ""se"": [0.07338532996294746, 0.07338532996294747], ""moment_norm"": 1.0004235496036028e-18, ""jac_condition"": 2.9315997443197697, ""cov"": [[0.0053854066537706744, -0.0029351770695908025], [-0.0029351770695908025, 0.005385406653770676]], ""jac_singular_values"": [0.03129213494735767, 0.01067408161976713]}",,0.3961070187647483,0.41429871636184457,-0.41429871636184457,0.9815956836460933,-0.44084411832437076,-0.011774360571227403,,0.07338532996294746,0.07338532996294747,,1.0004235496036028e-18,2.9315997443197697,0.01067408161976713,0.4987620999999933,,,,,
curved_standard,"Curvo, alocação padrão",0.8,1.0,DML-quadratic,25,4178232527,1551702522,12000,2000,753,0.06275,True,True,,,False,"{""theta"": [-0.4411163251747327, -0.16533088312818722, 0.6880342759046395], ""se"": [0.07401981775239036, 0.077335140652284, 0.1249500221229642], ""moment_norm"": 9.654905894289695e-18, ""jac_condition"": 6.128385561263301, ""cov"": [[0.005478933420097082, -0.0031566167639320575, 0.0012796321681675937], [-0.0031566167639320575, 0.00598072397970855, -0.002939210056964723], [0.0012796321681675937, -0.002939210056964723, 0.015612508028529244]], ""jac_singular_values"": [0.021543561188535797, 0.007652085177633805, 0.0035153730086288537]}",,0.08099310201030428,0.07887008156852929,-0.05318892388081424,0.9815956836460933,-0.4411163251747327,-0.16533088312818722,0.6880342759046395,0.07401981775239036,0.077335140652284,0.1249500221229642,9.654905894289695e-18,6.128385561263301,0.0035153730086288537,0.7107582000000008,,,,,
curved_standard,"Curvo, alocação padrão",0.8,1.0,Log-mean-linear,25,4178232527,1551702522,12000,2000,753,0.06275,True,True,,,False,,"[-2.8956519526134405, 0.5612242725814969, 0.4353616208612444, -0.5131688961266659, -0.038827017969969964]",0.40069538595854387,0.4005197388450935,-0.39998899777909025,0.8620718951375843,-0.5131688961266659,-0.038827017969969964,,,,,,,,0.0028837999999922204,0.0,12.0,6.983397718776652e-11,0.0,
curved_standard,"Curvo, alocação padrão",0.8,1.0,Log-mean-quadratic,25,4178232527,1551702522,12000,2000,753,0.06275,True,True,,,False,,"[-3.0993447141618615, 0.5401982101908784, 0.43481987439347136, -0.4368638259008855, -0.1733483557077763, 0.6322127885208636]",0.09721354271772407,0.09346049347030932,-0.0877406008745352,0.8614611849805424,-0.4368638259008855,-0.1733483557077763,0.6322127885208636,,,,,,,0.003399700000002781,0.0,14.0,2.0410233368337027e-10,0.0,
curved_standard,"Curvo, alocação padrão",0.8,1.0,S-learner,25,4178232527,1551702522,12000,2000,753,0.06275,True,True,,,False,,,0.20858105220079837,0.23289300179361302,-0.18503592419339426,0.46113212415789534,,,,,,,,,,0.0888821000000064,,,,0.0,0.0
curved_standard,"Curvo, alocação padrão",0.8,1.0,DML-linear,26,3219443373,2350889511,12000,2000,770,0.06416666666666666,True,True,,,False,"{""theta"": [-0.28452946234864435, -0.020880502036901942], ""se"": [0.07146727742132906, 0.07146727742132906], ""moment_norm"": 1.0837684048456246e-18, ""jac_condition"": 3.6015114105036004, ""cov"": [[0.005107571742017211, -0.003100492747353406], [-0.003100492747353406, 0.005107571742017211]], ""jac_singular_values"": [0.03715923563709991, 0.010317678163875073]}",,0.3921409794715294,0.4375399725529079,-0.4375399725529079,0.9825240798019267,-0.28452946234864435,-0.020880502036901942,,0.07146727742132906,0.07146727742132906,,1.0837684048456246e-18,3.6015114105036004,0.010317678163875073,0.4929982000000024,,,,,
curved_standard,"Curvo, alocação padrão",0.8,1.0,DML-quadratic,26,3219443373,2350889511,12000,2000,770,0.06416666666666666,True,True,,,False,"{""theta"": [-0.2815760762717991, -0.19422725460962953, 0.8841376555744015], ""se"": [0.07385557077370267, 0.07620172460192781, 0.1164177316243529], ""moment_norm"": 5.102936251016349e-16, ""jac_condition"": 6.195693135782432, ""cov"": [[0.005454645334309403, -0.0033868809945744064, 0.0008427684715216382], [-0.0033868809945744064, 0.005806702832308051, -0.0023251613822343692], [0.0008427684715216382, -0.0023251613822343692, 0.013553088236559856]], ""jac_singular_values"": [0.022097290479312297, 0.006420153344075138, 0.003566556637818653]}",,0.058525389031172256,0.05390536705417332,0.04119536535984198,0.9825240798019267,-0.2815760762717991,-0.19422725460962953,0.8841376555744015,0.07385557077370267,0.07620172460192781,0.1164177316243529,5.102936251016349e-16,6.195693135782432,0.003566556637818653,0.6954135000000008,,,,,
curved_standard,"Curvo, alocação padrão",0.8,1.0,Log-mean-linear,26,3219443373,2350889511,12000,2000,770,0.06416666666666666,True,True,,,False,,"[-2.938112412082565, 0.6883556672448361, 0.42820437581064724, -0.37332568545216044, -0.015903661264151124]",0.39121855933689026,0.4257765220456066,-0.4257765220456066,0.8625586111034644,-0.37332568545216044,-0.015903661264151124,,,,,,,,0.002785799999998062,0.0,12.0,1.1057554683002735e-10,0.0,
curved_standard,"Curvo, alocação padrão",0.8,1.0,Log-mean-quadratic,26,3219443373,2350889511,12000,2000,770,0.06416666666666666,True,True,,,False,,"[-3.2497311062858403, 0.6639835068898664, 0.428008561134845, -0.2997798609482701, -0.1855283184961582, 0.8857240120549]",0.05185872952219816,0.04913039700279022,0.04469121811298855,0.8603115046259151,-0.2997798609482701,-0.1855283184961582,0.8857240120549,,,,,,,0.003417600000005905,0.0,14.0,7.900487375330408e-10,0.0,
curved_standard,"Curvo, alocação padrão",0.8,1.0,S-learner,26,3219443373,2350889511,12000,2000,770,0.06416666666666666,True,True,,,False,,,0.29459647461910987,0.402725283641111,0.31790697871632245,0.43892669803068995,,,,,,,,,,0.08873889999999562,,,,0.0,0.0
curved_standard,"Curvo, alocação padrão",0.8,1.0,DML-linear,27,2496798342,2952166782,12000,2000,757,0.06308333333333334,True,True,,,False,"{""theta"": [-0.28087405272834753, -0.08417228598771642], ""se"": [0.07179611469833044, 0.07179611469833044], ""moment_norm"": 2.5602534662607844e-18, ""jac_condition"": 3.5691067583590295, ""cov"": [[0.005154682085775821, -0.003089388432463009], [-0.003089388432463009, 0.00515468208577582]], ""jac_singular_values"": [0.03594883946692034, 0.010072223080109983]}",,0.3828244938461072,0.43683536317809685,-0.43683536317809685,0.9806732196758344,-0.28087405272834753,-0.08417228598771642,,0.07179611469833044,0.07179611469833044,,2.5602534662607844e-18,3.5691067583590295,0.010072223080109983,0.49938410000000033,,,,,
curved_standard,"Curvo, alocação padrão",0.8,1.0,DML-quadratic,27,2496798342,2952166782,12000,2000,757,0.06308333333333334,True,True,,,False,"{""theta"": [-0.29282723643539077, -0.2146766299820187, 0.7694184308548845], ""se"": [0.07409263648987871, 0.07537408239192954, 0.117545212742157], ""moment_norm"": 1.2390191072825715e-15, ""jac_condition"": 5.943604166371829, ""cov"": [[0.005489718782021306, -0.003324546380120936, 0.0004834817514539823], [-0.003324546380120936, 0.005681252296425383, -0.0017894217573902328], [0.0004834817514539823, -0.0017894217573902328, 0.013816877038598949]], ""jac_singular_values"": [0.022986697966173114, 0.006378255739815564, 0.0038674678398384916]}",,0.039947657539783736,0.05685379341972305,-0.02944913192037602,0.9806732196758344,-0.29282723643539077,-0.2146766299820187,0.7694184308548845,0.07409263648987871,0.07537408239192954,0.117545212742157,1.2390191072825715e-15,5.943604166371829,0.0038674678398384916,0.707244700000004,,,,,
curved_standard,"Curvo, alocação padrão",0.8,1.0,Log-mean-linear,27,2496798342,2952166782,12000,2000,757,0.06308333333333334,True,True,,,False,,"[-2.907551075091422, 0.626390318668665, 0.28701268958609116, -0.3519744058695209, -0.1105038911950365]",0.37745078882588,0.4266623343268011,-0.4266623343268011,0.8757272341027452,-0.3519744058695209,-0.1105038911950365,,,,,,,,0.0029052000000007183,0.0,12.0,1.6469705065857987e-09,0.0,
curved_standard,"Curvo, alocação padrão",0.8,1.0,Log-mean-quadratic,27,2496798342,2952166782,12000,2000,757,0.06308333333333334,True,True,,,False,,"[-3.1874039833113668, 0.6159113162847503, 0.28946980135893513, -0.2958367535375292, -0.23994757329812944, 0.7897606840616663]",0.04279180310373814,0.05044795262653591,-0.012157039272754093,0.8626385470967387,-0.2958367535375292,-0.23994757329812944,0.7897606840616663,,,,,,,0.0033176999999966483,0.0,14.0,2.538538826118335e-10,0.0,
curved_standard,"Curvo, alocação padrão",0.8,1.0,S-learner,27,2496798342,2952166782,12000,2000,757,0.06308333333333334,True,True,,,False,,,0.28986741006371625,0.3090573054866049,-0.22815882383669625,0.6487185000042625,,,,,,,,,,0.08698030000000756,,,,0.0,0.0
curved_standard,"Curvo, alocação padrão",0.8,1.0,DML-linear,28,3837673166,1582763520,12000,2000,771,0.06425,True,True,,,False,"{""theta"": [-0.34458223756496875, -0.07633036044197043], ""se"": [0.07186714442505818, 0.07186714442505818], ""moment_norm"": 1.3592702014582088e-18, ""jac_condition"": 3.6220994117819876, ""cov"": [[0.005164886447812171, -0.003077647543821658], [-0.003077647543821658, 0.0051648864478121715]], ""jac_singular_values"": [0.03623439563705763, 0.01000369993136968]}",,0.3813161272778781,0.42950967418736286,-0.42950967418736286,0.9794404446698289,-0.34458223756496875,-0.07633036044197043,,0.07186714442505818,0.07186714442505818,,1.3592702014582088e-18,3.6220994117819876,0.01000369993136968,0.496374000000003,,,,,
curved_standard,"Curvo, alocação padrão",0.8,1.0,DML-quadratic,28,3837673166,1582763520,12000,2000,771,0.06425,True,True,,,False,"{""theta"": [-0.33801321025674236, -0.23662814612999283, 0.7246893545479028], ""se"": [0.074029461991169, 0.0766600023138201, 0.11602795070250703], ""moment_norm"": 4.4654681291132216e-17, ""jac_condition"": 6.275577346104278, ""cov"": [[0.005480361242701935, -0.003478185320601792, 0.0012127889654253714], [-0.003478185320601792, 0.005876755954754903, -0.002478581352095585], [0.0012127889654253714, -0.002478581352095585, 0.013462485344223403]], ""jac_singular_values"": [0.02400571552686518, 0.0070598066311522885, 0.003825260084120759]}",,0.04269264881977678,0.04767266616723034,-0.04571793507246404,0.9794404446698289,-0.33801321025674236,-0.23662814612999283,0.7246893545479028,0.074029461991169,0.0766600023138201,0.11602795070250703,4.4654681291132216e-17,6.275577346104278,0.003825260084120759,0.7016275999999948,,,,,
curved_standard,"Curvo, alocação padrão",0.8,1.0,Log-mean-linear,28,3837673166,1582763520,12000,2000,771,0.06425,True,True,,,False,,"[-2.91500951445651, 0.6622830631734425, 0.4363755246423625, -0.42089389170274666, -0.10496850080276883]",0.3805266565329879,0.4164433863894401,-0.4164433863894401,0.8604166808402545,-0.42089389170274666,-0.10496850080276883,,,,,,,,0.0029178000000058546,0.0,12.0,2.432393570751349e-10,0.0,
curved_standard,"Curvo, alocação padrão",0.8,1.0,Log-mean-quadratic,28,3837673166,1582763520,12000,2000,771,0.06425,True,True,,,False,,"[-3.184097501011202, 0.6504626432148749, 0.43947299801928924, -0.3637870270479232, -0.24083970659144938, 0.7710945787707791]",0.03053199192021029,0.035551805452942356,-0.00972331849326881,0.8670535781181137,-0.3637870270479232,-0.24083970659144938,0.7710945787707791,,,,,,,0.005663799999993557,0.0,15.0,3.735346817967944e-10,0.0,
curved_standard,"Curvo, alocação padrão",0.8,1.0,S-learner,28,3837673166,1582763520,12000,2000,771,0.06425,True,True,,,False,,,0.39986747980735776,0.43082190145725086,-0.28128664279272536,0.6870752155119292,,,,,,,,,,0.08938329999999439,,,,0.0,0.0
curved_standard,"Curvo, alocação padrão",0.8,1.0,DML-linear,29,135979654,671446479,12000,2000,747,0.06225,True,True,,,False,"{""theta"": [-0.4268446932523395, -0.017214843867719404], ""se"": [0.07896079315392204, 0.07896079315392206], ""moment_norm"": 1.5418438074153901e-18, ""jac_condition"": 4.145564352829193, ""cov"": [[0.006234806855496462, -0.004129963507474986], [-0.004129963507474986, 0.0062348068554964635]], ""jac_singular_values"": [0.03618566096457713, 0.008728765949533932]}",,0.3934024287739901,0.4180731985125563,-0.4180731985125563,0.9789847119776173,-0.4268446932523395,-0.017214843867719404,,0.07896079315392204,0.07896079315392206,,1.5418438074153901e-18,4.145564352829193,0.008728765949533932,0.5034631999999988,,,,,
curved_standard,"Curvo, alocação padrão",0.8,1.0,DML-quadratic,29,135979654,671446479,12000,2000,747,0.06225,True,True,,,False,"{""theta"": [-0.4605908459390134, -0.15707401540256768, 0.7614706120250994], ""se"": [0.07981504788430785, 0.08255936376748159, 0.12192284683264056], ""moment_norm"": 7.069493577648352e-17, ""jac_condition"": 6.665477460824345, ""cov"": [[0.0063704418687743555, -0.00432155965443494, 0.0006141191867937578], [-0.00432155965443494, 0.006816048545691352, -0.002379409644008043], [0.0006141191867937578, -0.002379409644008043, 0.01486518057977553]], ""jac_singular_values"": [0.02396957344818605, 0.005634104164948303, 0.0035960774886817553]}",,0.07665679877091063,0.093467684847729,-0.0017469821006597642,0.9789847119776173,-0.4605908459390134,-0.15707401540256768,0.7614706120250994,0.07981504788430785,0.08255936376748159,0.12192284683264056,7.069493577648352e-17,6.665477460824345,0.0035960774886817553,0.7169567999999913,,,,,
curved_standard,"Curvo, alocação padrão",0.8,1.0,Log-mean-linear,29,135979654,671446479,12000,2000,747,0.06225,True,True,,,False,,"[-3.0064463559278356, 0.7526598801658253, 0.5075463627333959, -0.5170423395608417, -0.044257160869088825]",0.39963901171821836,0.4005398672394589,-0.40021028147733784,0.8558618949557569,-0.5170423395608417,-0.044257160869088825,,,,,,,,0.003005999999999176,0.0,13.0,3.623723585246171e-09,0.0,
curved_standard,"Curvo, alocação padrão",0.8,1.0,Log-mean-quadratic,29,135979654,671446479,12000,2000,747,0.06225,True,True,,,False,,"[-3.2511373643517687, 0.7343585739293849, 0.5100920144236378, -0.4456925390429178, -0.1835536040367005, 0.7214121083003355]",0.07134246681971929,0.07272313568171453,-0.028806804729647226,0.8566882682574851,-0.4456925390429178,-0.1835536040367005,0.7214121083003355,,,,,,,0.005031100000010724,0.0,15.0,1.0529612637482274e-09,0.0,
curved_standard,"Curvo, alocação padrão",0.8,1.0,S-learner,29,135979654,671446479,12000,2000,747,0.06225,True,True,,,False,,,0.22801618882885266,0.26656600145906695,0.09252070067003107,0.2579817871872241,,,,,,,,,,0.11300980000000038,,,,0.0,0.0
curved_weak_overlap,"Curvo, pouco overlap",0.8,4.0,DML-linear,0,1293899219,1768251325,12000,2000,782,0.06516666666666666,True,True,,,False,"{""theta"": [-0.13112242467351465, 0.09544908559197594], ""se"": [0.11260335682294302, 0.112603356822943], ""moment_norm"": 1.0196320008588755e-18, ""jac_condition"": 2.1128450791643334, ""cov"": [[0.012679515967795029, -0.0048619822302956184], [-0.0048619822302956184, 0.012679515967795024]], ""jac_singular_values"": [0.009622521827204633, 0.004554295969021309]}",,0.4362232584255424,0.4632027388001182,-0.4458584998606171,-0.9789780742452324,-0.13112242467351465,0.09544908559197594,,0.11260335682294302,0.112603356822943,,1.0196320008588755e-18,2.1128450791643334,0.004554295969021309,0.48702020000000346,,,,,
curved_weak_overlap,"Curvo, pouco overlap",0.8,4.0,DML-quadratic,0,1293899219,1768251325,12000,2000,782,0.06516666666666666,True,True,,,False,"{""theta"": [-0.13516506395800243, -0.3455756038529301, 0.6801118881285932], ""se"": [0.11759626482625571, 0.1671150432480376, 0.18573526165913165], ""moment_norm"": 3.575502702328635e-18, ""jac_condition"": 9.5771217528052, ""cov"": [[0.013828881501086864, -0.005910538250994003, 0.0016842071851365468], [-0.005910538250994003, 0.027927437679793485, -0.022143919181633137], [0.0016842071851365468, -0.022143919181633137, 0.0344975874235861]], ""jac_singular_values"": [0.009741064514323685, 0.004122132430374463, 0.0010171181661620273]}",,0.1776014892861343,0.214210155980489,-0.08231581618133432,0.9789780742452324,-0.13516506395800243,-0.3455756038529301,0.6801118881285932,0.11759626482625571,0.1671150432480376,0.18573526165913165,3.575502702328635e-18,9.5771217528052,0.0010171181661620273,0.7113284999999934,,,,,
curved_weak_overlap,"Curvo, pouco overlap",0.8,4.0,Log-mean-linear,0,1293899219,1768251325,12000,2000,782,0.06516666666666666,True,True,,,False,,"[-2.9423848167585067, 0.5383981065929411, 0.387111510300517, -0.2379342515147806, 0.17259250532478196]",0.44479965546975153,0.4476492927840802,-0.4330410302187851,-0.8559121555869607,-0.2379342515147806,0.17259250532478196,,,,,,,,0.004078699999993773,0.0,16.0,9.893931949359521e-11,0.0,
curved_weak_overlap,"Curvo, pouco overlap",0.8,4.0,Log-mean-quadratic,0,1293899219,1768251325,12000,2000,782,0.06516666666666666,True,True,,,False,,"[-3.027837650004274, 0.521782062305351, 0.38457204617669283, -0.21808064329550478, -0.31351219434054217, 0.7027296598408256]",0.12198653545586244,0.14733664286715348,-0.0667081856823724,0.8663609428508248,-0.21808064329550478,-0.31351219434054217,0.7027296598408256,,,,,,,0.005819799999997599,0.0,19.0,4.5813255774782014e-09,0.0,
curved_weak_overlap,"Curvo, pouco overlap",0.8,4.0,S-learner,0,1293899219,1768251325,12000,2000,782,0.06516666666666666,True,True,,,False,,,0.30354214074376296,0.3072625349693393,-0.15936880570814194,0.3811880811280212,,,,,,,,,,0.08664839999998719,,,,0.0,0.0
curved_weak_overlap,"Curvo, pouco overlap",0.8,4.0,DML-linear,1,2683514679,3749163115,12000,2000,739,0.06158333333333333,True,True,,,False,"{""theta"": [-0.35452929601481903, 0.2937751232270311], ""se"": [0.132299506296097, 0.132299506296097], ""moment_norm"": 2.4077929907183753e-19, ""jac_condition"": 3.4700572607673714, ""cov"": [[0.017503159366191005, -0.010281879269983852], [-0.010281879269983852, 0.017503159366191005]], ""jac_singular_values"": [0.010262236658695734, 0.0029573681030342232]}",,0.4865525098790529,0.45201728672460795,-0.413969432405233,-0.9782930656747966,-0.35452929601481903,0.2937751232270311,,0.132299506296097,0.132299506296097,,2.4077929907183753e-19,3.4700572607673714,0.0029573681030342232,0.49938059999999496,,,,,
curved_weak_overlap,"Curvo, pouco overlap",0.8,4.0,DML-quadratic,1,2683514679,3749163115,12000,2000,739,0.06158333333333333,True,True,,,False,"{""theta"": [-0.33418218893722235, -0.26473342903961933, 0.8066011462917421], ""se"": [0.13573461206787618, 0.18901972872211656, 0.19677682513973713], ""moment_norm"": 2.879747666971238e-16, ""jac_condition"": 12.067317168318874, ""cov"": [[0.018423884913216837, -0.011275057163980442, 0.002243713396485165], [-0.011275057163980442, 0.03572845784618253, -0.026206966953958077], [0.002243713396485165, -0.026206966953958077, 0.038721118912074685]], ""jac_singular_values"": [0.00990039075033388, 0.002866384601435868, 0.0008204301430251648]}",,0.041907522433339346,0.06037943452875219,0.011077334764088424,0.9782930656747966,-0.33418218893722235,-0.26473342903961933,0.8066011462917421,0.13573461206787618,0.18901972872211656,0.19677682513973713,2.879747666971238e-16,12.067317168318874,0.0008204301430251648,0.7116657999999916,,,,,
curved_weak_overlap,"Curvo, pouco overlap",0.8,4.0,Log-mean-linear,1,2683514679,3749163115,12000,2000,739,0.06158333333333333,True,True,,,False,,"[-3.1244625631786294, 0.6848647394179328, 0.3091730952647245, -0.3822060318907734, 0.33953127533577504]",0.5055848660434809,0.45323820741000825,-0.40404494217898,-0.856884582939506,-0.3822060318907734,0.33953127533577504,,,,,,,,0.0034904999999980646,0.0,16.0,2.7371080440208305e-09,0.0,
curved_weak_overlap,"Curvo, pouco overlap",0.8,4.0,Log-mean-quadratic,1,2683514679,3749163115,12000,2000,739,0.06158333333333333,True,True,,,False,,"[-3.2095372875512895, 0.6473794553912752, 0.30146564469376286, -0.3309133037117503, -0.29094514468680965, 0.8667846597734989]",0.06614131674711148,0.09386703192045409,0.05595825694789993,0.8754780022209419,-0.3309133037117503,-0.29094514468680965,0.8667846597734989,,,,,,,0.0045422999999971125,0.0,21.0,1.9918213057442772e-10,0.0,
curved_weak_overlap,"Curvo, pouco overlap",0.8,4.0,S-learner,1,2683514679,3749163115,12000,2000,739,0.06158333333333333,True,True,,,False,,,0.4557911365081143,0.46672531874713136,-0.19332977851680685,-0.7791008783969753,,,,,,,,,,0.08592710000002057,,,,0.0,0.0
curved_weak_overlap,"Curvo, pouco overlap",0.8,4.0,DML-linear,2,1589066909,1639520425,12000,2000,743,0.06191666666666667,True,True,,,False,"{""theta"": [-0.38373360911495646, 0.31492691842208204], ""se"": [0.1351633391055803, 0.13516333910558032], ""moment_norm"": 2.6354879638145178e-19, ""jac_condition"": 3.118612149137979, ""cov"": [[0.01826912823817009, -0.011360445585646448], [-0.011360445585646448, 0.018269128238170094]], ""jac_singular_values"": [0.010477290609234502, 0.003359600395365146]}",,0.4959993061990318,0.44639233994023847,-0.4020755093874103,-0.9787133587439653,-0.38373360911495646,0.31492691842208204,,0.1351633391055803,0.13516333910558032,,2.6354879638145178e-19,3.118612149137979,0.003359600395365146,0.499814200000003,,,,,
curved_weak_overlap,"Curvo, pouco overlap",0.8,4.0,DML-quadratic,2,1589066909,1639520425,12000,2000,743,0.06191666666666667,True,True,,,False,"{""theta"": [-0.41390636564868905, -0.27216304541024555, 0.967771900579695], ""se"": [0.13688209396234846, 0.1819580559678974, 0.18592744467697053], ""moment_norm"": 3.125077848638857e-15, ""jac_condition"": 10.655284905260748, ""cov"": [[0.018736707647517194, -0.011412219925115576, 0.002193350766980886], [-0.011412219925115576, 0.03310873413161649, -0.02232050507878271], [0.002193350766980886, -0.02232050507878271, 0.03456901468410794]], ""jac_singular_values"": [0.008988578958408964, 0.002543431429768235, 0.00084357941043614]}",,0.09888765953742355,0.15071440312118695,0.14422492104265522,0.9787133587439653,-0.41390636564868905,-0.27216304541024555,0.967771900579695,0.13688209396234846,0.1819580559678974,0.18592744467697053,3.125077848638857e-15,10.655284905260748,0.00084357941043614,0.7125422999999955,,,,,
curved_weak_overlap,"Curvo, pouco overlap",0.8,4.0,Log-mean-linear,2,1589066909,1639520425,12000,2000,743,0.06191666666666667,True,True,,,False,,"[-3.27498737659342, 0.8590860865150179, 0.3820439203105377, -0.5811144762636379, 0.5247223042499556]",0.6107343478641474,0.5640270841848877,-0.32154511262366847,-0.8543575760898491,-0.5811144762636379,0.5247223042499556,,,,,,,,0.003587000000010221,0.0,17.0,2.5973444662132374e-09,0.0,
curved_weak_overlap,"Curvo, pouco overlap",0.8,4.0,Log-mean-quadratic,2,1589066909,1639520425,12000,2000,743,0.06191666666666667,True,True,,,False,,"[-3.3716424769150426, 0.788472442000294, 0.3812025469423414, -0.48512329439934626, -0.22867558802596508, 1.0276974984170697]",0.1373363155292021,0.21266421044721764,0.204570218650961,0.860715767904287,-0.48512329439934626,-0.22867558802596508,1.0276974984170697,,,,,,,0.0051521000000036565,0.0,23.0,1.4545811012096668e-09,0.0,
curved_weak_overlap,"Curvo, pouco overlap",0.8,4.0,S-learner,2,1589066909,1639520425,12000,2000,743,0.06191666666666667,True,True,,,False,,,0.341804817353542,0.4602891471966616,0.22683377026959767,-0.235476520113151,,,,,,,,,,0.086814099999998,,,,0.0,0.0
curved_weak_overlap,"Curvo, pouco overlap",0.8,4.0,DML-linear,3,3440496339,911348915,12000,2000,747,0.06225,True,True,,,False,"{""theta"": [-0.3300294844641001, 0.45592577120264344], ""se"": [0.14233586130531026, 0.14233586130531026], ""moment_norm"": 2.367925611049388e-18, ""jac_condition"": 2.3426198374970038, ""cov"": [[0.020259497413524518, -0.010738199736624689], [-0.010738199736624689, 0.020259497413524515]], ""jac_singular_values"": [0.007831344505753034, 0.003342985652388445]}",,0.5583359577180497,0.47457227828513693,-0.3911712047283353,-0.9828113727018709,-0.3300294844641001,0.45592577120264344,,0.14233586130531026,0.14233586130531026,,2.367925611049388e-18,2.3426198374970038,0.003342985652388445,0.48778209999997557,,,,,
curved_weak_overlap,"Curvo, pouco overlap",0.8,4.0,DML-quadratic,3,3440496339,911348915,12000,2000,747,0.06225,True,True,,,False,"{""theta"": [-0.4143657028126943, 0.0935789880426764, 0.6001251503950826], ""se"": [0.13638615137110743, 0.20167854584702366, 0.20056542168058672], ""moment_norm"": 1.2486160319647972e-15, ""jac_condition"": 9.738521431324688, ""cov"": [[0.01860118228582263, -0.008710848972676892, 0.0002591168920690897], [-0.008710848972676892, 0.04067423585497003, -0.029193392750042072], [0.0002591168920690897, -0.029193392750042072, 0.040226488373911566]], ""jac_singular_values"": [0.008773308793979383, 0.0026926771937522496, 0.0009008871475868373]}",,0.2109698482357904,0.2638291261076989,-0.1200736971365234,-0.9828113727018709,-0.4143657028126943,0.0935789880426764,0.6001251503950826,0.13638615137110743,0.20167854584702366,0.20056542168058672,1.2486160319647972e-15,9.738521431324688,0.0009008871475868373,0.6991653999999983,,,,,
curved_weak_overlap,"Curvo, pouco overlap",0.8,4.0,Log-mean-linear,3,3440496339,911348915,12000,2000,747,0.06225,True,True,,,False,,"[-3.2976034408874204, 0.7475289220225371, 0.33330958890317286, -0.43187624418482706, 0.5768911888007447]",0.6183047997308505,0.5576409229408614,-0.34851534839550824,-0.8642249761191876,-0.43187624418482706,0.5768911888007447,,,,,,,,0.003663299999999481,0.0,18.0,1.644746945250163e-09,0.0,
curved_weak_overlap,"Curvo, pouco overlap",0.8,4.0,Log-mean-quadratic,3,3440496339,911348915,12000,2000,747,0.06225,True,True,,,False,,"[-3.31905249113091, 0.7223247197527307, 0.33131096435011603, -0.3970701504181018, 0.12944803488675252, 0.5590263206199536]",0.23806677094586862,0.29195338475985433,-0.14565430882269373,-0.8836432758602627,-0.3970701504181018,0.12944803488675252,0.5590263206199536,,,,,,,0.0043402000000014596,0.0,19.0,3.0964833855441514e-09,0.0,
curved_weak_overlap,"Curvo, pouco overlap",0.8,4.0,S-learner,3,3440496339,911348915,12000,2000,747,0.06225,True,True,,,False,,,0.3526676243153446,0.4259852216003497,-0.1553405121461988,0.352389100574761,,,,,,,,,,0.08722490000002381,,,,0.0,0.0
curved_weak_overlap,"Curvo, pouco overlap",0.8,4.0,DML-linear,4,2367014378,3370905717,12000,2000,751,0.06258333333333334,True,True,,,False,"{""theta"": [-0.6287050803824995, 0.739392271465324], ""se"": [0.1642437568887378, 0.1642437568887378], ""moment_norm"": 7.283493491079206e-19, ""jac_condition"": 4.867045784231686, ""cov"": [[0.026976011676926804, -0.016493840349766233], [-0.016493840349766233, 0.026976011676926804]], ""jac_singular_values"": [0.007329549187120518, 0.0015059544356181898]}",,0.7293183283585326,0.6989162726374215,-0.2390313515709237,-0.9783569332130427,-0.6287050803824995,0.739392271465324,,0.1642437568887378,0.1642437568887378,,7.283493491079206e-19,4.867045784231686,0.0015059544356181898,0.5200842000000137,,,,,
curved_weak_overlap,"Curvo, pouco overlap",0.8,4.0,DML-quadratic,4,2367014378,3370905717,12000,2000,751,0.06258333333333334,True,True,,,False,"{""theta"": [-0.6222789147010148, 0.6461076147881942, 0.11971700211908796], ""se"": [0.1636587532837424, 0.2511031161722231, 0.22782611779771636], ""moment_norm"": 6.396528457507605e-17, ""jac_condition"": 13.13828332486656, ""cov"": [[0.026784187526388864, -0.018085134634081936, 0.002338932651647598], [-0.018085134634081936, 0.06305277495140096, -0.04352756598397291], [0.002338932651647598, -0.04352756598397291, 0.051904739950778926]], ""jac_singular_values"": [0.009483803184853208, 0.0020974143920106194, 0.0007218449283174925]}",,0.651361606324917,0.656515893120087,-0.21030645364040967,-0.9783569332130427,-0.6222789147010148,0.6461076147881942,0.11971700211908796,0.1636587532837424,0.2511031161722231,0.22782611779771636,6.396528457507605e-17,13.13828332486656,0.0007218449283174925,0.7336619999999812,,,,,
curved_weak_overlap,"Curvo, pouco overlap",0.8,4.0,Log-mean-linear,4,2367014378,3370905717,12000,2000,751,0.06258333333333334,True,True,,,False,,"[-3.3296094067553783, 0.7653099344689731, 0.4339367951043069, -0.5433339043361003, 0.6319704551477058]",0.6605762274584736,0.607280521613685,-0.29841326298130594,-0.8626330609952808,-0.5433339043361003,0.6319704551477058,,,,,,,,0.0047092000000077405,0.0,18.0,1.5886499691748304e-09,0.0,
curved_weak_overlap,"Curvo, pouco overlap",0.8,4.0,Log-mean-quadratic,4,2367014378,3370905717,12000,2000,751,0.06258333333333334,True,True,,,False,,"[-3.3267292609927206, 0.7482885780294769, 0.43406098757214323, -0.5205453360575566, 0.39548521920987184, 0.2743962915078436]",0.4657471791035865,0.48113520895544193,-0.22650092404799313,-0.8550348786849452,-0.5205453360575566,0.39548521920987184,0.2743962915078436,,,,,,,0.005154699999991408,0.0,22.0,1.2262040230843115e-09,0.0,
curved_weak_overlap,"Curvo, pouco overlap",0.8,4.0,S-learner,4,2367014378,3370905717,12000,2000,751,0.06258333333333334,True,True,,,False,,,0.5232780850935048,0.6653815618317008,-0.053181446766998805,-0.7130239983544898,,,,,,,,,,0.0988777999999968,,,,0.0,0.0
curved_weak_overlap,"Curvo, pouco overlap",0.8,4.0,DML-linear,5,1311544766,2403488088,12000,2000,771,0.06425,True,True,,,False,"{""theta"": [-0.13389539145401372, 0.11580993879122245], ""se"": [0.11176591315500477, 0.1117659131550048], ""moment_norm"": 7.832837852378004e-19, ""jac_condition"": 2.289804856305896, ""cov"": [[0.012491619343372068, -0.005524646388586813], [-0.005524646388586813, 0.012491619343372075]], ""jac_singular_values"": [0.010653491318301778, 0.004652576086981001]}",,0.4431921588421278,0.4660930465756901,-0.4464458173274472,-0.9795726509883174,-0.13389539145401372,0.11580993879122245,,0.11176591315500477,0.1117659131550048,,7.832837852378004e-19,2.289804856305896,0.004652576086981001,0.5246695000000159,,,,,
curved_weak_overlap,"Curvo, pouco overlap",0.8,4.0,DML-quadratic,5,1311544766,2403488088,12000,2000,771,0.06425,True,True,,,False,"{""theta"": [-0.15446148399089749, -0.35490384062692293, 0.7768677884608348], ""se"": [0.11851545844344923, 0.15508053275338948, 0.1734963016892361], ""moment_norm"": 1.0552196286516893e-15, ""jac_condition"": 9.221033763947139, ""cov"": [[0.01404591389006094, -0.006202373909821346, 0.0003738728213486141], [-0.006202373909821346, 0.024049971639075105, -0.017624383317793944], [0.0003738728213486141, -0.017624383317793944, 0.030100966699842427]], ""jac_singular_values"": [0.009862566010710314, 0.0038267569128960423, 0.0010695727033634202]}",,0.16012078908734562,0.18193435853951428,-0.018853148869701613,0.9795726509883174,-0.15446148399089749,-0.35490384062692293,0.7768677884608348,0.11851545844344923,0.15508053275338948,0.1734963016892361,1.0552196286516893e-15,9.221033763947139,0.0010695727033634202,0.7167857000000026,,,,,
curved_weak_overlap,"Curvo, pouco overlap",0.8,4.0,Log-mean-linear,5,1311544766,2403488088,12000,2000,771,0.06425,True,True,,,False,,"[-2.964513997095666, 0.564420873037794, 0.4200870828757303, -0.18382672893575544, 0.1426304762292046]",0.44281306478159593,0.45916315383955075,-0.44174039349898286,-0.8542326885054756,-0.18382672893575544,0.1426304762292046,,,,,,,,0.00571640000001139,0.0,17.0,2.3806948579174758e-11,0.0,
curved_weak_overlap,"Curvo, pouco overlap",0.8,4.0,Log-mean-quadratic,5,1311544766,2403488088,12000,2000,771,0.06425,True,True,,,False,,"[-3.0993548992027775, 0.5706339009964683, 0.41219703227981425, -0.1953087752660525, -0.4255590611430875, 0.8769389962981108]",0.17870748930866806,0.2246362612095664,0.07017221557316713,0.8627467778506932,-0.1953087752660525,-0.4255590611430875,0.8769389962981108,,,,,,,0.004117400000012594,0.0,19.0,1.6775940965700157e-08,0.0,
curved_weak_overlap,"Curvo, pouco overlap",0.8,4.0,S-learner,5,1311544766,2403488088,12000,2000,771,0.06425,True,True,,,False,,,0.3377394979713687,0.3707405266736558,0.04238622858714149,-0.3391009422278551,,,,,,,,,,0.09544839999998089,,,,0.0,0.0
curved_weak_overlap,"Curvo, pouco overlap",0.8,4.0,DML-linear,6,1821364729,1760580302,12000,2000,783,0.06525,True,True,,,False,"{""theta"": [-0.317230492081476, 0.13191300504439177], ""se"": [0.11421005734675874, 0.11421005734675875], ""moment_norm"": 8.07210681323254e-19, ""jac_condition"": 2.860775171325142, ""cov"": [[0.01304393719914992, -0.006756069916237096], [-0.006756069916237096, 0.013043937199149922]], ""jac_singular_values"": [0.011762009751042392, 0.004111476451885627]}",,0.42857090477533805,0.4337079261753356,-0.42963689388988735,-0.9797095115303418,-0.317230492081476,0.13191300504439177,,0.11421005734675874,0.11421005734675875,,8.07210681323254e-19,2.860775171325142,0.004111476451885627,0.540263600000003,,,,,
curved_weak_overlap,"Curvo, pouco overlap",0.8,4.0,DML-quadratic,6,1821364729,1760580302,12000,2000,783,0.06525,True,True,,,False,"{""theta"": [-0.35330910786592296, -0.3586494477016415, 0.7610354405187789], ""se"": [0.11847031564248484, 0.16056282040105113, 0.1805851253913002], ""moment_norm"": 1.414045522820299e-17, ""jac_condition"": 11.319197885810889, ""cov"": [[0.014035215688429989, -0.006700593772306489, 6.991493079079044e-05], [-0.006700593772306489, 0.0257804192951402, -0.019868850731228765], [6.991493079079044e-05, -0.019868850731228765, 0.032610987512591616]], ""jac_singular_values"": [0.011869659525769792, 0.0034434893852881413, 0.0010486307992414313]}",,0.10197258172545326,0.1429833775447451,0.0034453816688119793,0.9797095115303418,-0.35330910786592296,-0.3586494477016415,0.7610354405187789,0.11847031564248484,0.16056282040105113,0.1805851253913002,1.414045522820299e-17,11.319197885810889,0.0010486307992414313,0.7277057000000013,,,,,
curved_weak_overlap,"Curvo, pouco overlap",0.8,4.0,Log-mean-linear,6,1821364729,1760580302,12000,2000,783,0.06525,True,True,,,False,,"[-2.9362915328884633, 0.6741081119153384, 0.3327010120367428, -0.4271959485274655, 0.17336719432847916]",0.44456663166012816,0.4265157425012811,-0.4101784811440483,-0.8549465577840131,-0.4271959485274655,0.17336719432847916,,,,,,,,0.003843399999993835,0.0,16.0,3.6174783263111705e-10,0.0,
curved_weak_overlap,"Curvo, pouco overlap",0.8,4.0,Log-mean-quadratic,6,1821364729,1760580302,12000,2000,783,0.06525,True,True,,,False,,"[-3.0479408857066055, 0.6469651476357857, 0.3274023066939373, -0.38695427342298366, -0.3284345145115476, 0.7626183165315181]",0.08608437502723838,0.11663175273578122,0.005786440990400586,0.858916784779013,-0.38695427342298366,-0.3284345145115476,0.7626183165315181,,,,,,,0.004185900000010179,0.0,17.0,5.51971277537681e-08,0.0,
curved_weak_overlap,"Curvo, pouco overlap",0.8,4.0,S-learner,6,1821364729,1760580302,12000,2000,783,0.06525,True,True,,,False,,,0.25768539143373076,0.30469198224050775,-0.14719089087181075,0.2421082574211841,,,,,,,,,,0.09388190000001373,,,,0.0,0.0
curved_weak_overlap,"Curvo, pouco overlap",0.8,4.0,DML-linear,7,3960867496,611900750,12000,2000,800,0.06666666666666667,True,True,,,False,"{""theta"": [-0.3424293959033845, 0.31443607398833345], ""se"": [0.12446827669849438, 0.12446827669849436], ""moment_norm"": 9.314911395297474e-19, ""jac_condition"": 2.865486000449147, ""cov"": [[0.01549235190429296, -0.007961554602976987], [-0.007961554602976987, 0.015492351904292954]], ""jac_singular_values"": [0.010105689022570186, 0.0035266928615202385]}",,0.49513034882463547,0.4528292343184796,-0.4102361470316464,-0.9779337584368049,-0.3424293959033845,0.31443607398833345,,0.12446827669849438,0.12446827669849436,,9.314911395297474e-19,2.865486000449147,0.0035266928615202385,0.49539280000001895,,,,,
curved_weak_overlap,"Curvo, pouco overlap",0.8,4.0,DML-quadratic,7,3960867496,611900750,12000,2000,800,0.06666666666666667,True,True,,,False,"{""theta"": [-0.3407842278546664, -0.12675665385229357, 0.6569554932374561], ""se"": [0.12478761341828593, 0.18524749437176236, 0.19187100599619833], ""moment_norm"": 6.180063086614744e-18, ""jac_condition"": 11.155572621996734, ""cov"": [[0.015571948462631574, -0.009906584657976008, 0.003956123990071329], [-0.009906584657976008, 0.034316634171016124, -0.026206004613097134], [0.003956123990071329, -0.026206004613097134, 0.036814482941993174]], ""jac_singular_values"": [0.010309024112165959, 0.003478485772596784, 0.0009241142935001348]}",,0.08144875638782978,0.10208289431406567,-0.09894153992874385,0.9779337584368049,-0.3407842278546664,-0.12675665385229357,0.6569554932374561,0.12478761341828593,0.18524749437176236,0.19187100599619833,6.180063086614744e-18,11.155572621996734,0.0009241142935001348,0.7024215999999797,,,,,
curved_weak_overlap,"Curvo, pouco overlap",0.8,4.0,Log-mean-linear,7,3960867496,611900750,12000,2000,800,0.06666666666666667,True,True,,,False,,"[-3.077085627664296, 0.7019236016270208, 0.33102381566485917, -0.44800187734003516, 0.39518996236895887]",0.5335411814901705,0.4663106888493063,-0.38069962909390687,-0.8588466265793007,-0.44800187734003516,0.39518996236895887,,,,,,,,0.00621760000001359,0.0,17.0,4.5848157306562406e-11,0.0,
curved_weak_overlap,"Curvo, pouco overlap",0.8,4.0,Log-mean-quadratic,7,3960867496,611900750,12000,2000,800,0.06666666666666667,True,True,,,False,,"[-3.1311738560980427, 0.660860275974605, 0.32249375330066576, -0.39210500199088805, -0.10796528983592378, 0.6748198037497097]",0.08658982086089374,0.1016286990942943,-0.07841330834664427,0.8763371635920022,-0.39210500199088805,-0.10796528983592378,0.6748198037497097,,,,,,,0.004975599999994529,0.0,22.0,3.707275589732532e-10,0.0,
curved_weak_overlap,"Curvo, pouco overlap",0.8,4.0,S-learner,7,3960867496,611900750,12000,2000,800,0.06666666666666667,True,True,,,False,,,0.2851936058402853,0.29269738482481555,-0.20355870864862816,-0.6356676809107203,,,,,,,,,,0.08723349999999641,,,,0.0,0.0
curved_weak_overlap,"Curvo, pouco overlap",0.8,4.0,DML-linear,8,1217202669,304858138,12000,2000,745,0.06208333333333333,True,True,,,False,"{""theta"": [-0.48663192906579433, 0.5184161392684233], ""se"": [0.13996872224592824, 0.13996872224592824], ""moment_norm"": 9.42176567473904e-17, ""jac_condition"": 3.6596522660111352, ""cov"": [[0.019591243207157806, -0.01202109933660604], [-0.01202109933660604, 0.019591243207157806]], ""jac_singular_values"": [0.009805440047022494, 0.0026793365419141325]}",,0.5952137342249535,0.5334723540474134,-0.3461122382433066,-0.9786619686320811,-0.48663192906579433,0.5184161392684233,,0.13996872224592824,0.13996872224592824,,9.42176567473904e-17,3.6596522660111352,0.0026793365419141325,0.5093824999999867,,,,,
curved_weak_overlap,"Curvo, pouco overlap",0.8,4.0,DML-quadratic,8,1217202669,304858138,12000,2000,745,0.06208333333333333,True,True,,,False,"{""theta"": [-0.43695548712811055, -0.1287511621028315, 1.0133491231232268], ""se"": [0.14244305389776593, 0.19827852315094502, 0.1980557734021752], ""moment_norm"": 2.9470642621890962e-18, ""jac_condition"": 10.201384759931068, ""cov"": [[0.020290023603721848, -0.01511329334008329, 0.006528781729543914], [-0.01511329334008329, 0.03931437274291984, -0.027408975342968055], [0.006528781729543914, -0.027408975342968055, 0.039226089377933766]], ""jac_singular_values"": [0.007596332011131, 0.0025319493164952817, 0.000744637339919559]}",,0.12259337095674162,0.17240418793195625,0.16460995388048338,0.9786619686320811,-0.43695548712811055,-0.1287511621028315,1.0133491231232268,0.14244305389776593,0.19827852315094502,0.1980557734021752,2.9470642621890962e-18,10.201384759931068,0.000744637339919559,0.7450116000000264,,,,,
curved_weak_overlap,"Curvo, pouco overlap",0.8,4.0,Log-mean-linear,8,1217202669,304858138,12000,2000,745,0.06208333333333333,True,True,,,False,,"[-3.3572045293484556, 0.8410613787981035, 0.40517416277059043, -0.6626760434254548, 0.66432543912041]",0.6929796190024345,0.6629521797610952,-0.2600910528843835,-0.8615077123902188,-0.6626760434254548,0.66432543912041,,,,,,,,0.005031500000001188,0.0,17.0,2.4705748476091156e-08,0.0,
curved_weak_overlap,"Curvo, pouco overlap",0.8,4.0,Log-mean-quadratic,8,1217202669,304858138,12000,2000,745,0.06208333333333333,True,True,,,False,,"[-3.4285634383166133, 0.7180311782871117, 0.3957730426110033, -0.5022535886296896, -0.14096099800311912, 1.045466870591491]",0.15452717017378578,0.22909279373033362,0.21263932877705494,0.8592367850648328,-0.5022535886296896,-0.14096099800311912,1.045466870591491,,,,,,,0.006761699999998427,0.0,22.0,1.7151555598698965e-10,0.0,
curved_weak_overlap,"Curvo, pouco overlap",0.8,4.0,S-learner,8,1217202669,304858138,12000,2000,745,0.06208333333333333,True,True,,,False,,,0.1718299839716575,0.2010414520385372,0.01029283809232184,0.06592780301712896,,,,,,,,,,0.10344409999999016,,,,0.0,0.0
curved_weak_overlap,"Curvo, pouco overlap",0.8,4.0,DML-linear,9,244805499,2222214254,12000,2000,728,0.06066666666666667,True,True,,,False,"{""theta"": [-0.6221186320024801, 0.39130002231647165], ""se"": [0.1660965327701021, 0.1660965327701021], ""moment_norm"": 3.5881519033487145e-17, ""jac_condition"": 3.823295607495128, ""cov"": [[0.027588058198249606, -0.02060903018605398], [-0.02060903018605398, 0.027588058198249603]], ""jac_singular_values"": [0.010728759783882153, 0.002806154921123458]}",,0.555757527625389,0.5064442946052217,-0.3409762172624322,-0.9789604787792312,-0.6221186320024801,0.39130002231647165,,0.1660965327701021,0.1660965327701021,,3.5881519033487145e-17,3.823295607495128,0.002806154921123458,0.48057709999997655,,,,,
curved_weak_overlap,"Curvo, pouco overlap",0.8,4.0,DML-quadratic,9,244805499,2222214254,12000,2000,728,0.06066666666666667,True,True,,,False,"{""theta"": [-0.8063301809003484, -0.17391024875672664, 1.0007985349820936], ""se"": [0.15809187079932258, 0.20837441728467251, 0.20909305046688456], ""moment_norm"": 1.7217123294786818e-14, ""jac_condition"": 13.309911197608855, ""cov"": [[0.024993039612829705, -0.015144378283175431, -0.002180277088874587], [-0.015144378283175431, 0.04341989777872683, -0.028116669538780566], [-0.002180277088874587, -0.028116669538780566, 0.04371990375354714]], ""jac_singular_values"": [0.010795333293991696, 0.00162300266616322, 0.0008110747798175463]}",,0.30389197310913574,0.5349108165297869,0.32923427860321347,0.9789604787792312,-0.8063301809003484,-0.17391024875672664,1.0007985349820936,0.15809187079932258,0.20837441728467251,0.20909305046688456,1.7217123294786818e-14,13.309911197608855,0.0008110747798175463,0.6889541999999835,,,,,
curved_weak_overlap,"Curvo, pouco overlap",0.8,4.0,Log-mean-linear,9,244805499,2222214254,12000,2000,728,0.06066666666666667,True,True,,,False,,"[-3.3812251050543707, 1.0866126120140258, 0.418016236656293, -0.8755532224814769, 0.6103264038536121]",0.7160577657559777,0.7049286137319937,-0.20280797839356782,-0.8720136154451005,-0.8755532224814769,0.6103264038536121,,,,,,,,0.003435100000018565,0.0,16.0,3.2902432924863945e-09,0.0,
curved_weak_overlap,"Curvo, pouco overlap",0.8,4.0,Log-mean-quadratic,9,244805499,2222214254,12000,2000,728,0.06066666666666667,True,True,,,False,,"[-3.4323474998238677, 0.9747584867562961, 0.40892512875891956, -0.7256807077505765, -0.055296097526640046, 0.8591452836567465]",0.25619284925764185,0.38155643917105053,0.16179423371792326,0.8690216955905352,-0.7256807077505765,-0.055296097526640046,0.8591452836567465,,,,,,,0.0051012000000127955,0.0,25.0,2.808263376193517e-10,0.0,
curved_weak_overlap,"Curvo, pouco overlap",0.8,4.0,S-learner,9,244805499,2222214254,12000,2000,728,0.06066666666666667,True,True,,,False,,,0.4383454290967625,0.5640104753386234,0.3537354740666673,0.7697707701555456,,,,,,,,,,0.08127860000001874,,,,0.0,0.0
curved_weak_overlap,"Curvo, pouco overlap",0.8,4.0,DML-linear,10,3264646734,2245030300,12000,2000,784,0.06533333333333333,True,True,,,False,"{""theta"": [-0.32759326819421475, 0.11797906114066163], ""se"": [0.11992235147323584, 0.11992235147323585], ""moment_norm"": 6.966138220322976e-19, ""jac_condition"": 3.19848006456332, ""cov"": [[0.014381370382870308, -0.0077225610600588045], [-0.0077225610600588045, 0.014381370382870311]], ""jac_singular_values"": [0.011337321010068782, 0.0035445964274336147]}",,0.4242711352833561,0.43253230596595255,-0.4306335665755498,-0.9804142333658354,-0.32759326819421475,0.11797906114066163,,0.11992235147323584,0.11992235147323585,,6.966138220322976e-19,3.19848006456332,0.0035445964274336147,0.48444920000000025,,,,,
curved_weak_overlap,"Curvo, pouco overlap",0.8,4.0,DML-quadratic,10,3264646734,2245030300,12000,2000,784,0.06533333333333333,True,True,,,False,"{""theta"": [-0.34529938796155857, -0.4850017584897835, 0.8591848753798167], ""se"": [0.12472664226283332, 0.18754354321521308, 0.2042498026973376], ""moment_norm"": 1.3398179562922888e-18, ""jac_condition"": 13.213900606171196, ""cov"": [[0.0155567352901608, -0.00880338386739583, 0.0019194769146461657], [-0.00880338386739583, 0.0351725806017165, -0.028605569842325727], [0.0019194769146461657, -0.028605569842325727, 0.041717981901901346]], ""jac_singular_values"": [0.011493467073326134, 0.003350706999436534, 0.0008698012355230234]}",,0.18232728703934048,0.2860799270896598,0.10557407137043352,0.9804142333658354,-0.34529938796155857,-0.4850017584897835,0.8591848753798167,0.12472664226283332,0.18754354321521308,0.2042498026973376,1.3398179562922888e-18,13.213900606171196,0.0008698012355230234,0.6908537000000194,,,,,
curved_weak_overlap,"Curvo, pouco overlap",0.8,4.0,Log-mean-linear,10,3264646734,2245030300,12000,2000,784,0.06533333333333333,True,True,,,False,,"[-2.9170895002017994, 0.7286883455985854, 0.4323001497872833, -0.3806100668514966, 0.08909408251311855]",0.41587088972623404,0.4242223003751087,-0.4242223003751087,-0.8564449096843294,-0.3806100668514966,0.08909408251311855,,,,,,,,0.003209599999991042,0.0,15.0,1.7729362189698264e-10,0.0,
curved_weak_overlap,"Curvo, pouco overlap",0.8,4.0,Log-mean-quadratic,10,3264646734,2245030300,12000,2000,784,0.06533333333333333,True,True,,,False,,"[-3.005917130081136, 0.7092987038452976, 0.4314919247108653, -0.3541702342067049, -0.3476864920817793, 0.6549330957958803]",0.11540847144974936,0.1155966819399739,-0.06545548946474627,0.8630599823604012,-0.3541702342067049,-0.3476864920817793,0.6549330957958803,,,,,,,0.0042400000000100135,0.0,21.0,4.499083665325069e-09,0.0,
curved_weak_overlap,"Curvo, pouco overlap",0.8,4.0,S-learner,10,3264646734,2245030300,12000,2000,784,0.06533333333333333,True,True,,,False,,,0.3834506444840325,0.4451450498752541,-0.2906557277251869,0.6315337441734178,,,,,,,,,,0.08078509999998573,,,,0.0,0.0
curved_weak_overlap,"Curvo, pouco overlap",0.8,4.0,DML-linear,11,1468057683,2033258370,12000,2000,746,0.06216666666666667,True,True,,,False,"{""theta"": [-0.14938703074410264, 0.20294551763869495], ""se"": [0.11647389006645245, 0.11647389006645245], ""moment_norm"": 4.58752575799698e-19, ""jac_condition"": 2.4042985592522728, ""cov"": [[0.013566167067212052, -0.006302920043958646], [-0.006302920043958646, 0.013566167067212052]], ""jac_singular_values"": [0.010268336205053762, 0.004270824089437201]}",,0.4677829381961931,0.4667325953350373,-0.4399751608082421,-0.9793452185748116,-0.14938703074410264,0.20294551763869495,,0.11647389006645245,0.11647389006645245,,4.58752575799698e-19,2.4042985592522728,0.004270824089437201,0.47529049999999984,,,,,
curved_weak_overlap,"Curvo, pouco overlap",0.8,4.0,DML-quadratic,11,1468057683,2033258370,12000,2000,746,0.06216666666666667,True,True,,,False,"{""theta"": [-0.17216333442132156, -0.39890549957279037, 1.0082570804101425], ""se"": [0.12427665089661075, 0.1644251448821818, 0.19545569212446762], ""moment_norm"": 2.23821416720297e-18, ""jac_condition"": 10.040354689067641, ""cov"": [[0.01544468595807806, -0.004426344030596429, -0.0029162853710832477], [-0.004426344030596429, 0.02703562826952647, -0.02165586911749917], [-0.0029162853710832477, -0.02165586911749917, 0.03820292758385467]], ""jac_singular_values"": [0.008759965219838182, 0.0031055992959993415, 0.0008724756735313743]}",,0.19637744416297054,0.2626547598276054,0.154018336886911,0.9793452185748116,-0.17216333442132156,-0.39890549957279037,1.0082570804101425,0.12427665089661075,0.1644251448821818,0.19545569212446762,2.23821416720297e-18,10.040354689067641,0.0008724756735313743,0.6829352000000029,,,,,
curved_weak_overlap,"Curvo, pouco overlap",0.8,4.0,Log-mean-linear,11,1468057683,2033258370,12000,2000,746,0.06216666666666667,True,True,,,False,,"[-3.009853964400215, 0.5316819910617132, 0.2980479510083811, -0.1507017737261203, 0.1929043448597514]",0.4641773673114174,0.4663360553153028,-0.44070954837833926,-0.8649012723608702,-0.1507017737261203,0.1929043448597514,,,,,,,,0.0035469999999975244,0.0,15.0,3.5600855005762005e-10,0.0,
curved_weak_overlap,"Curvo, pouco overlap",0.8,4.0,Log-mean-quadratic,11,1468057683,2033258370,12000,2000,746,0.06216666666666667,True,True,,,False,,"[-3.145925379038453, 0.550606078912378, 0.29330366593726154, -0.1780455740798158, -0.42608883674395487, 0.9351815935154967]",0.19226431597187532,0.24855647291435728,0.10928164656235247,0.8871767331072902,-0.1780455740798158,-0.42608883674395487,0.9351815935154967,,,,,,,0.004283799999996063,0.0,19.0,9.66202451679656e-10,0.0,
curved_weak_overlap,"Curvo, pouco overlap",0.8,4.0,S-learner,11,1468057683,2033258370,12000,2000,746,0.06216666666666667,True,True,,,False,,,0.2394273051935482,0.3023123906255085,-0.015572815734062018,0.11853995819584698,,,,,,,,,,0.07986540000001696,,,,0.0,0.0
curved_weak_overlap,"Curvo, pouco overlap",0.8,4.0,DML-linear,12,2311573007,3126174398,12000,2000,785,0.06541666666666666,True,True,,,False,"{""theta"": [-0.23822871155738548, 0.21024029734102545], ""se"": [0.1182952103442398, 0.11829521034423982], ""moment_norm"": 1.0147865526614935e-17, ""jac_condition"": 2.702096162023185, ""cov"": [[0.01399375679038794, -0.0071026798969454135], [-0.0071026798969454135, 0.013993756790387944]], ""jac_singular_values"": [0.010779880479374405, 0.003989451090187333]}",,0.45981870244248924,0.45252837987527145,-0.43341466187899613,-0.9787698658478606,-0.23822871155738548,0.21024029734102545,,0.1182952103442398,0.11829521034423982,,1.0147865526614935e-17,2.702096162023185,0.003989451090187333,0.4810517999999888,,,,,
curved_weak_overlap,"Curvo, pouco overlap",0.8,4.0,DML-quadratic,12,2311573007,3126174398,12000,2000,785,0.06541666666666666,True,True,,,False,"{""theta"": [-0.2485669050150191, -0.37788869564994265, 0.9313585991517562], ""se"": [0.12426842941374817, 0.17340905391783296, 0.1952704313917972], ""moment_norm"": 1.3107225016574244e-15, ""jac_condition"": 11.411979546141065, ""cov"": [[0.015442642548959714, -0.007381434885126039, 0.0004239340795636634], [-0.007381434885126039, 0.030070699980677896, -0.023845975536030146], [0.0004239340795636634, -0.023845975536030146, 0.03813054137593858]], ""jac_singular_values"": [0.009700017197786378, 0.0032448687127293514, 0.0008499855050184012]}",,0.14347707214834818,0.19373651102415085,0.10386534345220787,0.9787698658478606,-0.2485669050150191,-0.37788869564994265,0.9313585991517562,0.12426842941374817,0.17340905391783296,0.1952704313917972,1.3107225016574244e-15,11.411979546141065,0.0008499855050184012,0.6868206999999984,,,,,
curved_weak_overlap,"Curvo, pouco overlap",0.8,4.0,Log-mean-linear,12,2311573007,3126174398,12000,2000,785,0.06541666666666666,True,True,,,False,,"[-3.045089273047161, 0.6385323704190982, 0.3774001874697246, -0.2999751160074495, 0.2843372061847239]",0.48375662766017824,0.4535386357399983,-0.4190331710451021,-0.8538365378550664,-0.2999751160074495,0.2843372061847239,,,,,,,,0.0038026999999942745,0.0,16.0,2.267844595911968e-11,0.0,
curved_weak_overlap,"Curvo, pouco overlap",0.8,4.0,Log-mean-quadratic,12,2311573007,3126174398,12000,2000,785,0.06541666666666666,True,True,,,False,,"[-3.148684504382965, 0.6085384002344016, 0.37487807797773426, -0.261350453082515, -0.34131554501126765, 0.8904448526512119]",0.11380529606074795,0.14835509147766546,0.06832804351904209,0.8602212966314051,-0.261350453082515,-0.34131554501126765,0.8904448526512119,,,,,,,0.004689899999988256,0.0,21.0,3.0373471628444836e-11,0.0,
curved_weak_overlap,"Curvo, pouco overlap",0.8,4.0,S-learner,12,2311573007,3126174398,12000,2000,785,0.06541666666666666,True,True,,,False,,,0.321561664393908,0.4151924866316528,0.1455045308473059,0.18416438831502716,,,,,,,,,,0.08315609999999651,,,,0.0,0.0
curved_weak_overlap,"Curvo, pouco overlap",0.8,4.0,DML-linear,13,2177991776,3708638406,12000,2000,798,0.0665,True,True,,,False,"{""theta"": [-0.3485718328223033, 0.38739825075081724], ""se"": [0.12722967115115075, 0.12722967115115075], ""moment_norm"": 1.0521517540253289e-15, ""jac_condition"": 2.4897141737471666, ""cov"": [[0.01618738922122996, -0.008928503485989695], [-0.008928503485989695, 0.016187389221229958]], ""jac_singular_values"": [0.010214876936781575, 0.004102831178169976]}",,0.5265695311397287,0.45759102835854093,-0.39778869410516027,-0.9793153725925102,-0.3485718328223033,0.38739825075081724,,0.12722967115115075,0.12722967115115075,,1.0521517540253289e-15,2.4897141737471666,0.004102831178169976,0.4840998999999897,,,,,
curved_weak_overlap,"Curvo, pouco overlap",0.8,4.0,DML-quadratic,13,2177991776,3708638406,12000,2000,798,0.0665,True,True,,,False,"{""theta"": [-0.4713202506578551, -0.10819919576335345, 0.8672834103496964], ""se"": [0.12736843169479029, 0.17387636122158398, 0.18931866203827125], ""moment_norm"": 4.926433119708331e-19, ""jac_condition"": 10.396591376616891, ""cov"": [[0.016222717392390458, -0.006899449491178105, -0.001613264048495519], [-0.006899449491178105, 0.030232988991658757, -0.02225843295169695], [-0.001613264048495519, -0.02225843295169695, 0.03584155579596117]], ""jac_singular_values"": [0.010197726437391546, 0.0027359840024629802, 0.0009808721020167614]}",,0.10147385399767621,0.13249955484927456,0.06840714443746339,0.9793153725925102,-0.4713202506578551,-0.10819919576335345,0.8672834103496964,0.12736843169479029,0.17387636122158398,0.18931866203827125,4.926433119708331e-19,10.396591376616891,0.0009808721020167614,0.745197300000001,,,,,
curved_weak_overlap,"Curvo, pouco overlap",0.8,4.0,Log-mean-linear,13,2177991776,3708638406,12000,2000,798,0.0665,True,True,,,False,,"[-3.1269825246592378, 0.7715020777363388, 0.4511569143706621, -0.4586430327620896, 0.4159599998413099]",0.5441224373692253,0.4780269900251785,-0.37393805720362705,-0.8487920723522835,-0.4586430327620896,0.4159599998413099,,,,,,,,0.0034932999999739422,0.0,17.0,6.339786439342927e-10,0.0,
curved_weak_overlap,"Curvo, pouco overlap",0.8,4.0,Log-mean-quadratic,13,2177991776,3708638406,12000,2000,798,0.0665,True,True,,,False,,"[-3.1934453589382956, 0.7297069409431677, 0.4505673715432348, -0.4041585207509672, -0.1745525528912631, 0.7935423849284745]",0.03805228780751352,0.04877062404055999,0.005699471322344224,0.8685505746608728,-0.4041585207509672,-0.1745525528912631,0.7935423849284745,,,,,,,0.004666399999990745,0.0,21.0,6.982323260129597e-10,0.0,
curved_weak_overlap,"Curvo, pouco overlap",0.8,4.0,S-learner,13,2177991776,3708638406,12000,2000,798,0.0665,True,True,,,False,,,0.29518262611378243,0.3653104920929607,0.011158805666752371,0.6538433510191465,,,,,,,,,,0.08821449999999231,,,,0.0,0.0
curved_weak_overlap,"Curvo, pouco overlap",0.8,4.0,DML-linear,14,3388747770,1308410489,12000,2000,720,0.06,True,True,,,False,"{""theta"": [-0.37655654572441427, 0.5177239064208026], ""se"": [0.1506378036823914, 0.1506378036823914], ""moment_norm"": 1.0132073848625946e-18, ""jac_condition"": 2.8400246175217223, ""cov"": [[0.022691747898254695, -0.01262124074652855], [-0.01262124074652855, 0.022691747898254698]], ""jac_singular_values"": [0.007641028893935728, 0.0026904798102079424]}",,0.5876416208303046,0.5149553776843132,-0.3713888776351347,-0.980993915308601,-0.37655654572441427,0.5177239064208026,,0.1506378036823914,0.1506378036823914,,1.0132073848625946e-18,2.8400246175217223,0.0026904798102079424,0.5040098999999998,,,,,
curved_weak_overlap,"Curvo, pouco overlap",0.8,4.0,DML-quadratic,14,3388747770,1308410489,12000,2000,720,0.06,True,True,,,False,"{""theta"": [-0.42591509926962334, 0.0058258646334661554, 0.7605696311410354], ""se"": [0.14608850388925732, 0.23576560070119315, 0.22935088465778053], ""moment_norm"": 6.684777392612854e-18, ""jac_condition"": 12.256390946469175, ""cov"": [[0.02134185096860155, -0.012442696320719296, 0.002672446099481723], [-0.012442696320719296, 0.055585418473994445, -0.042070939940594215], [0.002672446099481723, -0.042070939940594215, 0.05260182829330654]], ""jac_singular_values"": [0.008169721814887516, 0.002415959131536483, 0.0006665683112238724]}",,0.13915554540849992,0.18958550651149242,-0.020742320461665385,-0.980993915308601,-0.42591509926962334,0.0058258646334661554,0.7605696311410354,0.14608850388925732,0.23576560070119315,0.22935088465778053,6.684777392612854e-18,12.256390946469175,0.0006665683112238724,0.7210903000000144,,,,,
curved_weak_overlap,"Curvo, pouco overlap",0.8,4.0,Log-mean-linear,14,3388747770,1308410489,12000,2000,720,0.06,True,True,,,False,,"[-3.3690453943349787, 0.7671557126382693, 0.3332097787029882, -0.5233686077248323, 0.6424086707320286]",0.6580611955759936,0.6097559982823141,-0.31149317045526664,-0.8734802210656025,-0.5233686077248323,0.6424086707320286,,,,,,,,0.003436700000008841,0.0,16.0,2.081349224982108e-09,0.0,
curved_weak_overlap,"Curvo, pouco overlap",0.8,4.0,Log-mean-quadratic,14,3388747770,1308410489,12000,2000,720,0.06,True,True,,,False,,"[-3.3788706079460114, 0.7097674225173171, 0.3277560673105114, -0.4485784874047951, 0.03846488334672545, 0.7241150465505621]",0.1659754038761842,0.21882284999320603,-0.03760006526632711,-0.8603681596871788,-0.4485784874047951,0.03846488334672545,0.7241150465505621,,,,,,,0.005135200000012219,0.0,25.0,3.917420537696374e-09,0.0,
curved_weak_overlap,"Curvo, pouco overlap",0.8,4.0,S-learner,14,3388747770,1308410489,12000,2000,720,0.06,True,True,,,False,,,0.3255474812190863,0.3586759892623356,-0.11355228450883421,0.34041452336698924,,,,,,,,,,0.08890890000000695,,,,0.0,0.0
curved_weak_overlap,"Curvo, pouco overlap",0.8,4.0,DML-linear,15,2664013071,2798429214,12000,2000,748,0.06233333333333333,True,True,,,False,"{""theta"": [-0.26647011740472576, 0.20649376187814678], ""se"": [0.12182603217376832, 0.12182603217376833], ""moment_norm"": 1.001046031074297e-18, ""jac_condition"": 3.406465104896953, ""cov"": [[0.014841582115204035, -0.007931921226925914], [-0.007931921226925914, 0.014841582115204038]], ""jac_singular_values"": [0.01101627976773632, 0.003233932956453862]}",,0.45632363339606263,0.4477433932911643,-0.43129097321483134,-0.9785466800403061,-0.26647011740472576,0.20649376187814678,,0.12182603217376832,0.12182603217376833,,1.001046031074297e-18,3.406465104896953,0.003233932956453862,0.5097782999999936,,,,,
curved_weak_overlap,"Curvo, pouco overlap",0.8,4.0,DML-quadratic,15,2664013071,2798429214,12000,2000,748,0.06233333333333333,True,True,,,False,"{""theta"": [-0.2006942635874286, -0.3036256998634693, 0.7892708882173514], ""se"": [0.1272795715568328, 0.1732115558092687, 0.18619328356377235], ""moment_norm"": 1.827918727546757e-18, ""jac_condition"": 9.78240188050317, ""cov"": [[0.01620008933569092, -0.01044628711999435, 0.0046373935475325055], [-0.01044628711999435, 0.030002243065867403, -0.022298800965928647], [0.0046373935475325055, -0.022298800965928647, 0.03466793884425934]], ""jac_singular_values"": [0.00931264223427424, 0.0034164286961768926, 0.000951979109837515]}",,0.11489173870750573,0.13601542862944938,-0.016545201619632025,0.9785466800403061,-0.2006942635874286,-0.3036256998634693,0.7892708882173514,0.1272795715568328,0.1732115558092687,0.18619328356377235,1.827918727546757e-18,9.78240188050317,0.000951979109837515,0.7063001000000213,,,,,
curved_weak_overlap,"Curvo, pouco overlap",0.8,4.0,Log-mean-linear,15,2664013071,2798429214,12000,2000,748,0.06233333333333333,True,True,,,False,,"[-2.9722325734943005, 0.5793219352677145, 0.342820773894545, -0.2867482082605457, 0.1541350684453323]",0.4371301105742378,0.4419503143283548,-0.43286515434712647,-0.8552567021805368,-0.2867482082605457,0.1541350684453323,,,,,,,,0.00337509999999952,0.0,16.0,9.001662688856715e-10,0.0,
curved_weak_overlap,"Curvo, pouco overlap",0.8,4.0,Log-mean-quadratic,15,2664013071,2798429214,12000,2000,748,0.06233333333333333,True,True,,,False,,"[-3.0823486754980913, 0.5397849701070047, 0.3363456613744428, -0.2355782955215429, -0.35905681939472217, 0.7732402916601305]",0.12437322789123516,0.13938204142951371,-0.010358770746855405,0.8567360100407919,-0.2355782955215429,-0.35905681939472217,0.7732402916601305,,,,,,,0.004449900000025764,0.0,21.0,6.003163994507584e-09,0.0,
curved_weak_overlap,"Curvo, pouco overlap",0.8,4.0,S-learner,15,2664013071,2798429214,12000,2000,748,0.06233333333333333,True,True,,,False,,,0.3903250194314491,0.4603423145233011,0.13826298835672526,-0.5316546422824263,,,,,,,,,,0.0867866000000106,,,,0.0,0.0
curved_weak_overlap,"Curvo, pouco overlap",0.8,4.0,DML-linear,16,816554227,2992940222,12000,2000,785,0.06541666666666666,True,True,,,False,"{""theta"": [-0.2363846562808569, 0.2460555391101589], ""se"": [0.11500450710912981, 0.11500450710912981], ""moment_norm"": 1.5634412074277319e-18, ""jac_condition"": 1.8405334917378289, ""cov"": [[0.01322603665541389, -0.0048441284210108005], [-0.0048441284210108005, 0.01322603665541389]], ""jac_singular_values"": [0.009164223873544729, 0.004979112803262212]}",,0.473472035214932,0.45532240731544144,-0.4307889170227979,-0.9810998146551568,-0.2363846562808569,0.2460555391101589,,0.11500450710912981,0.11500450710912981,,1.5634412074277319e-18,1.8405334917378289,0.004979112803262212,0.4924014999999997,,,,,
curved_weak_overlap,"Curvo, pouco overlap",0.8,4.0,DML-quadratic,16,816554227,2992940222,12000,2000,785,0.06541666666666666,True,True,,,False,"{""theta"": [-0.34060302850235663, -0.24536986732764005, 0.8624076105432866], ""se"": [0.11869729775533742, 0.15973173093854515, 0.18582456515746426], ""moment_norm"": 6.281126640635192e-19, ""jac_condition"": 8.735127699886737, ""cov"": [[0.01408904849441923, -0.003969565218731443, -0.0011100168202131597], [-0.003969565218731443, 0.025514225868623782, -0.019911353826619804], [-0.0011100168202131597, -0.019911353826619804, 0.03453076901596068]], ""jac_singular_values"": [0.008838827364551688, 0.0033113539812163625, 0.0010118715682503755]}",,0.041289414528565056,0.05263343805952447,0.04625560463610154,0.9810998146551568,-0.34060302850235663,-0.24536986732764005,0.8624076105432866,0.11869729775533742,0.15973173093854515,0.18582456515746426,6.281126640635192e-19,8.735127699886737,0.0010118715682503755,0.7180567999999994,,,,,
curved_weak_overlap,"Curvo, pouco overlap",0.8,4.0,Log-mean-linear,16,816554227,2992940222,12000,2000,785,0.06541666666666666,True,True,,,False,,"[-3.0487147250406665, 0.5673643007336537, 0.40989906288974765, -0.3054695486371041, 0.34216496998777024]",0.5076530147992965,0.4594158276995587,-0.4115141968280491,-0.8733106564881925,-0.3054695486371041,0.34216496998777024,,,,,,,,0.0037881000000083986,0.0,18.0,1.8739569392263918e-09,0.0,
curved_weak_overlap,"Curvo, pouco overlap",0.8,4.0,Log-mean-quadratic,16,816554227,2992940222,12000,2000,785,0.06541666666666666,True,True,,,False,,"[-3.13965582857902, 0.5401822869964721, 0.40698260982721646, -0.26968529056854684, -0.30567982408876027, 0.8960002297558942]",0.09500379910960777,0.12237794703282949,0.06596438285524935,0.8617162867652759,-0.26968529056854684,-0.30567982408876027,0.8960002297558942,,,,,,,0.004473799999999528,0.0,20.0,4.855452633290014e-10,0.0,
curved_weak_overlap,"Curvo, pouco overlap",0.8,4.0,S-learner,16,816554227,2992940222,12000,2000,785,0.06541666666666666,True,True,,,False,,,0.3751494205731846,0.46971690915594355,0.3305359054747958,-0.30608162608004935,,,,,,,,,,0.08914359999999988,,,,0.0,0.0
curved_weak_overlap,"Curvo, pouco overlap",0.8,4.0,DML-linear,17,658283103,544183002,12000,2000,749,0.06241666666666667,True,True,,,False,"{""theta"": [-0.3793325938256079, 0.4531003551232647], ""se"": [0.14532278285995442, 0.14532278285995442], ""moment_norm"": 5.033934276028844e-19, ""jac_condition"": 4.496775625912292, ""cov"": [[0.021118711218161463, -0.01388180499613667], [-0.01388180499613667, 0.021118711218161466]], ""jac_singular_values"": [0.010393628236570166, 0.002311351310631946]}",,0.5573490682883248,0.47257026780177913,-0.3788863422745475,-0.9791447863607178,-0.3793325938256079,0.4531003551232647,,0.14532278285995442,0.14532278285995442,,5.033934276028844e-19,4.496775625912292,0.002311351310631946,0.5878376000000003,,,,,
curved_weak_overlap,"Curvo, pouco overlap",0.8,4.0,DML-quadratic,17,658283103,544183002,12000,2000,749,0.06241666666666667,True,True,,,False,"{""theta"": [-0.2820968273153736, -0.19527462432686007, 0.9192901969571745], ""se"": [0.14774968106203057, 0.2001579888173987, 0.19409074293325265], ""moment_norm"": 4.9126853066736725e-18, ""jac_condition"": 11.696234936509228, ""cov"": [[0.021829968253931752, -0.015308889874504574, 0.0043905296975056945], [-0.015308889874504574, 0.04006322048742591, -0.02665288834208698], [0.0043905296975056945, -0.02665288834208698, 0.03767121649238196]], ""jac_singular_values"": [0.008587348872742361, 0.002605453337907453, 0.0007341977071559472]}",,0.07030517863394371,0.07099331371340095,0.06566699885611595,0.9791447863607178,-0.2820968273153736,-0.19527462432686007,0.9192901969571745,0.14774968106203057,0.2001579888173987,0.19409074293325265,4.9126853066736725e-18,11.696234936509228,0.0007341977071559472,0.8042841999999837,,,,,
curved_weak_overlap,"Curvo, pouco overlap",0.8,4.0,Log-mean-linear,17,658283103,544183002,12000,2000,749,0.06241666666666667,True,True,,,False,,"[-3.231883226381189, 0.7325432934304891, 0.34680835611415795, -0.4243388977822959, 0.501681656428792]",0.582704103195617,0.5072718697894134,-0.3607159102378588,-0.8546306895322034,-0.4243388977822959,0.501681656428792,,,,,,,,0.0036153000000069824,0.0,15.0,5.415510030507923e-10,0.0,
curved_weak_overlap,"Curvo, pouco overlap",0.8,4.0,Log-mean-quadratic,17,658283103,544183002,12000,2000,749,0.06241666666666667,True,True,,,False,,"[-3.307062191611025, 0.6629366383999118, 0.33801934289593044, -0.3321670195736911, -0.1663148941687675, 0.8946009897442896]",0.05015459436794715,0.057368931836558154,0.055489300831022006,0.8683011873508178,-0.3321670195736911,-0.1663148941687675,0.8946009897442896,,,,,,,0.004900099999986196,0.0,23.0,1.3615349982639321e-10,0.0,
curved_weak_overlap,"Curvo, pouco overlap",0.8,4.0,S-learner,17,658283103,544183002,12000,2000,749,0.06241666666666667,True,True,,,False,,,0.4126682961383948,0.42994985679392267,-0.4056429253027949,-0.2972857824581274,,,,,,,,,,0.08786979999999289,,,,0.0,0.0
curved_weak_overlap,"Curvo, pouco overlap",0.8,4.0,DML-linear,18,2344407662,4154570341,12000,2000,754,0.06283333333333334,True,True,,,False,"{""theta"": [-0.4057174931529023, 0.2138636892405561], ""se"": [0.12951431534263824, 0.12951431534263824], ""moment_norm"": 1.8199697711635674e-18, ""jac_condition"": 3.453696222210363, ""cov"": [[0.01677395787867234, -0.010277866881491243], [-0.010277866881491243, 0.016773957878672342]], ""jac_singular_values"": [0.011239180604779634, 0.0032542470100588544]}",,0.4576497905121497,0.43192068570296194,-0.40946450314217064,-0.9758728167236926,-0.4057174931529023,0.2138636892405561,,0.12951431534263824,0.12951431534263824,,1.8199697711635674e-18,3.453696222210363,0.0032542470100588544,0.516213399999998,,,,,
curved_weak_overlap,"Curvo, pouco overlap",0.8,4.0,DML-quadratic,18,2344407662,4154570341,12000,2000,754,0.06283333333333334,True,True,,,False,"{""theta"": [-0.4011213053364346, -0.415710372421938, 0.8847677175978402], ""se"": [0.132459403406963, 0.18200303469148302, 0.18647837480001345], ""moment_norm"": 5.067955404060686e-17, ""jac_condition"": 13.137858432345991, ""cov"": [[0.01754549355092856, -0.010054032255634726, 0.001302949937483981], [-0.010054032255634726, 0.033125104636909174, -0.023728705414494733], [0.001302949937483981, -0.023728705414494733, 0.03477418426805429]], ""jac_singular_values"": [0.011034187493886577, 0.0029725686659323545, 0.0008398771801894224]}",,0.1449772951842502,0.22422872251750833,0.11421035326667639,0.9758728167236926,-0.4011213053364346,-0.415710372421938,0.8847677175978402,0.132459403406963,0.18200303469148302,0.18647837480001345,5.067955404060686e-17,13.137858432345991,0.0008398771801894224,0.7122968999999841,,,,,
curved_weak_overlap,"Curvo, pouco overlap",0.8,4.0,Log-mean-linear,18,2344407662,4154570341,12000,2000,754,0.06283333333333334,True,True,,,False,,"[-3.1027784667762295, 0.7953915285284089, 0.5368013401432163, -0.527072935766102, 0.29168505755769586]",0.5001095759013571,0.4343118278256374,-0.3769084226505564,-0.8589287416032385,-0.527072935766102,0.29168505755769586,,,,,,,,0.0033589999999890097,0.0,16.0,6.720899304642897e-10,0.0,
curved_weak_overlap,"Curvo, pouco overlap",0.8,4.0,Log-mean-quadratic,18,2344407662,4154570341,12000,2000,754,0.06283333333333334,True,True,,,False,,"[-3.2001998006252994, 0.7363050072331013, 0.5353025868206415, -0.4464369477510039, -0.25384542871005367, 0.7892222377941562]",0.06935053720329772,0.0898647856776933,0.024889907629547826,0.8573539032314605,-0.4464369477510039,-0.25384542871005367,0.7892222377941562,,,,,,,0.00431080000001316,0.0,20.0,4.040065990668085e-09,0.0,
curved_weak_overlap,"Curvo, pouco overlap",0.8,4.0,S-learner,18,2344407662,4154570341,12000,2000,754,0.06283333333333334,True,True,,,False,,,0.49419271314400987,0.47629206245907996,-0.45335579824267047,0.562851610891379,,,,,,,,,,0.08523480000002337,,,,0.0,0.0
curved_weak_overlap,"Curvo, pouco overlap",0.8,4.0,DML-linear,19,2102206096,1162079002,12000,2000,759,0.06325,True,True,,,False,"{""theta"": [-0.24497591341694455, 0.26405742420583683], ""se"": [0.12328113185243096, 0.12328113185243095], ""moment_norm"": 2.3855676702554256e-18, ""jac_condition"": 2.440769913449992, ""cov"": [[0.015198237470816467, -0.007561327279142699], [-0.007561327279142699, 0.015198237470816466]], ""jac_singular_values"": [0.009440342312014056, 0.00386777232052581]}",,0.4802036401391116,0.45822593711315,-0.4292063014936744,-0.9758796161198297,-0.24497591341694455,0.26405742420583683,,0.12328113185243096,0.12328113185243095,,2.3855676702554256e-18,2.440769913449992,0.00386777232052581,0.49151599999999007,,,,,
curved_weak_overlap,"Curvo, pouco overlap",0.8,4.0,DML-quadratic,19,2102206096,1162079002,12000,2000,759,0.06325,True,True,,,False,"{""theta"": [-0.27081909858708825, -0.27251988025993196, 0.8678469777863694], ""se"": [0.1292966556733136, 0.17527136440032354, 0.19215150665161856], ""moment_norm"": 7.864345575552745e-17, ""jac_condition"": 10.354482657177837, ""cov"": [[0.01671762516830342, -0.006660166058217809, -0.001138710780866805], [-0.006660166058217809, 0.030720051178751, -0.0229870125312073], [-0.001138710780866805, -0.0229870125312073, 0.03692220150848702]], ""jac_singular_values"": [0.00883753029537514, 0.0029941311138897532, 0.0008534980054506993]}",,0.07430533801724716,0.0894049546518642,0.040473667464425586,0.9758796161198297,-0.27081909858708825,-0.27251988025993196,0.8678469777863694,0.1292966556733136,0.17527136440032354,0.19215150665161856,7.864345575552745e-17,10.354482657177837,0.0008534980054506993,0.7022885000000088,,,,,
curved_weak_overlap,"Curvo, pouco overlap",0.8,4.0,Log-mean-linear,19,2102206096,1162079002,12000,2000,759,0.06325,True,True,,,False,,"[-3.128354019552289, 0.5976342957935556, 0.47304698882248436, -0.3271744988420308, 0.38079749715275624]",0.5240370276840257,0.4618654237563877,-0.4043956654856133,-0.8566691154021028,-0.3271744988420308,0.38079749715275624,,,,,,,,0.00365450000001033,0.0,18.0,5.031220583143434e-10,0.0,
curved_weak_overlap,"Curvo, pouco overlap",0.8,4.0,Log-mean-quadratic,19,2102206096,1162079002,12000,2000,759,0.06325,True,True,,,False,,"[-3.215949594774467, 0.5694319760498388, 0.46940032153430844, -0.29047440299892024, -0.30819311268641747, 0.9383174111646944]",0.10079500808269644,0.13409270311637173,0.100525073844242,0.8572484697981809,-0.29047440299892024,-0.30819311268641747,0.9383174111646944,,,,,,,0.004573899999996911,0.0,19.0,3.8045204091314314e-08,0.0,
curved_weak_overlap,"Curvo, pouco overlap",0.8,4.0,S-learner,19,2102206096,1162079002,12000,2000,759,0.06325,True,True,,,False,,,0.37825505520548275,0.45158645833597083,-0.09649596050013255,0.6688497921723767,,,,,,,,,,0.08811550000001489,,,,0.0,0.0
curved_weak_overlap,"Curvo, pouco overlap",0.8,4.0,DML-linear,20,3331645260,54487892,12000,2000,730,0.060833333333333336,True,True,,,False,"{""theta"": [-0.34330636574692797, 0.11295082429103112], ""se"": [0.11937390652661438, 0.11937390652661438], ""moment_norm"": 5.25687366462331e-19, ""jac_condition"": 2.842474600953248, ""cov"": [[0.014250129559424868, -0.008069624438305546], [-0.008069624438305546, 0.014250129559424868]], ""jac_singular_values"": [0.011703683048421447, 0.00411742748536663]}",,0.4224022878866401,0.42651230352112135,-0.42651230352112135,-0.979182502215608,-0.34330636574692797,0.11295082429103112,,0.11937390652661438,0.11937390652661438,,5.25687366462331e-19,2.842474600953248,0.00411742748536663,0.49946389999999496,,,,,
curved_weak_overlap,"Curvo, pouco overlap",0.8,4.0,DML-quadratic,20,3331645260,54487892,12000,2000,730,0.060833333333333336,True,True,,,False,"{""theta"": [-0.4352044380950214, -0.4598806514628015, 0.9657145006819917], ""se"": [0.12916664556083418, 0.15978728788485214, 0.18110469570927848], ""moment_norm"": 8.105529363468158e-17, ""jac_condition"": 11.2226446802468, ""cov"": [[0.016684022325438166, -0.007549567513082916, -0.0016164435288840385], [-0.007549567513082916, 0.025531977369596618, -0.017970294250910925], [-0.0016164435288840385, -0.017970294250910925, 0.032798910807950346]], ""jac_singular_values"": [0.010915700028170184, 0.0026911905907402696, 0.0009726495259520355]}",,0.18852159002211863,0.29197198255706236,0.1982784785410692,0.979182502215608,-0.4352044380950214,-0.4598806514628015,0.9657145006819917,0.12916664556083418,0.15978728788485214,0.18110469570927848,8.105529363468158e-17,11.2226446802468,0.0009726495259520355,0.7054006000000186,,,,,
curved_weak_overlap,"Curvo, pouco overlap",0.8,4.0,Log-mean-linear,20,3331645260,54487892,12000,2000,730,0.060833333333333336,True,True,,,False,,"[-3.0051808023018913, 0.7409180922787987, 0.40250369651359, -0.4731314210860068, 0.13734229178638097]",0.43762205891273365,0.421179805927443,-0.40339287090814,-0.8607347617144586,-0.4731314210860068,0.13734229178638097,,,,,,,,0.0033112000000130593,0.0,15.0,5.758668835548672e-10,0.0,
curved_weak_overlap,"Curvo, pouco overlap",0.8,4.0,Log-mean-quadratic,20,3331645260,54487892,12000,2000,730,0.060833333333333336,True,True,,,False,,"[-3.1517534691475406, 0.6849453607548065, 0.39389299819990115, -0.3959385060884819, -0.4686604891024775, 0.9395088818996572]",0.18372028128431186,0.2916668257577353,0.16954404621105673,0.8572371742409881,-0.3959385060884819,-0.4686604891024775,0.9395088818996572,,,,,,,0.004077600000016446,0.0,19.0,1.8711889436621534e-09,0.0,
curved_weak_overlap,"Curvo, pouco overlap",0.8,4.0,S-learner,20,3331645260,54487892,12000,2000,730,0.060833333333333336,True,True,,,False,,,0.26654577293904924,0.3035893585114157,-0.06157334285245622,0.5039031886930367,,,,,,,,,,0.08574350000000663,,,,0.0,0.0
curved_weak_overlap,"Curvo, pouco overlap",0.8,4.0,DML-linear,21,3421194737,2008676538,12000,2000,800,0.06666666666666667,True,True,,,False,"{""theta"": [-0.32674421270899767, 0.2557340192401613], ""se"": [0.1185077445343464, 0.11850774453434641], ""moment_norm"": 3.884942605462056e-19, ""jac_condition"": 2.241935832046597, ""cov"": [[0.014044085514617909, -0.00660007752033708], [-0.00660007752033708, 0.014044085514617912]], ""jac_singular_values"": [0.009985573377424426, 0.004453996066563997]}",,0.47151755490163005,0.44580166391813547,-0.41697421222921954,-0.9781174558167006,-0.32674421270899767,0.2557340192401613,,0.1185077445343464,0.11850774453434641,,3.884942605462056e-19,2.241935832046597,0.004453996066563997,0.49961540000001037,,,,,
curved_weak_overlap,"Curvo, pouco overlap",0.8,4.0,DML-quadratic,21,3421194737,2008676538,12000,2000,800,0.06666666666666667,True,True,,,False,"{""theta"": [-0.4066514950159848, -0.27008253625200906, 0.8676816665621173], ""se"": [0.12130599066560147, 0.16698312445511898, 0.18886513997540613], ""moment_norm"": 3.004337312243854e-16, ""jac_condition"": 9.9110188661787, ""cov"": [[0.01471514337136299, -0.00591448533718904, -2.848236208429433e-05], [-0.00591448533718904, 0.027883363852793754, -0.02159917651667364], [-2.848236208429433e-05, -0.02159917651667364, 0.03567004109792975]], ""jac_singular_values"": [0.009712719534895307, 0.003247975137788235, 0.0009799920337191478]}",,0.0644934668827797,0.09334386481197862,0.06992514527789222,0.9781174558167006,-0.4066514950159848,-0.27008253625200906,0.8676816665621173,0.12130599066560147,0.16698312445511898,0.18886513997540613,3.004337312243854e-16,9.9110188661787,0.0009799920337191478,0.7128953000000138,,,,,
curved_weak_overlap,"Curvo, pouco overlap",0.8,4.0,Log-mean-linear,21,3421194737,2008676538,12000,2000,800,0.06666666666666667,True,True,,,False,,"[-3.035947192027348, 0.6742785620467908, 0.45680239369211517, -0.4258436210074432, 0.3251755607518252]",0.5027414882950818,0.4410811933991074,-0.39243812283661944,-0.8567022895057714,-0.4258436210074432,0.3251755607518252,,,,,,,,0.003631500000011556,0.0,17.0,9.995366632153946e-10,0.0,
curved_weak_overlap,"Curvo, pouco overlap",0.8,4.0,Log-mean-quadratic,21,3421194737,2008676538,12000,2000,800,0.06666666666666667,True,True,,,False,,"[-3.1277070777837226, 0.6476317649689184, 0.4535029637955216, -0.388790315134632, -0.28681617449991564, 0.8582737494742834]",0.06544376612362762,0.0902902779396999,0.061795819073991134,0.8547343418247899,-0.388790315134632,-0.28681617449991564,0.8582737494742834,,,,,,,0.004826299999990624,0.0,22.0,3.171577701022166e-10,0.0,
curved_weak_overlap,"Curvo, pouco overlap",0.8,4.0,S-learner,21,3421194737,2008676538,12000,2000,800,0.06666666666666667,True,True,,,False,,,0.27608381612293725,0.335467083373151,0.09466702223844788,-0.30578131599333985,,,,,,,,,,0.08703749999997967,,,,0.0,0.0
curved_weak_overlap,"Curvo, pouco overlap",0.8,4.0,DML-linear,22,2127936806,3384451819,12000,2000,763,0.06358333333333334,True,True,,,False,"{""theta"": [-0.28232650487710975, 0.3517461576151445], ""se"": [0.12344013688562407, 0.1234401368856241], ""moment_norm"": 3.9906705177449706e-19, ""jac_condition"": 2.1426219968335416, ""cov"": [[0.015237467394341607, -0.006902365963162852], [-0.006902365963162852, 0.015237467394341614]], ""jac_singular_values"": [0.008981096785086472, 0.004191638468362185]}",,0.5129078921825688,0.46275451324240374,-0.41321667520264316,-0.9820753959319888,-0.28232650487710975,0.3517461576151445,,0.12344013688562407,0.1234401368856241,,3.9906705177449706e-19,2.1426219968335416,0.004191638468362185,0.49292109999998956,,,,,
curved_weak_overlap,"Curvo, pouco overlap",0.8,4.0,DML-quadratic,22,2127936806,3384451819,12000,2000,763,0.06358333333333334,True,True,,,False,"{""theta"": [-0.3574292207616814, -0.23219724005789696, 0.9157207634874003], ""se"": [0.12412470667536069, 0.18935015246752968, 0.2060233468998402], ""moment_norm"": 1.857996056350638e-18, ""jac_condition"": 11.080992301090626, ""cov"": [[0.01540694280724433, -0.006373168928647723, 0.0005059311013870279], [-0.006373168928647723, 0.03585348023947673, -0.029148251461114695], [0.0005059311013870279, -0.029148251461114695, 0.04244561946781189]], ""jac_singular_values"": [0.008887596402040576, 0.0031402992122843846, 0.0008020578085922712]}",,0.057896697417652576,0.08499791866088378,0.08499791866088378,0.9820753959319888,-0.3574292207616814,-0.23219724005789696,0.9157207634874003,0.12412470667536069,0.18935015246752968,0.2060233468998402,1.857996056350638e-18,11.080992301090626,0.0008020578085922712,0.7108757999999966,,,,,
curved_weak_overlap,"Curvo, pouco overlap",0.8,4.0,Log-mean-linear,22,2127936806,3384451819,12000,2000,763,0.06358333333333334,True,True,,,False,,"[-3.199911981031082, 0.6834536534805125, 0.44046305274458747, -0.41073861514148224, 0.4798089821212005]",0.570407350007372,0.4954342538669858,-0.3722486577104979,-0.8572977403925233,-0.41073861514148224,0.4798089821212005,,,,,,,,0.0036867999999969925,0.0,18.0,1.1621272042831403e-10,0.0,
curved_weak_overlap,"Curvo, pouco overlap",0.8,4.0,Log-mean-quadratic,22,2127936806,3384451819,12000,2000,763,0.06358333333333334,True,True,,,False,,"[-3.2804940885437186, 0.6502472934042182, 0.43666165439583715, -0.36655662334028605, -0.18497219894592212, 0.8987912094935732]",0.04819025510532983,0.06853070443407108,0.06853070443407108,0.8661216659796466,-0.36655662334028605,-0.18497219894592212,0.8987912094935732,,,,,,,0.0047658000000012635,0.0,22.0,3.1127643146504807e-10,0.0,
curved_weak_overlap,"Curvo, pouco overlap",0.8,4.0,S-learner,22,2127936806,3384451819,12000,2000,763,0.06358333333333334,True,True,,,False,,,0.36993077615292597,0.423837385175033,-0.20063021735807943,0.448175686668814,,,,,,,,,,0.08502380000001608,,,,0.0,0.0
curved_weak_overlap,"Curvo, pouco overlap",0.8,4.0,DML-linear,23,2521422285,28031347,12000,2000,768,0.064,True,True,,,False,"{""theta"": [-0.3357541677731, 0.36485711299963186], ""se"": [0.13620854274284494, 0.13620854274284494], ""moment_norm"": 3.519212460931072e-18, ""jac_condition"": 3.1898094346267603, ""cov"": [[0.01855276711612942, -0.009836964539872848], [-0.009836964539872848, 0.01855276711612942]], ""jac_singular_values"": [0.008656041145031667, 0.002713654631234894]}",,0.5166546001057761,0.457288910170111,-0.40320740925288645,-0.9809427252875932,-0.3357541677731,0.36485711299963186,,0.13620854274284494,0.13620854274284494,,3.519212460931072e-18,3.1898094346267603,0.002713654631234894,0.5027618999999959,,,,,
curved_weak_overlap,"Curvo, pouco overlap",0.8,4.0,DML-quadratic,23,2521422285,28031347,12000,2000,768,0.064,True,True,,,False,"{""theta"": [-0.3053202969465665, 0.03552679853528226, 0.4269990915517347], ""se"": [0.13768392858557518, 0.20914505506120143, 0.20128164973666374], ""moment_norm"": 1.2114744994543414e-17, ""jac_condition"": 11.886687425972461, ""cov"": [[0.018956864190757764, -0.012797049828001845, 0.004456748327374426], [-0.012797049828001845, 0.04374165405655298, -0.031933829260411065], [0.004456748327374426, -0.031933829260411065, 0.04051430252071299]], ""jac_singular_values"": [0.009968037154107892, 0.0032939812564549155, 0.0008385883128656761]}",,0.23067675579021313,0.25452792055739326,-0.23723519307765145,-0.9809427252875932,-0.3053202969465665,0.03552679853528226,0.4269990915517347,0.13768392858557518,0.20914505506120143,0.20128164973666374,1.2114744994543414e-17,11.886687425972461,0.0008385883128656761,0.7098938000000032,,,,,
curved_weak_overlap,"Curvo, pouco overlap",0.8,4.0,Log-mean-linear,23,2521422285,28031347,12000,2000,768,0.064,True,True,,,False,,"[-3.1403888264477864, 0.655659981436668, 0.35299797837385344, -0.3866297041924242, 0.42296046762861844]",0.5432698429874883,0.462841536824773,-0.38572794108954306,-0.8746556471741644,-0.3866297041924242,0.42296046762861844,,,,,,,,0.0036045999999885225,0.0,16.0,3.643731004768225e-11,0.0,
curved_weak_overlap,"Curvo, pouco overlap",0.8,4.0,Log-mean-quadratic,23,2521422285,28031347,12000,2000,768,0.064,True,True,,,False,,"[-3.168079133620653, 0.6347351683634296, 0.350894501006477, -0.35924717335331563, -0.018372554445686584, 0.5606121581575674]",0.16033583604230753,0.17438996547834013,-0.15556460224588609,0.8664856943994067,-0.35924717335331563,-0.018372554445686584,0.5606121581575674,,,,,,,0.004655399999990095,0.0,22.0,2.7882436463289028e-09,0.0,
curved_weak_overlap,"Curvo, pouco overlap",0.8,4.0,S-learner,23,2521422285,28031347,12000,2000,768,0.064,True,True,,,False,,,0.5366675598187965,0.5328752739016609,-0.5093958634068707,-0.8215401173415533,,,,,,,,,,0.08802949999997622,,,,0.0,0.0
curved_weak_overlap,"Curvo, pouco overlap",0.8,4.0,DML-linear,24,2575221076,1021257803,12000,2000,784,0.06533333333333333,True,True,,,False,"{""theta"": [-0.3557656951288018, 0.13642718921206975], ""se"": [0.12219159461504461, 0.12219159461504463], ""moment_norm"": 1.7413341506203983e-19, ""jac_condition"": 2.565067349623913, ""cov"": [[0.014930785794567398, -0.007804910275525273], [-0.007804910275525273, 0.014930785794567402]], ""jac_singular_values"": [0.010411141161753294, 0.004058817856490108]}",,0.4296422896588176,0.4267145138720239,-0.42300343782763805,-0.9781005798196368,-0.3557656951288018,0.13642718921206975,,0.12219159461504461,0.12219159461504463,,1.7413341506203983e-19,2.565067349623913,0.004058817856490108,0.497592300000008,,,,,
curved_weak_overlap,"Curvo, pouco overlap",0.8,4.0,DML-quadratic,24,2575221076,1021257803,12000,2000,784,0.06533333333333333,True,True,,,False,"{""theta"": [-0.4593689707784271, -0.37513473845432976, 0.8199797056109809], ""se"": [0.1251284048550717, 0.1731139199200969, 0.18988109597723304], ""moment_norm"": 8.22973768704975e-17, ""jac_condition"": 11.55301497366109, ""cov"": [[0.01565711770157473, -0.006107238498025115, -0.0015655261530529159], [-0.006107238498025115, 0.029968429270101717, -0.022745163261576627], [-0.0015655261530529159, -0.022745163261576627, 0.03605483060951519]], ""jac_singular_values"": [0.01113379704582323, 0.0029995742303200587, 0.0009637135476069574]}",,0.12933147253744973,0.17381644749293304,0.07411399174710188,0.9781005798196368,-0.4593689707784271,-0.37513473845432976,0.8199797056109809,0.1251284048550717,0.1731139199200969,0.18988109597723304,8.22973768704975e-17,11.55301497366109,0.0009637135476069574,0.7111175000000003,,,,,
curved_weak_overlap,"Curvo, pouco overlap",0.8,4.0,Log-mean-linear,24,2575221076,1021257803,12000,2000,784,0.06533333333333333,True,True,,,False,,"[-3.020549858785783, 0.7507545267209588, 0.4154514579268278, -0.4866581925462715, 0.2602063234581424]",0.4825024077935491,0.42569806495083684,-0.3890956099338519,-0.854768044087439,-0.4866581925462715,0.2602063234581424,,,,,,,,0.0035724999999899865,0.0,16.0,9.169423325893859e-10,0.0,
curved_weak_overlap,"Curvo, pouco overlap",0.8,4.0,Log-mean-quadratic,24,2575221076,1021257803,12000,2000,784,0.06533333333333333,True,True,,,False,,"[-3.0868750679945687, 0.71101984607003, 0.4150878186993351, -0.43315390512757446, -0.2313945832363313, 0.6822132790055145]",0.07824709448806219,0.07155171603455772,-0.05122838303622345,0.8662419811233653,-0.43315390512757446,-0.2313945832363313,0.6822132790055145,,,,,,,0.005030200000021523,0.0,23.0,3.601274185527359e-10,0.0,
curved_weak_overlap,"Curvo, pouco overlap",0.8,4.0,S-learner,24,2575221076,1021257803,12000,2000,784,0.06533333333333333,True,True,,,False,,,0.2860307345398217,0.31394959525297905,-0.170560492631498,0.8458489096070129,,,,,,,,,,0.08710229999999797,,,,0.0,0.0
curved_weak_overlap,"Curvo, pouco overlap",0.8,4.0,DML-linear,25,4178232527,1551702522,12000,2000,760,0.06333333333333334,True,True,,,False,"{""theta"": [-0.5920967333683199, 0.5072181273522992], ""se"": [0.1593263936665162, 0.1593263936665162], ""moment_norm"": 7.597375891272292e-19, ""jac_condition"": 3.6532051348133563, ""cov"": [[0.025384899718777686, -0.015883892219637638], [-0.015883892219637638, 0.025384899718777693]], ""jac_singular_values"": [0.008154939486920634, 0.002232269797610824]}",,0.6036679460515243,0.5581360511173691,-0.3236359709629097,-0.9815956836460933,-0.5920967333683199,0.5072181273522992,,0.1593263936665162,0.1593263936665162,,7.597375891272292e-19,3.6532051348133563,0.002232269797610824,0.49657450000000836,,,,,
curved_weak_overlap,"Curvo, pouco overlap",0.8,4.0,DML-quadratic,25,4178232527,1551702522,12000,2000,760,0.06333333333333334,True,True,,,False,"{""theta"": [-0.5930504356735186, 0.03832575275445031, 0.62927090493159], ""se"": [0.15145089938143497, 0.24185930625455787, 0.24185525870762456], ""moment_norm"": 2.123893550852911e-18, ""jac_condition"": 14.167337452708011, ""cov"": [[0.022937374923445535, -0.014592273563363078, 0.0026250693761792152], [-0.014592273563363078, 0.05849592402193601, -0.045639703346182406], [0.0026250693761792152, -0.045639703346182406, 0.05849396616453201]], ""jac_singular_values"": [0.009375370859696098, 0.0022904436693847296, 0.0006617595501619146]}",,0.23075495711526445,0.2566223163597622,-0.050576828125271575,-0.9815956836460933,-0.5930504356735186,0.03832575275445031,0.62927090493159,0.15145089938143497,0.24185930625455787,0.24185525870762456,2.123893550852911e-18,14.167337452708011,0.0006617595501619146,0.8628123999999957,,,,,
curved_weak_overlap,"Curvo, pouco overlap",0.8,4.0,Log-mean-linear,25,4178232527,1551702522,12000,2000,760,0.06333333333333334,True,True,,,False,,"[-3.150561284314161, 0.7269174361154973, 0.48240082709227194, -0.6035130005335596, 0.43946644626810155]",0.5745387334977855,0.526658583293925,-0.3352163351002812,-0.8562895697083416,-0.6035130005335596,0.43946644626810155,,,,,,,,0.003261499999979378,0.0,14.0,3.096742136378857e-09,0.0,
curved_weak_overlap,"Curvo, pouco overlap",0.8,4.0,Log-mean-quadratic,25,4178232527,1551702522,12000,2000,760,0.06333333333333334,True,True,,,False,,"[-3.154852818755191, 0.6908649599024486, 0.47955446752358954, -0.5553869194058006, 0.05298517983630872, 0.4632100523371878]",0.2601052611957209,0.280578296513104,-0.16070842747996741,-0.8528079288247021,-0.5553869194058006,0.05298517983630872,0.4632100523371878,,,,,,,0.00492530000002489,0.0,24.0,4.409973703989323e-10,0.0,
curved_weak_overlap,"Curvo, pouco overlap",0.8,4.0,S-learner,25,4178232527,1551702522,12000,2000,760,0.06333333333333334,True,True,,,False,,,0.4022844807117248,0.43650737585274924,-0.1077543878404059,-0.4614910021324015,,,,,,,,,,0.09370089999998754,,,,0.0,0.0
curved_weak_overlap,"Curvo, pouco overlap",0.8,4.0,DML-linear,26,3219443373,2350889511,12000,2000,766,0.06383333333333334,True,True,,,False,"{""theta"": [-0.27287584875089105, 0.3360615051493025], ""se"": [0.12788157250709845, 0.12788157250709845], ""moment_norm"": 2.8155210510023027e-19, ""jac_condition"": 2.7424063182716143, ""cov"": [[0.01635369658688828, -0.00864708306695506], [-0.00864708306695506, 0.016353696586888275]], ""jac_singular_values"": [0.009919805999307236, 0.003617190469995393]}",,0.5064145833998132,0.46118376249917503,-0.4156133791574755,-0.9825240798019267,-0.27287584875089105,0.3360615051493025,,0.12788157250709845,0.12788157250709845,,2.8155210510023027e-19,2.7424063182716143,0.003617190469995393,0.48387919999998985,,,,,
curved_weak_overlap,"Curvo, pouco overlap",0.8,4.0,DML-quadratic,26,3219443373,2350889511,12000,2000,766,0.06383333333333334,True,True,,,False,"{""theta"": [-0.33811243532384416, -0.19082318664686992, 0.8787806494086159], ""se"": [0.13137889832202762, 0.1774694863120422, 0.18826873655488688], ""moment_norm"": 6.59250025145633e-16, ""jac_condition"": 10.447710507139586, ""cov"": [[0.017260414924309672, -0.0075588744561819465, -0.0007175000420968174], [-0.0075588744561819465, 0.03149541857186014, -0.022519629217882184], [-0.0007175000420968174, -0.022519629217882184, 0.0354451171639734]], ""jac_singular_values"": [0.00926181793026189, 0.002622049174191092, 0.0008864925883936677]}",,0.03795224330606162,0.04878090704819887,0.04878090704819887,0.9825240798019267,-0.33811243532384416,-0.19082318664686992,0.8787806494086159,0.13137889832202762,0.1774694863120422,0.18826873655488688,6.59250025145633e-16,10.447710507139586,0.0008864925883936677,0.7032970999999861,,,,,
curved_weak_overlap,"Curvo, pouco overlap",0.8,4.0,Log-mean-linear,26,3219443373,2350889511,12000,2000,766,0.06383333333333334,True,True,,,False,,"[-3.2307324784243012, 0.7083481489069668, 0.4594138453384213, -0.3775511712754978, 0.5087568596079554]",0.5835791530659872,0.5074099074699407,-0.3704321010909539,-0.8632109560760568,-0.3775511712754978,0.5087568596079554,,,,,,,,0.0036539999999831707,0.0,17.0,1.8767396286108647e-10,0.0,
curved_weak_overlap,"Curvo, pouco overlap",0.8,4.0,Log-mean-quadratic,26,3219443373,2350889511,12000,2000,766,0.06383333333333334,True,True,,,False,,"[-3.306125392178954, 0.658134474448254, 0.45606538735827307, -0.31415578129879823, -0.1674889968208916, 0.9042611359364984]",0.05743148906259954,0.06191140728891446,0.058172103591792604,0.8605977323557455,-0.31415578129879823,-0.1674889968208916,0.9042611359364984,,,,,,,0.007540699999992739,0.0,20.0,2.8553571764418826e-10,0.0,
curved_weak_overlap,"Curvo, pouco overlap",0.8,4.0,S-learner,26,3219443373,2350889511,12000,2000,766,0.06383333333333334,True,True,,,False,,,0.3314758643313634,0.34817910764301785,-0.1966418013243586,0.638960448142101,,,,,,,,,,0.08354510000000914,,,,0.0,0.0
curved_weak_overlap,"Curvo, pouco overlap",0.8,4.0,DML-linear,27,2496798342,2952166782,12000,2000,773,0.06441666666666666,True,True,,,False,"{""theta"": [-0.30418058327598685, 0.2726901817055985], ""se"": [0.12336305535846141, 0.1233630553584614], ""moment_norm"": 2.9238823633626483e-16, ""jac_condition"": 2.984852538165133, ""cov"": [[0.015218443427374816, -0.008263654872623016], [-0.008263654872623016, 0.01521844342737481]], ""jac_singular_values"": [0.010658830411767975, 0.003570973867379136]}",,0.4790749671537717,0.45235466210013153,-0.42032173898928005,-0.9806732196758344,-0.30418058327598685,0.2726901817055985,,0.12336305535846141,0.1233630553584614,,2.9238823633626483e-16,2.984852538165133,0.003570973867379136,0.5285510999999872,,,,,
curved_weak_overlap,"Curvo, pouco overlap",0.8,4.0,DML-quadratic,27,2496798342,2952166782,12000,2000,773,0.06441666666666666,True,True,,,False,"{""theta"": [-0.31780850082221623, -0.15085895889697865, 0.6891923770534212], ""se"": [0.12525506208382725, 0.17237188302990228, 0.1841386087388861], ""moment_norm"": 1.2275013176693721e-17, ""jac_condition"": 9.837266556026707, ""cov"": [[0.015688830577623422, -0.008363525933391793, 0.0012556245584045853], [-0.008363525933391793, 0.029712066059274317, -0.021786629081818075], [0.0012556245584045853, -0.021786629081818075, 0.033907027228292586]], ""jac_singular_values"": [0.010332714878395115, 0.0032200668812552777, 0.0010503644299508055]}",,0.06367691379459242,0.0853541217349385,-0.08194655545617716,0.9806732196758344,-0.31780850082221623,-0.15085895889697865,0.6891923770534212,0.12525506208382725,0.17237188302990228,0.1841386087388861,1.2275013176693721e-17,9.837266556026707,0.0010503644299508055,0.7404286000000013,,,,,
curved_weak_overlap,"Curvo, pouco overlap",0.8,4.0,Log-mean-linear,27,2496798342,2952166782,12000,2000,773,0.06441666666666666,True,True,,,False,,"[-3.0503636876985167, 0.6617226691840896, 0.28302800205535494, -0.3875597380150665, 0.31231479017671543]",0.4947565900587365,0.4471784572043576,-0.4035886500716408,-0.867147449072307,-0.3875597380150665,0.31231479017671543,,,,,,,,0.0033564000000012584,0.0,15.0,3.7315975623887964e-08,0.0,
curved_weak_overlap,"Curvo, pouco overlap",0.8,4.0,Log-mean-quadratic,27,2496798342,2952166782,12000,2000,773,0.06441666666666666,True,True,,,False,,"[-3.1336696015739283, 0.6153466020430154, 0.2768123525550989, -0.3229464227058163, -0.19426080110137656, 0.7254005214362781]",0.038950533910235785,0.054337522021929784,-0.05406748061989517,0.859738721092343,-0.3229464227058163,-0.19426080110137656,0.7254005214362781,,,,,,,0.0047065999999915675,0.0,20.0,4.470038706802284e-09,0.0,
curved_weak_overlap,"Curvo, pouco overlap",0.8,4.0,S-learner,27,2496798342,2952166782,12000,2000,773,0.06441666666666666,True,True,,,False,,,0.4098914426172945,0.42717411999111027,-0.3829467967933767,0.6643570928460603,,,,,,,,,,0.09147029999999745,,,,0.0,0.0
curved_weak_overlap,"Curvo, pouco overlap",0.8,4.0,DML-linear,28,3837673166,1582763520,12000,2000,767,0.06391666666666666,True,True,,,False,"{""theta"": [-0.28445270467187367, 0.2510822712279224], ""se"": [0.12315548156680362, 0.12315548156680363], ""moment_norm"": 1.2731534077212424e-17, ""jac_condition"": 2.416913619234895, ""cov"": [[0.015167272639951306, -0.00753522082460889], [-0.00753522082460889, 0.01516727263995131]], ""jac_singular_values"": [0.009983209837465973, 0.004130561290240189]}",,0.47196517433902113,0.45289849674923427,-0.4260557746597902,-0.9794404446698289,-0.28445270467187367,0.2510822712279224,,0.12315548156680362,0.12315548156680363,,1.2731534077212424e-17,2.416913619234895,0.004130561290240189,0.4899671000000012,,,,,
curved_weak_overlap,"Curvo, pouco overlap",0.8,4.0,DML-quadratic,28,3837673166,1582763520,12000,2000,767,0.06391666666666666,True,True,,,False,"{""theta"": [-0.34398458542086024, -0.2397584748468888, 0.8787639432243902], ""se"": [0.12583248083599352, 0.16239242916330773, 0.18194213540575724], ""moment_norm"": 5.705160902867192e-15, ""jac_condition"": 8.8004016573172, ""cov"": [[0.015833813233340675, -0.0066799692688740055, -0.00012108279724946656], [-0.0066799692688740055, 0.02637130104955992, -0.01881836960035424], [-0.00012108279724946656, -0.01881836960035424, 0.0331029406360069]], ""jac_singular_values"": [0.008799329661865295, 0.0028855688838354703, 0.0009998781878948657]}",,0.04465025445500029,0.059316593993294836,0.0574197689510957,0.9794404446698289,-0.34398458542086024,-0.2397584748468888,0.8787639432243902,0.12583248083599352,0.16239242916330773,0.18194213540575724,5.705160902867192e-15,8.8004016573172,0.0009998781878948657,0.7261124999999993,,,,,
curved_weak_overlap,"Curvo, pouco overlap",0.8,4.0,Log-mean-linear,28,3837673166,1582763520,12000,2000,767,0.06391666666666666,True,True,,,False,,"[-3.0835025595022985, 0.637320682724158, 0.4389311862237532, -0.373790741399536, 0.3341724555040954]",0.5034519020186782,0.4521271365372865,-0.4041480175400178,-0.857083545490246,-0.373790741399536,0.3341724555040954,,,,,,,,0.0034082999999895947,0.0,16.0,1.2877434824830336e-09,0.0,
curved_weak_overlap,"Curvo, pouco overlap",0.8,4.0,Log-mean-quadratic,28,3837673166,1582763520,12000,2000,767,0.06391666666666666,True,True,,,False,,"[-3.1765365942926853, 0.6008167046305598, 0.4328439158797223, -0.3260861588735434, -0.3169303940098519, 0.9065718190230488]",0.09018562480752582,0.12552483403159173,0.08764554708826588,0.8640108880025169,-0.3260861588735434,-0.3169303940098519,0.9065718190230488,,,,,,,0.0050782000000140215,0.0,24.0,4.813097131103431e-09,0.0,
curved_weak_overlap,"Curvo, pouco overlap",0.8,4.0,S-learner,28,3837673166,1582763520,12000,2000,767,0.06391666666666666,True,True,,,False,,,0.3009997058934892,0.46368368675410476,0.27590978076131983,0.7702605678745902,,,,,,,,,,0.0811599999999828,,,,0.0,0.0
curved_weak_overlap,"Curvo, pouco overlap",0.8,4.0,DML-linear,29,135979654,671446479,12000,2000,735,0.06125,True,True,,,False,"{""theta"": [-0.5218591301765141, 0.4851931335234305], ""se"": [0.1539461871763745, 0.1539461871763745], ""moment_norm"": 3.2740887866912744e-17, ""jac_condition"": 3.2869464766070418, ""cov"": [[0.023699428546143333, -0.014794046417854718], [-0.014794046417854718, 0.023699428546143337]], ""jac_singular_values"": [0.008554648446625679, 0.002602612639879745]}",,0.5805083713489326,0.5277101994213922,-0.35074740449833963,-0.9789847119776173,-0.5218591301765141,0.4851931335234305,,0.1539461871763745,0.1539461871763745,,3.2740887866912744e-17,3.2869464766070418,0.002602612639879745,0.4844253999999921,,,,,
curved_weak_overlap,"Curvo, pouco overlap",0.8,4.0,DML-quadratic,29,135979654,671446479,12000,2000,735,0.06125,True,True,,,False,"{""theta"": [-0.5905744910433346, 0.047081032100866865, 0.6583833695988168], ""se"": [0.14785126584389147, 0.2228987261397094, 0.21959189240741714], ""moment_norm"": 1.415349484471507e-15, ""jac_condition"": 12.714632103983284, ""cov"": [[0.021859996811641066, -0.013400686057562701, 0.0012371026279409736], [-0.013400686057562701, 0.04968384211470517, -0.0360090922258352], [0.0012371026279409736, -0.0360090922258352, 0.04822059921107067]], ""jac_singular_values"": [0.009695575715987713, 0.002300032585256237, 0.0007625525958356474]}",,0.2257941835445624,0.2513620347112556,-0.03478381935832496,-0.9789847119776173,-0.5905744910433346,0.047081032100866865,0.6583833695988168,0.14785126584389147,0.2228987261397094,0.21959189240741714,1.415349484471507e-15,12.714632103983284,0.0007625525958356474,0.7110728000000108,,,,,
curved_weak_overlap,"Curvo, pouco overlap",0.8,4.0,Log-mean-linear,29,135979654,671446479,12000,2000,735,0.06125,True,True,,,False,,"[-3.2866792627623447, 0.8365358805019469, 0.4770986742450986, -0.5834494536226511, 0.526816793214708]",0.6079915456534694,0.5644948811460672,-0.3268828159939392,-0.8579888322169673,-0.5834494536226511,0.526816793214708,,,,,,,,0.0036532999999963067,0.0,17.0,1.336584072910337e-10,0.0,
curved_weak_overlap,"Curvo, pouco overlap",0.8,4.0,Log-mean-quadratic,29,135979654,671446479,12000,2000,735,0.06125,True,True,,,False,,"[-3.2993593832462706, 0.8047950289984289, 0.4771690054622466, -0.5407310610859192, 0.0896017600493918, 0.5339595421757029]",0.2502327306773885,0.28287477593705396,-0.12518352571467198,-0.857531940369676,-0.5407310610859192,0.0896017600493918,0.5339595421757029,,,,,,,0.003801600000002736,0.0,17.0,1.3974892887925564e-09,0.0,
curved_weak_overlap,"Curvo, pouco overlap",0.8,4.0,S-learner,29,135979654,671446479,12000,2000,735,0.06125,True,True,,,False,,,0.29454602833097443,0.3472945964169853,-0.2109049906338515,-0.33563420033519364,,,,,,,,,,0.08748219999998241,,,,0.0,0.0
