scenario,label,method,rep,seed,n,test_n,conversion,converters,success,error,warnings,log_ratio_rmse,lift_mae,lift_bias,rank_spearman,theta0,theta1,moment_norm,propensity_clip_fraction
continuous_null,Contínuo: efeito nulo,Q,0,20260906,12000,2000,0.052833333333333336,634,True,,,0.3281551079051253,0.21407723771016132,-0.07488024975618293,,,,,
continuous_null,Contínuo: efeito nulo,DML,0,20260906,12000,2000,0.052833333333333336,634,True,,,0.057675552046608784,0.05323818064263209,0.0016639923215373714,,0.02132603063721319,-0.08894205970917811,6.203511720176538e-19,
continuous_null,Contínuo: efeito nulo,S-learner,0,20260906,12000,2000,0.052833333333333336,634,True,,,0.2937648827921179,0.20793131438326076,-0.1120396264859051,,,,,
continuous_null,Contínuo: efeito nulo,Q,1,20260907,12000,2000,0.051166666666666666,614,True,,,0.5662031921255569,0.24199600962092682,-0.17112232193829133,,,,,
continuous_null,Contínuo: efeito nulo,DML,1,20260907,12000,2000,0.051166666666666666,614,True,,,0.08850657781829213,0.0696846997728184,0.00392326710158531,,0.11733558258238572,-0.07852398250014243,5.633876341028497e-19,
continuous_null,Contínuo: efeito nulo,S-learner,1,20260907,12000,2000,0.051166666666666666,614,True,,,0.5044247736541672,0.2833610951107083,-0.2533593296603656,,,,,
continuous_null,Contínuo: efeito nulo,Q,2,20260908,12000,2000,0.04975,597,True,,,0.3785687860362467,0.34434191355918947,0.1622318783692537,,,,,
continuous_null,Contínuo: efeito nulo,DML,2,20260908,12000,2000,0.04975,597,True,,,0.09832294346081635,0.07438129009207912,0.0048440341512553855,,0.09436637147559206,-0.12477835492158294,4.714651730732278e-19,
continuous_null,Contínuo: efeito nulo,S-learner,2,20260908,12000,2000,0.04975,597,True,,,0.29625960624439074,0.25782812915733183,0.1378094522126305,,,,,
continuous_null,Contínuo: efeito nulo,Q,3,20260909,12000,2000,0.04958333333333333,595,True,,,0.5553274219471211,0.3673783943970128,-0.23471021493075767,,,,,
continuous_null,Contínuo: efeito nulo,DML,3,20260909,12000,2000,0.04958333333333333,595,True,,,0.034855942028558365,0.02974447074497192,0.0006076022387851996,,0.04880969907423892,0.024123679287759072,9.157090736783682e-19,
continuous_null,Contínuo: efeito nulo,S-learner,3,20260909,12000,2000,0.04958333333333333,595,True,,,0.47446021696723467,0.33858205154946225,-0.15303506491018048,,,,,
continuous_null,Contínuo: efeito nulo,Q,4,20260910,12000,2000,0.049,588,True,,,0.657662292862833,0.7908119399372251,0.6882294676393951,,,,,
continuous_null,Contínuo: efeito nulo,DML,4,20260910,12000,2000,0.049,588,True,,,0.07680423701926023,0.06853878631152084,0.0029522355124331286,,-0.04167053980532936,0.1138983035092625,1.0958081173309583e-19,
continuous_null,Contínuo: efeito nulo,S-learner,4,20260910,12000,2000,0.049,588,True,,,0.4334118564583967,0.445580544760454,0.350604056071362,,,,,
continuous_null,Contínuo: efeito nulo,Q,5,20260911,12000,2000,0.055,660,True,,,0.4833943246869429,0.21119095088175843,-0.050836322782059185,,,,,
continuous_null,Contínuo: efeito nulo,DML,5,20260911,12000,2000,0.055,660,True,,,0.09117473047289615,0.08307313647880964,0.004161498293403064,,0.04106342867022113,-0.13794165878466497,1.0475461420747691e-18,
continuous_null,Contínuo: efeito nulo,S-learner,5,20260911,12000,2000,0.055,660,True,,,0.3603718028631695,0.18911057362295974,-0.028372309921229223,,,,,
continuous_null,Contínuo: efeito nulo,Q,6,20260912,12000,2000,0.050333333333333334,604,True,,,0.5424162951124857,0.32931744763111864,-0.22093020012910958,,,,,
continuous_null,Contínuo: efeito nulo,DML,6,20260912,12000,2000,0.050333333333333334,604,True,,,0.04902943881544329,0.035321470249537586,0.0012025850404072571,,0.05050274280429793,-0.05831199985436269,2.349387466685262e-17,
continuous_null,Contínuo: efeito nulo,S-learner,6,20260912,12000,2000,0.050333333333333334,604,True,,,0.4563565835353479,0.31411823851613585,-0.231916768035173,,,,,
continuous_null,Contínuo: efeito nulo,Q,7,20260913,12000,2000,0.0485,582,True,,,0.4790806221754932,0.2894880576604484,-0.16248597488371325,,,,,
continuous_null,Contínuo: efeito nulo,DML,7,20260913,12000,2000,0.0485,582,True,,,0.05509975489866699,0.05102065713750525,0.001518610495071421,,0.08497780105508931,-0.01920236450478427,4.998355926329679e-19,
continuous_null,Contínuo: efeito nulo,S-learner,7,20260913,12000,2000,0.0485,582,True,,,0.2882741404212005,0.19770757688408502,-0.05342547694586747,,,,,
continuous_null,Contínuo: efeito nulo,Q,8,20260914,12000,2000,0.052333333333333336,628,True,,,0.46568274082986794,0.34364514654970946,-0.03177143654222466,,,,,
continuous_null,Contínuo: efeito nulo,DML,8,20260914,12000,2000,0.052333333333333336,628,True,,,0.11632841340993781,0.09285731828881981,0.006784988622216425,,0.15188904720232324,-0.10044491779240275,2.0938457284787343e-18,
continuous_null,Contínuo: efeito nulo,S-learner,8,20260914,12000,2000,0.052333333333333336,628,True,,,0.3132501946495511,0.25178347939371937,0.01994820233509117,,,,,
continuous_null,Contínuo: efeito nulo,Q,9,20260915,12000,2000,0.05,600,True,,,0.5291169497348247,0.5774903156497366,0.463968741570952,,,,,
continuous_null,Contínuo: efeito nulo,DML,9,20260915,12000,2000,0.05,600,True,,,0.049954973520824994,0.04188942468225639,0.001248347138742167,,-0.03703560647584111,0.07009880909098955,1.3263195997599417e-18,
continuous_null,Contínuo: efeito nulo,S-learner,9,20260915,12000,2000,0.05,600,True,,,0.4413073116945736,0.44942698358069927,0.3863122979667029,,,,,
continuous_null,Contínuo: efeito nulo,Q,10,20260916,12000,2000,0.0485,582,True,,,0.39440621732378833,0.23257249854447193,0.011402733855923894,,,,,
continuous_null,Contínuo: efeito nulo,DML,10,20260916,12000,2000,0.0485,582,True,,,0.030548305716463345,0.02645446541197812,0.00046667709542772684,,-0.04469223236332905,0.019757212493365265,1.6164621702397944e-18,
continuous_null,Contínuo: efeito nulo,S-learner,10,20260916,12000,2000,0.0485,582,True,,,0.26414246454081264,0.2125339251077954,0.06722933310950555,,,,,
continuous_null,Contínuo: efeito nulo,Q,11,20260917,12000,2000,0.04841666666666666,581,True,,,0.3521846115052193,0.23336221310029304,-0.13955749021645494,,,,,
continuous_null,Contínuo: efeito nulo,DML,11,20260917,12000,2000,0.04841666666666666,581,True,,,0.03267722916664132,0.027139833994761164,0.0005340118101290737,,-0.024995345111812804,-0.04531884894743518,2.2084371240113975e-17,
continuous_null,Contínuo: efeito nulo,S-learner,11,20260917,12000,2000,0.04841666666666666,581,True,,,0.20793142943202764,0.1666959191180193,-0.0827066485290635,,,,,
continuous_null,Contínuo: efeito nulo,Q,12,20260918,12000,2000,0.049666666666666665,596,True,,,0.4991462274379476,0.2961973886688878,-0.10116967915503224,,,,,
continuous_null,Contínuo: efeito nulo,DML,12,20260918,12000,2000,0.049666666666666665,596,True,,,0.08209676035854979,0.057731337774949584,0.0033749944794653503,,-0.09457512078086551,0.08741109993598355,6.48189313630921e-17,
continuous_null,Contínuo: efeito nulo,S-learner,12,20260918,12000,2000,0.049666666666666665,596,True,,,0.4144935572739326,0.2971843114372757,-0.06552169717184275,,,,,
continuous_null,Contínuo: efeito nulo,Q,13,20260919,12000,2000,0.052333333333333336,628,True,,,0.32900049201062553,0.22170176168605815,-0.09526524240222053,,,,,
continuous_null,Contínuo: efeito nulo,DML,13,20260919,12000,2000,0.052333333333333336,628,True,,,0.08890782872396674,0.08447007275150142,0.003955846063834224,,-0.002026301501965186,-0.1405387281102965,9.821555021477137e-19,
continuous_null,Contínuo: efeito nulo,S-learner,13,20260919,12000,2000,0.052333333333333336,628,True,,,0.26860262655615313,0.21870815268544191,0.04887060065023201,,,,,
continuous_null,Contínuo: efeito nulo,Q,14,20260920,12000,2000,0.051166666666666666,614,True,,,0.4282695315320892,0.3241489512533716,-0.0858387352499798,,,,,
continuous_null,Contínuo: efeito nulo,DML,14,20260920,12000,2000,0.051166666666666666,614,True,,,0.08302943795304771,0.06744307545861418,0.0034518259752252655,,0.06823708205496358,-0.11380319972190424,1.26729567600853e-18,
continuous_null,Contínuo: efeito nulo,S-learner,14,20260920,12000,2000,0.051166666666666666,614,True,,,0.3920960268265215,0.30122104191376914,0.011746365976640121,,,,,
continuous_null,Contínuo: efeito nulo,Q,15,20260921,12000,2000,0.04908333333333333,589,True,,,0.4471690009651061,0.3197606608846801,-0.017555125485874755,,,,,
continuous_null,Contínuo: efeito nulo,DML,15,20260921,12000,2000,0.04908333333333333,589,True,,,0.09980581762123847,0.07656489779035669,0.00499103464187209,,0.12316134544267969,-0.09350858139540258,6.22243642362288e-19,
continuous_null,Contínuo: efeito nulo,S-learner,15,20260921,12000,2000,0.04908333333333333,589,True,,,0.36627137093307055,0.289837178309547,0.06453620794193488,,,,,
continuous_null,Contínuo: efeito nulo,Q,16,20260922,12000,2000,0.049833333333333334,598,True,,,0.2911965241730091,0.21272765162841836,0.059055617242404525,,,,,
continuous_null,Contínuo: efeito nulo,DML,16,20260922,12000,2000,0.049833333333333334,598,True,,,0.08782978286013483,0.08215363819147554,0.003860813938991214,,-0.13652732566601583,0.02446830497296795,1.7095708045787867e-18,
continuous_null,Contínuo: efeito nulo,S-learner,16,20260922,12000,2000,0.049833333333333334,598,True,,,0.21471457128559912,0.16321754708876085,0.09321311277301958,,,,,
continuous_null,Contínuo: efeito nulo,Q,17,20260923,12000,2000,0.050916666666666666,611,True,,,0.43269431557013166,0.3095758410834302,0.001203809929743585,,,,,
continuous_null,Contínuo: efeito nulo,DML,17,20260923,12000,2000,0.050916666666666666,611,True,,,0.054903520252018057,0.05031064521791878,0.0015078457114606394,,0.08422470433840863,0.022689398842020668,1.786782770677263e-18,
continuous_null,Contínuo: efeito nulo,S-learner,17,20260923,12000,2000,0.050916666666666666,611,True,,,0.2945496682075591,0.2537554344092267,0.04321231148217393,,,,,
continuous_null,Contínuo: efeito nulo,Q,18,20260924,12000,2000,0.0465,558,True,,,0.5106936348826271,0.2399055343575944,-0.18020007427628448,,,,,
continuous_null,Contínuo: efeito nulo,DML,18,20260924,12000,2000,0.0465,558,True,,,0.057966208447092056,0.041618582863383935,0.0016813174357426597,,0.060009378238539385,-0.06981756645218927,3.3593085661346267e-17,
continuous_null,Contínuo: efeito nulo,S-learner,18,20260924,12000,2000,0.0465,558,True,,,0.29775206960638284,0.19669657146617725,-0.04495311507316714,,,,,
continuous_null,Contínuo: efeito nulo,Q,19,20260925,12000,2000,0.05516666666666667,662,True,,,0.4307811300444622,0.30421417711914434,0.11753458170811082,,,,,
continuous_null,Contínuo: efeito nulo,DML,19,20260925,12000,2000,0.05516666666666667,662,True,,,0.12372220961171143,0.10394159906843432,0.007676204517703837,,-0.09232079923401931,0.17348542241225534,8.2634006168478e-19,
continuous_null,Contínuo: efeito nulo,S-learner,19,20260925,12000,2000,0.05516666666666667,662,True,,,0.36778442801638034,0.35869749135899387,0.27018597164227903,,,,,
continuous_null,Contínuo: efeito nulo,Q,20,20260926,12000,2000,0.05075,609,True,,,0.6041688434733783,0.2604989572920349,-0.15112957937225263,,,,,
continuous_null,Contínuo: efeito nulo,DML,20,20260926,12000,2000,0.05075,609,True,,,0.11703470765398163,0.10633003522643025,0.0068625989598874405,,-0.05513818013250709,0.17543366831878252,3.099241970736427e-19,
continuous_null,Contínuo: efeito nulo,S-learner,20,20260926,12000,2000,0.05075,609,True,,,0.34081141972898404,0.2194985167996519,-0.09649612555194642,,,,,
continuous_null,Contínuo: efeito nulo,Q,21,20260927,12000,2000,0.051416666666666666,617,True,,,0.4621556573224023,0.3351038732917499,0.2174035695290336,,,,,
continuous_null,Contínuo: efeito nulo,DML,21,20260927,12000,2000,0.051416666666666666,617,True,,,0.04224933193620072,0.039978105683705974,0.0008926878005919506,,-0.06659589031504852,-0.005112783422764526,6.786097913562641e-19,
continuous_null,Contínuo: efeito nulo,S-learner,21,20260927,12000,2000,0.051416666666666666,617,True,,,0.45449930439303843,0.4309766388909371,0.3265525046362183,,,,,
continuous_null,Contínuo: efeito nulo,Q,22,20260928,12000,2000,0.049,588,True,,,0.6219926466645085,0.3167916359492534,-0.06020502348566085,,,,,
continuous_null,Contínuo: efeito nulo,DML,22,20260928,12000,2000,0.049,588,True,,,0.07219012327492354,0.06398845875684993,0.0026079426691651138,,0.04104526630939387,-0.10671279872693928,7.433195285128808e-19,
continuous_null,Contínuo: efeito nulo,S-learner,22,20260928,12000,2000,0.049,588,True,,,0.3557936186042766,0.24422296227323856,0.02741418739620171,,,,,
continuous_null,Contínuo: efeito nulo,Q,23,20260929,12000,2000,0.050416666666666665,605,True,,,0.5350199139655061,0.3127387176571643,-0.006314981800425812,,,,,
continuous_null,Contínuo: efeito nulo,DML,23,20260929,12000,2000,0.050416666666666665,605,True,,,0.008559615604088171,0.007474184713208647,3.6633970857508305e-05,,0.012435571132677523,-0.005291286934951489,2.6938126344079544e-19,
continuous_null,Contínuo: efeito nulo,S-learner,23,20260929,12000,2000,0.050416666666666665,605,True,,,0.4061257854285412,0.2381453763202557,-0.01661609005695756,,,,,
continuous_null,Contínuo: efeito nulo,Q,24,20260930,12000,2000,0.04975,597,True,,,0.3573112802978429,0.2143031905270189,-0.0184055871611631,,,,,
continuous_null,Contínuo: efeito nulo,DML,24,20260930,12000,2000,0.04975,597,True,,,0.08127254678698632,0.07596491908743111,0.0033053948971821503,,-0.022990229172427306,0.12677521149924773,4.354889223253928e-19,
continuous_null,Contínuo: efeito nulo,S-learner,24,20260930,12000,2000,0.04975,597,True,,,0.35270773459762045,0.32122966362088984,0.17212141083735602,,,,,
continuous_null,Contínuo: efeito nulo,Q,25,20260931,12000,2000,0.04958333333333333,595,True,,,0.3928302150356063,0.2862497231583179,0.03792428205558837,,,,,
continuous_null,Contínuo: efeito nulo,DML,25,20260931,12000,2000,0.04958333333333333,595,True,,,0.007007399224458232,0.006521542645745643,2.455197837850087e-05,,0.0021497152699629014,0.010869122963028452,1.542604808556055e-18,
continuous_null,Contínuo: efeito nulo,S-learner,25,20260931,12000,2000,0.04958333333333333,595,True,,,0.29344003348573666,0.24240156599979512,0.12799655847351196,,,,,
continuous_null,Contínuo: efeito nulo,Q,26,20260932,12000,2000,0.04975,597,True,,,0.5423502139860401,0.6480893144472899,0.5817051047542762,,,,,
continuous_null,Contínuo: efeito nulo,DML,26,20260932,12000,2000,0.04975,597,True,,,0.01090892359168745,0.010313472241637926,5.950313155370868e-05,,-0.017185835128093352,-0.0014352497724615515,5.78929217671889e-19,
continuous_null,Contínuo: efeito nulo,S-learner,26,20260932,12000,2000,0.04975,597,True,,,0.3439644820490731,0.33598403845708485,0.29599598104174174,,,,,
continuous_null,Contínuo: efeito nulo,Q,27,20260933,12000,2000,0.051416666666666666,617,True,,,0.3959562583979403,0.33990993598232433,0.20318740567007257,,,,,
continuous_null,Contínuo: efeito nulo,DML,27,20260933,12000,2000,0.051416666666666666,617,True,,,0.06121783470095677,0.0543203073340067,0.0018749646798967721,,-0.03447306298918909,0.09100028580468365,3.8603871938175575e-19,
continuous_null,Contínuo: efeito nulo,S-learner,27,20260933,12000,2000,0.051416666666666666,617,True,,,0.25024147424267223,0.20806923687768916,0.12150510229681566,,,,,
continuous_null,Contínuo: efeito nulo,Q,28,20260934,12000,2000,0.05,600,True,,,0.4629854625390652,0.3062470978082547,-0.016448647725431812,,,,,
continuous_null,Contínuo: efeito nulo,DML,28,20260934,12000,2000,0.05,600,True,,,0.09226222429442896,0.08446904176589039,0.004261351883803364,,-0.03923765896847025,0.13937010053274235,4.359470982717306e-19,
continuous_null,Contínuo: efeito nulo,S-learner,28,20260934,12000,2000,0.05,600,True,,,0.3688416620266022,0.2448712277524221,-0.10562912073972905,,,,,
continuous_null,Contínuo: efeito nulo,Q,29,20260935,12000,2000,0.05025,603,True,,,0.40066102605096093,0.2724663569229256,-0.07813768191281735,,,,,
continuous_null,Contínuo: efeito nulo,DML,29,20260935,12000,2000,0.05025,603,True,,,0.12861648741904821,0.10085090326859679,0.008300377936793033,,0.16797983508185108,-0.11580421371440239,6.259044542236954e-19,
continuous_null,Contínuo: efeito nulo,S-learner,29,20260935,12000,2000,0.05025,603,True,,,0.29875865715290145,0.2238119436304704,-0.00920798244792632,,,,,
continuous_common,Contínuo: efeito comum,Q,0,20261906,12000,2000,0.04741666666666667,569,True,,,0.302088562590677,0.23662168848546994,0.0006548967570344856,,,,,
continuous_common,Contínuo: efeito comum,DML,0,20261906,12000,2000,0.04741666666666667,569,True,,,0.09070119566641958,0.0862358544961316,0.009622178436811497,,-0.3872900943065216,-0.13836639017649785,1.8023057625487052e-17,
continuous_common,Contínuo: efeito comum,S-learner,0,20261906,12000,2000,0.04741666666666667,569,True,,,0.38636265606834114,0.4329202617322842,0.37657578440507433,,,,,
continuous_common,Contínuo: efeito comum,Q,1,20261907,12000,2000,0.04833333333333333,580,True,,,0.8227347183086803,0.34874505757429874,-0.25043801983268,,,,,
continuous_common,Contínuo: efeito comum,DML,1,20261907,12000,2000,0.04833333333333333,580,True,,,0.032139366799560844,0.03002235961844652,-0.006376366010543983,,-0.301326145873862,0.01416998346685655,5.693892804526533e-19,
continuous_common,Contínuo: efeito comum,S-learner,1,20261907,12000,2000,0.04833333333333333,580,True,,,0.4437430893279413,0.23365880566125652,-0.07410352726341475,,,,,
continuous_common,Contínuo: efeito comum,Q,2,20261908,12000,2000,0.050083333333333334,601,True,,,0.39938242445020883,0.2607703560754308,-0.1044179537905384,,,,,
continuous_common,Contínuo: efeito comum,DML,2,20261908,12000,2000,0.050083333333333334,601,True,,,0.03391712086471416,0.03228951825840523,0.002245995086191535,,-0.3624942499438233,-0.05235219846585291,1.4505527246856748e-18,
continuous_common,Contínuo: efeito comum,S-learner,2,20261908,12000,2000,0.050083333333333334,601,True,,,0.396059271473888,0.330180063877913,-0.06542893389588118,,,,,
continuous_common,Contínuo: efeito comum,Q,3,20261909,12000,2000,0.0465,558,True,,,0.5282510688672247,0.3266932503840717,-0.07180008278046458,,,,,
continuous_common,Contínuo: efeito comum,DML,3,20261909,12000,2000,0.0465,558,True,,,0.06286923167898228,0.04759986139932603,-0.006387699761049797,,-0.28800892015596835,-0.07971653820737959,9.652504012337752e-19,
continuous_common,Contínuo: efeito comum,S-learner,3,20261909,12000,2000,0.0465,558,True,,,0.3264686920673429,0.2712605411101587,0.012139400217955256,,,,,
continuous_common,Contínuo: efeito comum,Q,4,20261910,12000,2000,0.051166666666666666,614,True,,,0.5023840905120739,0.2695712979119852,-0.18114986707226438,,,,,
continuous_common,Contínuo: efeito comum,DML,4,20261910,12000,2000,0.051166666666666666,614,True,,,0.06299720252789544,0.05188530465478007,-0.0054732835442486034,,-0.29745844802249444,-0.08430805429757462,8.199406617376352e-19,
continuous_common,Contínuo: efeito comum,S-learner,4,20261910,12000,2000,0.051166666666666666,614,True,,,0.3055571957834411,0.22220569137333482,-0.09832639555190589,,,,,
continuous_common,Contínuo: efeito comum,Q,5,20261911,12000,2000,0.0505,606,True,,,0.3422347110901424,0.23640919005167843,-0.07600307418452663,,,,,
continuous_common,Contínuo: efeito comum,DML,5,20261911,12000,2000,0.0505,606,True,,,0.06748365481109271,0.05323194745850863,0.01145894413009455,,-0.41432531666705774,0.0852601921049002,3.2157357185980536e-18,
continuous_common,Contínuo: efeito comum,S-learner,5,20261911,12000,2000,0.0505,606,True,,,0.3044825933835524,0.27275259345263,0.10719034299717335,,,,,
continuous_common,Contínuo: efeito comum,Q,6,20261912,12000,2000,0.048666666666666664,584,True,,,0.812099342112614,0.8414458205207972,0.5363079416693801,,,,,
continuous_common,Contínuo: efeito comum,DML,6,20261912,12000,2000,0.048666666666666664,584,True,,,0.2116449981466308,0.17099005353651153,0.0613104061712865,,-0.6083194246520411,0.2066230859039495,6.429589267464868e-19,
continuous_common,Contínuo: efeito comum,S-learner,6,20261912,12000,2000,0.048666666666666664,584,True,,,0.43466436016497007,0.4694371143244546,0.2506869661276435,,,,,
continuous_common,Contínuo: efeito comum,Q,7,20261913,12000,2000,0.04691666666666667,563,True,,,0.35559776491158884,0.2139271754865606,-0.009486955432419023,,,,,
continuous_common,Contínuo: efeito comum,DML,7,20261913,12000,2000,0.04691666666666667,563,True,,,0.017437317512531605,0.014999301928371315,-0.0015576144805122948,,-0.33702167374571756,-0.024783636972142756,5.075257928923324e-19,
continuous_common,Contínuo: efeito comum,S-learner,7,20261913,12000,2000,0.04691666666666667,563,True,,,0.28427693527422354,0.24231442514156404,0.09695754207717286,,,,,
continuous_common,Contínuo: efeito comum,Q,8,20261914,12000,2000,0.04625,555,True,,,0.42068413582412845,0.32352607676535144,0.15835316434457056,,,,,
continuous_common,Contínuo: efeito comum,DML,8,20261914,12000,2000,0.04625,555,True,,,0.16044676777065878,0.13331954953441777,0.04320386031549223,,-0.5605526482718095,0.14427512176041696,1.5038501045781771e-18,
continuous_common,Contínuo: efeito comum,S-learner,8,20261914,12000,2000,0.04625,555,True,,,0.2910286265924616,0.2608758022590662,0.19275436102731788,,,,,
continuous_common,Contínuo: efeito comum,Q,9,20261915,12000,2000,0.051333333333333335,616,True,,,0.8805976528853052,1.4691053455645118,1.4581439322235878,,,,,
continuous_common,Contínuo: efeito comum,DML,9,20261915,12000,2000,0.051333333333333335,616,True,,,0.1227400884924244,0.09701114387849395,0.029614552160871967,,-0.5017942569845137,0.11926046980249294,1.3892768742260313e-18,
continuous_common,Contínuo: efeito comum,S-learner,9,20261915,12000,2000,0.051333333333333335,616,True,,,0.7419681572592622,1.1110464623762402,1.1094719732283524,,,,,
continuous_common,Contínuo: efeito comum,Q,10,20261916,12000,2000,0.04708333333333333,565,True,,,0.6679583476607832,0.34306485812245385,-0.2946094497387655,,,,,
continuous_common,Contínuo: efeito comum,DML,10,20261916,12000,2000,0.04708333333333333,565,True,,,0.0479444510587381,0.04673691498823445,0.0017226407311381436,,-0.35611532148218444,-0.0757495825767638,2.9774213992886947e-19,
continuous_common,Contínuo: efeito comum,S-learner,10,20261916,12000,2000,0.04708333333333333,565,True,,,0.46237841182331424,0.2654712612050774,-0.18645236992493072,,,,,
continuous_common,Contínuo: efeito comum,Q,11,20261917,12000,2000,0.05241666666666667,629,True,,,0.43910878383076835,0.3161706598376975,-0.1439105435810146,,,,,
continuous_common,Contínuo: efeito comum,DML,11,20261917,12000,2000,0.05241666666666667,629,True,,,0.0775840690263158,0.07355168648075602,0.01979511128965258,,-0.4664398158519501,-0.034739520250198955,2.0387044951374617e-18,
continuous_common,Contínuo: efeito comum,S-learner,11,20261917,12000,2000,0.05241666666666667,629,True,,,0.3909263458534061,0.2780819898578254,-0.1684989787750749,,,,,
continuous_common,Contínuo: efeito comum,Q,12,20261918,12000,2000,0.04591666666666667,551,True,,,0.5479199657595654,0.678120110106535,0.6491475112912858,,,,,
continuous_common,Contínuo: efeito comum,DML,12,20261918,12000,2000,0.04591666666666667,551,True,,,0.004907247716501685,0.00476157600104372,0.00014297581464522912,,-0.350898961339291,0.0077040907840978225,7.62911364723461e-19,
continuous_common,Contínuo: efeito comum,S-learner,12,20261918,12000,2000,0.04591666666666667,551,True,,,0.3050070208103625,0.29326831627177724,0.23444012124598612,,,,,
continuous_common,Contínuo: efeito comum,Q,13,20261919,12000,2000,0.0465,558,True,,,0.4530782492585646,0.273237911987735,-0.1909518383607128,,,,,
continuous_common,Contínuo: efeito comum,DML,13,20261919,12000,2000,0.0465,558,True,,,0.05478886824595434,0.0515530553523341,-0.0020399945720916113,,-0.3277388643877347,-0.0829001127990195,2.752708760879753e-18,
continuous_common,Contínuo: efeito comum,S-learner,13,20261919,12000,2000,0.0465,558,True,,,0.36593276153217463,0.26976004400677506,-0.15150488054228492,,,,,
continuous_common,Contínuo: efeito comum,Q,14,20261920,12000,2000,0.050333333333333334,604,True,,,0.3998511008293005,0.30629515314119105,0.021519637999733065,,,,,
continuous_common,Contínuo: efeito comum,DML,14,20261920,12000,2000,0.050333333333333334,604,True,,,0.022117936683416058,0.016380717195078602,-0.0030750497931195733,,-0.3273000541644382,-0.025908619470271108,6.743462195809303e-19,
continuous_common,Contínuo: efeito comum,S-learner,14,20261920,12000,2000,0.050333333333333334,604,True,,,0.36161151705725614,0.3134010723439439,0.0036700166088363133,,,,,
continuous_common,Contínuo: efeito comum,Q,15,20261921,12000,2000,0.04841666666666666,581,True,,,0.3594039485375836,0.3027703786793432,0.15909090547822238,,,,,
continuous_common,Contínuo: efeito comum,DML,15,20261921,12000,2000,0.04841666666666666,581,True,,,0.06789731195413899,0.05768855464014392,-0.004827675347274054,,-0.29824429613661896,0.09457460041864023,1.0855297723544617e-18,
continuous_common,Contínuo: efeito comum,S-learner,15,20261921,12000,2000,0.04841666666666666,581,True,,,0.24517167964779288,0.19738821570439644,-0.010245680399111215,,,,,
continuous_common,Contínuo: efeito comum,Q,16,20261922,12000,2000,0.049166666666666664,590,True,,,0.4727267073302847,0.31491553966995184,-0.019340832507872108,,,,,
continuous_common,Contínuo: efeito comum,DML,16,20261922,12000,2000,0.049166666666666664,590,True,,,0.09145577977494145,0.08153517861939305,-0.01460594633397166,,-0.2182466375659433,-0.05577238281544828,1.3318111613723184e-18,
continuous_common,Contínuo: efeito comum,S-learner,16,20261922,12000,2000,0.049166666666666664,590,True,,,0.37041663754650955,0.28464606535758025,-0.04095482051998687,,,,,
continuous_common,Contínuo: efeito comum,Q,17,20261923,12000,2000,0.046,552,True,,,0.40505921224050984,0.3601409776179941,0.11033207606562928,,,,,
continuous_common,Contínuo: efeito comum,DML,17,20261923,12000,2000,0.046,552,True,,,0.06876026932101878,0.0578885648909364,0.010374816686581958,,-0.40679564350854164,0.09327455838829257,9.785718354637574e-19,
continuous_common,Contínuo: efeito comum,S-learner,17,20261923,12000,2000,0.046,552,True,,,0.3277978528047246,0.3072792785050309,0.14352825589399157,,,,,
continuous_common,Contínuo: efeito comum,Q,18,20261924,12000,2000,0.043916666666666666,527,True,,,1.0060126076500209,0.4084919715723734,-0.23354644175206188,,,,,
continuous_common,Contínuo: efeito comum,DML,18,20261924,12000,2000,0.043916666666666666,527,True,,,0.0988426055323993,0.09790697202750817,0.027210173903153303,,-0.506335232727673,0.00614039297744527,2.5054704640941694e-19,
continuous_common,Contínuo: efeito comum,S-learner,18,20261924,12000,2000,0.043916666666666666,527,True,,,0.5363692194007552,0.3525541954608478,-0.11697826235224651,,,,,
continuous_common,Contínuo: efeito comum,Q,19,20261925,12000,2000,0.04825,579,True,,,0.45989053661913354,0.513483340010771,0.3448748717895771,,,,,
continuous_common,Contínuo: efeito comum,DML,19,20261925,12000,2000,0.04825,579,True,,,0.07951137083269484,0.07785648510109924,0.0209289721706862,,-0.47490292859409783,0.017011636851618144,1.3031498744410277e-18,
continuous_common,Contínuo: efeito comum,S-learner,19,20261925,12000,2000,0.04825,579,True,,,0.41214043308059595,0.46955513119305686,0.36932598018592555,,,,,
continuous_common,Contínuo: efeito comum,Q,20,20261926,12000,2000,0.045,540,True,,,0.3741368948274859,0.31509169370776646,0.056104691232413906,,,,,
continuous_common,Contínuo: efeito comum,DML,20,20261926,12000,2000,0.045,540,True,,,0.09207259207335423,0.08718460662366974,-0.015846045249052167,,-0.2066477096571382,0.0292035273134079,1.7934799963748516e-19,
continuous_common,Contínuo: efeito comum,S-learner,20,20261926,12000,2000,0.045,540,True,,,0.43101427504849094,0.3376596970288502,0.07978144535465766,,,,,
continuous_common,Contínuo: efeito comum,Q,21,20261927,12000,2000,0.050083333333333334,601,True,,,0.35193806897363356,0.22565107464775952,-0.06479072180787158,,,,,
continuous_common,Contínuo: efeito comum,DML,21,20261927,12000,2000,0.050083333333333334,601,True,,,0.04662342180205187,0.045555150705244754,0.0009738882958637423,,-0.35085927934449096,-0.07373543907786533,8.458069240348764e-19,
continuous_common,Contínuo: efeito comum,S-learner,21,20261927,12000,2000,0.050083333333333334,601,True,,,0.28188287560409886,0.22006310757322387,-0.041220413687939154,,,,,
continuous_common,Contínuo: efeito comum,Q,22,20261928,12000,2000,0.04683333333333333,562,True,,,0.652871543279841,0.3682815462996216,-0.2742342041353887,,,,,
continuous_common,Contínuo: efeito comum,DML,22,20261928,12000,2000,0.04683333333333333,562,True,,,0.07973411156946553,0.07686996116306993,-0.014516364832385019,,-0.2239163418674255,-0.011051880108907636,1.1492567905872414e-18,
continuous_common,Contínuo: efeito comum,S-learner,22,20261928,12000,2000,0.04683333333333333,562,True,,,0.566930629516715,0.3280808530908504,-0.2697410724103405,,,,,
continuous_common,Contínuo: efeito comum,Q,23,20261929,12000,2000,0.04558333333333333,547,True,,,0.3817989832835883,0.36522016209625996,0.26903785576285805,,,,,
continuous_common,Contínuo: efeito comum,DML,23,20261929,12000,2000,0.04558333333333333,547,True,,,0.06322178666533901,0.059604545571260326,0.015610293578844896,,-0.44560072421341934,-0.029301703549860877,1.836528330025195e-18,
continuous_common,Contínuo: efeito comum,S-learner,23,20261929,12000,2000,0.04558333333333333,547,True,,,0.3220330621359592,0.3189926128735264,0.2337266015721,,,,,
continuous_common,Contínuo: efeito comum,Q,24,20261930,12000,2000,0.04858333333333333,583,True,,,0.34407030304223324,0.29038048284707724,0.10859637215986905,,,,,
continuous_common,Contínuo: efeito comum,DML,24,20261930,12000,2000,0.04858333333333333,583,True,,,0.012803735125413069,0.011206902498426716,0.002648082946544292,,-0.36825181165673104,0.009055346570648876,9.714772418430356e-19,
continuous_common,Contínuo: efeito comum,S-learner,24,20261930,12000,2000,0.04858333333333333,583,True,,,0.3668479121566889,0.3184204953522457,0.1780458160688798,,,,,
continuous_common,Contínuo: efeito comum,Q,25,20261931,12000,2000,0.04825,579,True,,,0.5324132840145601,0.5765663281829674,0.4376694284328112,,,,,
continuous_common,Contínuo: efeito comum,DML,25,20261931,12000,2000,0.04825,579,True,,,0.0852461134249586,0.07905192038077291,-0.0018550941906822836,,-0.30962353319454144,0.1288791766136421,1.1835393082201078e-18,
continuous_common,Contínuo: efeito comum,S-learner,25,20261931,12000,2000,0.04825,579,True,,,0.45562561217191244,0.45079199120964425,0.3172490151179775,,,,,
continuous_common,Contínuo: efeito comum,Q,26,20261932,12000,2000,0.04841666666666666,581,True,,,0.431364705935253,0.28387197683444726,-0.0685268763093093,,,,,
continuous_common,Contínuo: efeito comum,DML,26,20261932,12000,2000,0.04841666666666666,581,True,,,0.1383151836615147,0.12905543466781638,-0.0202384514651377,,-0.13831228744764112,-0.053870221759855265,1.310583936897516e-19,
continuous_common,Contínuo: efeito comum,S-learner,26,20261932,12000,2000,0.04841666666666666,581,True,,,0.3305604444770112,0.23025288929594045,-0.06105162149411997,,,,,
continuous_common,Contínuo: efeito comum,Q,27,20261933,12000,2000,0.04566666666666667,548,True,,,0.7710492342703832,0.4035789439129463,-0.3423707320040095,,,,,
continuous_common,Contínuo: efeito comum,DML,27,20261933,12000,2000,0.04566666666666667,548,True,,,0.14126517288291435,0.13150419719135106,-0.02039613551067579,,-0.13317809087406815,-0.05676721708747199,1.295007258761877e-18,
continuous_common,Contínuo: efeito comum,S-learner,27,20261933,12000,2000,0.04566666666666667,548,True,,,0.571739650769363,0.3589415939153265,-0.23643767522814813,,,,,
continuous_common,Contínuo: efeito comum,Q,28,20261934,12000,2000,0.0465,558,True,,,0.3189575982014694,0.260182994003282,0.014180648243075272,,,,,
continuous_common,Contínuo: efeito comum,DML,28,20261934,12000,2000,0.0465,558,True,,,0.05958356383421203,0.058484438246167544,0.015134938869039645,,-0.44407186605600135,0.00796585598447832,1.1326656538566673e-18,
continuous_common,Contínuo: efeito comum,S-learner,28,20261934,12000,2000,0.0465,558,True,,,0.2474552950911357,0.1918708264353335,0.002203693627306265,,,,,
continuous_common,Contínuo: efeito comum,Q,29,20261935,12000,2000,0.04875,585,True,,,0.6394505315683259,0.471802835327181,-0.07511462424397922,,,,,
continuous_common,Contínuo: efeito comum,DML,29,20261935,12000,2000,0.04875,585,True,,,0.07398628708963687,0.07006597645002248,-0.0013957834952672617,,-0.3229583986687554,0.11316707991237775,3.446247571540538e-19,
continuous_common,Contínuo: efeito comum,S-learner,29,20261935,12000,2000,0.04875,585,True,,,0.4219678203414531,0.38306996410694716,0.30361378263759026,,,,,
continuous_heterogeneous,Contínuo: heterogêneo,Q,0,20262906,12000,2000,0.04375,525,True,,,0.485674990882165,0.5323940822542679,0.4193351169592382,0.7575880198077999,,,,
continuous_heterogeneous,Contínuo: heterogêneo,DML,0,20262906,12000,2000,0.04375,525,True,,,0.06620127356944558,0.06600917664075469,0.017731744879180198,0.9570652490025914,-0.4545476737013088,-0.2037220138150103,3.7747032638288914e-17,
continuous_heterogeneous,Contínuo: heterogêneo,S-learner,0,20262906,12000,2000,0.04375,525,True,,,0.3110487254189548,0.28408212423293694,0.13706576445903587,0.7055454772830755,,,,
continuous_heterogeneous,Contínuo: heterogêneo,Q,1,20262907,12000,2000,0.04591666666666667,551,True,,,0.40911412633255356,0.3192776799315296,-0.11350380897995845,0.8189733176221105,,,,
continuous_heterogeneous,Contínuo: heterogêneo,DML,1,20262907,12000,2000,0.04591666666666667,551,True,,,0.09356144841695631,0.07569466466906917,-0.006831085207568264,0.9566652115363534,-0.22511416708555632,-0.279923106478536,2.585410606390116e-18,
continuous_heterogeneous,Contínuo: heterogêneo,S-learner,1,20262907,12000,2000,0.04591666666666667,551,True,,,0.34251010878410076,0.27968889802929914,-0.0688962809735973,0.7977458928207919,,,,
continuous_heterogeneous,Contínuo: heterogêneo,Q,2,20262908,12000,2000,0.043083333333333335,517,True,,,0.3240531464484003,0.28024195295342974,0.028446302123616783,0.7983694297238034,,,,
continuous_heterogeneous,Contínuo: heterogêneo,DML,2,20262908,12000,2000,0.043083333333333335,517,True,,,0.11626092542741294,0.11582328137870262,0.021833676510028974,0.9528397673625844,-0.3467116218660175,-0.3837886722726388,8.046836873215166e-18,
continuous_heterogeneous,Contínuo: heterogêneo,S-learner,2,20262908,12000,2000,0.043083333333333335,517,True,,,0.326017401178082,0.24096256089087756,-0.15183795765714536,0.5711531156803027,,,,
continuous_heterogeneous,Contínuo: heterogêneo,Q,3,20262909,12000,2000,0.050666666666666665,608,True,,,0.3504921016565899,0.32122000301770504,0.24149707855458302,0.7338275945854134,,,,
continuous_heterogeneous,Contínuo: heterogêneo,DML,3,20262909,12000,2000,0.050666666666666665,608,True,,,0.019490032885899723,0.01552623174290107,-0.00020001126350299535,0.9519216182936959,-0.33268522799039774,-0.22535405549301804,8.376228552359703e-19,
continuous_heterogeneous,Contínuo: heterogêneo,S-learner,3,20262909,12000,2000,0.050666666666666665,608,True,,,0.258923513874161,0.22757078714301612,0.05486293287595711,0.8235473492953391,,,,
continuous_heterogeneous,Contínuo: heterogêneo,Q,4,20262910,12000,2000,0.04516666666666667,542,True,,,0.41228554348007884,0.34211412075774056,0.05476499885939504,0.7293861512157784,,,,
continuous_heterogeneous,Contínuo: heterogêneo,DML,4,20262910,12000,2000,0.04516666666666667,542,True,,,0.17973222313860948,0.15419287157593212,0.018009949837749565,0.9541910889414295,-0.2167595624559128,-0.45074395098180553,1.520206508556316e-18,
continuous_heterogeneous,Contínuo: heterogêneo,S-learner,4,20262910,12000,2000,0.04516666666666667,542,True,,,0.46050863148750476,0.4515194422304874,0.28687509718508497,0.8294169814800185,,,,
continuous_heterogeneous,Contínuo: heterogêneo,Q,5,20262911,12000,2000,0.04691666666666667,563,True,,,0.3942209518316034,0.3275369549665232,0.11817566670114436,-0.2650352087708997,,,,
continuous_heterogeneous,Contínuo: heterogêneo,DML,5,20262911,12000,2000,0.04691666666666667,563,True,,,0.1032725308440769,0.09108284702168362,0.0024824831430591524,0.9546084547691688,-0.42041268554871275,-0.049973539004457244,7.819872721927894e-19,
continuous_heterogeneous,Contínuo: heterogêneo,S-learner,5,20262911,12000,2000,0.04691666666666667,563,True,,,0.43375695517228696,0.38451448006988165,0.11409058882301547,-0.3411332948968822,,,,
continuous_heterogeneous,Contínuo: heterogêneo,Q,6,20262912,12000,2000,0.04475,537,True,,,0.45449107635969305,0.3273090754626339,-0.051361907426186106,0.43777943476530606,,,,
continuous_heterogeneous,Contínuo: heterogêneo,DML,6,20262912,12000,2000,0.04475,537,True,,,0.10912167497391338,0.10629524736029712,0.015701156557774956,0.9499336102785574,-0.3232576381553388,-0.36959784008079033,7.038375813035522e-19,
continuous_heterogeneous,Contínuo: heterogêneo,S-learner,6,20262912,12000,2000,0.04475,537,True,,,0.47824351142079113,0.4073970072207562,0.0341952794328257,0.3762736428386301,,,,
continuous_heterogeneous,Contínuo: heterogêneo,Q,7,20262913,12000,2000,0.04666666666666667,560,True,,,0.3755976090581561,0.29520332608775635,0.028765390757567757,0.1257673395697484,,,,
continuous_heterogeneous,Contínuo: heterogêneo,DML,7,20262913,12000,2000,0.04666666666666667,560,True,,,0.05281951104709625,0.04422986713986314,-0.012343840021595434,0.9532127672561499,-0.2800382592599586,-0.1548096519619692,2.2656906943624312e-18,
continuous_heterogeneous,Contínuo: heterogêneo,S-learner,7,20262913,12000,2000,0.04666666666666667,560,True,,,0.3097021563214565,0.2510605597798331,-0.10911411173772029,0.31272882326978685,,,,
continuous_heterogeneous,Contínuo: heterogêneo,Q,8,20262914,12000,2000,0.04741666666666667,569,True,,,0.46653821364328735,0.3246700612585323,-0.15695132146878615,0.22270556192391336,,,,
continuous_heterogeneous,Contínuo: heterogêneo,DML,8,20262914,12000,2000,0.04741666666666667,569,True,,,0.08185002843981092,0.07531394585341956,0.00013348538206981253,0.9503224438800031,-0.39317119024611097,-0.07962613116163732,7.538528455228522e-19,
continuous_heterogeneous,Contínuo: heterogêneo,S-learner,8,20262914,12000,2000,0.04741666666666667,569,True,,,0.27882043135427403,0.24736841189173436,0.11562764329986908,0.3463897286334698,,,,
continuous_heterogeneous,Contínuo: heterogêneo,Q,9,20262915,12000,2000,0.04666666666666667,560,True,,,0.33187901146537596,0.23367817354602183,0.03869866930271458,0.6388622968480315,,,,
continuous_heterogeneous,Contínuo: heterogêneo,DML,9,20262915,12000,2000,0.04666666666666667,560,True,,,0.15222355120382006,0.11915339634901176,0.016653621074183795,0.9531114098721121,-0.4945064263982896,-0.008098804239827916,1.1253104821712928e-18,
continuous_heterogeneous,Contínuo: heterogêneo,S-learner,9,20262915,12000,2000,0.04666666666666667,560,True,,,0.38582453760096286,0.26689556116929075,0.016245034942695042,-0.8230959036176204,,,,
continuous_heterogeneous,Contínuo: heterogêneo,Q,10,20262916,12000,2000,0.04725,567,True,,,0.35246269019538584,0.27117802780473305,-0.06009390460146624,0.418392711123659,,,,
continuous_heterogeneous,Contínuo: heterogêneo,DML,10,20262916,12000,2000,0.04725,567,True,,,0.1889683305527747,0.18269418169438376,0.05282703599300727,0.9523816124286852,-0.6365812765046996,-0.12128352884143069,3.0253352237654084e-19,
continuous_heterogeneous,Contínuo: heterogêneo,S-learner,10,20262916,12000,2000,0.04725,567,True,,,0.2716040084964026,0.2087897719403515,-0.05883016213092258,0.6622371414236115,,,,
continuous_heterogeneous,Contínuo: heterogêneo,Q,11,20262917,12000,2000,0.04425,531,True,,,0.5188060727113848,0.35294315605999654,-0.057684699570815734,-0.08763906909710886,,,,
continuous_heterogeneous,Contínuo: heterogêneo,DML,11,20262917,12000,2000,0.04425,531,True,,,0.04808234610662901,0.041360109163618944,-0.009796653822263128,0.9508539370526675,-0.31170898652840107,-0.1347420133066863,1.4514106492586999e-18,
continuous_heterogeneous,Contínuo: heterogêneo,S-learner,11,20262917,12000,2000,0.04425,531,True,,,0.3978056950880635,0.31610303815169605,0.03500208419106017,0.496564039003533,,,,
continuous_heterogeneous,Contínuo: heterogêneo,Q,12,20262918,12000,2000,0.04883333333333333,586,True,,,0.5232097856562394,0.3544146330816935,-0.12945357669409388,-0.002164122083514026,,,,
continuous_heterogeneous,Contínuo: heterogêneo,DML,12,20262918,12000,2000,0.04883333333333333,586,True,,,0.04178800944746008,0.037389095288781926,-0.007910391777144284,0.9525873146984967,-0.3212754775722484,-0.13980454957047103,6.869228756226046e-19,
continuous_heterogeneous,Contínuo: heterogêneo,S-learner,12,20262918,12000,2000,0.04883333333333333,586,True,,,0.41549324590663694,0.259975009234879,-0.1602037702532235,0.46312300547781926,,,,
continuous_heterogeneous,Contínuo: heterogêneo,Q,13,20262919,12000,2000,0.04625,555,True,,,0.4659098763687687,0.2913303825038395,-0.05172691922791211,0.18752643922230108,,,,
continuous_heterogeneous,Contínuo: heterogêneo,DML,13,20262919,12000,2000,0.04625,555,True,,,0.05959606339073102,0.05117516192597824,0.016138673433954694,0.9570963041404953,-0.4012320519358028,-0.27771425166875396,3.2024183568465114e-18,
continuous_heterogeneous,Contínuo: heterogêneo,S-learner,13,20262919,12000,2000,0.04625,555,True,,,0.32206994627380287,0.19548060615642812,-0.04199836511857751,0.6631064338061524,,,,
continuous_heterogeneous,Contínuo: heterogêneo,Q,14,20262920,12000,2000,0.043833333333333335,526,True,,,0.3232595381304859,0.19948388728169256,-0.04589747934509294,0.21790355002707518,,,,
continuous_heterogeneous,Contínuo: heterogêneo,DML,14,20262920,12000,2000,0.043833333333333335,526,True,,,0.04165173578581079,0.03319582509249497,0.005523233186768124,0.9518420969249005,-0.4040757133464542,-0.16267971396009168,1.0056056034401736e-18,
continuous_heterogeneous,Contínuo: heterogêneo,S-learner,14,20262920,12000,2000,0.043833333333333335,526,True,,,0.24701682273690304,0.2009003571912478,0.023672292668025407,0.25763956677913874,,,,
continuous_heterogeneous,Contínuo: heterogêneo,Q,15,20262921,12000,2000,0.04516666666666667,542,True,,,0.6314343522310198,0.41172864401137416,-0.10654895758552453,0.1566896397172807,,,,
continuous_heterogeneous,Contínuo: heterogêneo,DML,15,20262921,12000,2000,0.04516666666666667,542,True,,,0.2644665461564257,0.18737815977997707,0.051233464495842866,-0.9579421810274852,-0.6472117908049732,0.11600343163017827,6.610891172866127e-19,
continuous_heterogeneous,Contínuo: heterogêneo,S-learner,15,20262921,12000,2000,0.04516666666666667,542,True,,,0.4448082963093707,0.3130288493412094,-0.11111983137098291,0.60190014109312,,,,
continuous_heterogeneous,Contínuo: heterogêneo,Q,16,20262922,12000,2000,0.049166666666666664,590,True,,,0.7689317003738034,0.3454735980653468,-0.22073648583193545,-0.8224077931699095,,,,
continuous_heterogeneous,Contínuo: heterogêneo,DML,16,20262922,12000,2000,0.049166666666666664,590,True,,,0.06952622999464324,0.06303730596828296,3.75703053720553e-05,0.9500739169603271,-0.39046411321905783,-0.09851324906724936,1.9414564767228187e-18,
continuous_heterogeneous,Contínuo: heterogêneo,S-learner,16,20262922,12000,2000,0.049166666666666664,590,True,,,0.37349339737081216,0.24366593283412244,-0.06608704198295182,-0.8153520783736696,,,,
continuous_heterogeneous,Contínuo: heterogêneo,Q,17,20262923,12000,2000,0.04741666666666667,569,True,,,0.4362525741316476,0.3401208809474281,-0.046993337460812926,0.21812232618724764,,,,
continuous_heterogeneous,Contínuo: heterogêneo,DML,17,20262923,12000,2000,0.04741666666666667,569,True,,,0.05204445111300156,0.042182693905426547,0.015182568089313661,0.9549980300394081,-0.41292069164080303,-0.25057632833469917,1.1254230885828954e-18,
continuous_heterogeneous,Contínuo: heterogêneo,S-learner,17,20262923,12000,2000,0.04741666666666667,569,True,,,0.34340733649708555,0.2978404416871997,0.0025354026686003513,0.5150276986405571,,,,
continuous_heterogeneous,Contínuo: heterogêneo,Q,18,20262924,12000,2000,0.04641666666666667,557,True,,,0.39022479311339187,0.24846002481927731,-0.1324263684227056,0.5842533851967255,,,,
continuous_heterogeneous,Contínuo: heterogêneo,DML,18,20262924,12000,2000,0.04641666666666667,557,True,,,0.13921106870828429,0.09640606315950521,-0.0010684042831059343,0.9597861476838995,-0.18499032667680143,-0.3513930014824134,7.204662076017978e-19,
continuous_heterogeneous,Contínuo: heterogêneo,S-learner,18,20262924,12000,2000,0.04641666666666667,557,True,,,0.3499966911752271,0.24181933916169537,-0.10935612803906222,0.5949670739467174,,,,
continuous_heterogeneous,Contínuo: heterogêneo,Q,19,20262925,12000,2000,0.044333333333333336,532,True,,,0.30209518559438786,0.2284059692784067,-0.09822328329028479,0.46100381092535037,,,,
continuous_heterogeneous,Contínuo: heterogêneo,DML,19,20262925,12000,2000,0.044333333333333336,532,True,,,0.049872789265023865,0.049059192235603316,-0.0057518578915558,0.9574388823387602,-0.34809910682611667,-0.12120701971486625,4.473004656354228e-19,
continuous_heterogeneous,Contínuo: heterogêneo,S-learner,19,20262925,12000,2000,0.044333333333333336,532,True,,,0.21450491275119835,0.1559365573722538,-0.046461712014658915,0.7739484124783065,,,,
continuous_heterogeneous,Contínuo: heterogêneo,Q,20,20262926,12000,2000,0.04516666666666667,542,True,,,0.46076646101025315,0.3184388287136018,-0.04738655337432642,-0.28350825417233616,,,,
continuous_heterogeneous,Contínuo: heterogêneo,DML,20,20262926,12000,2000,0.04516666666666667,542,True,,,0.04156746773329464,0.040941650510188436,0.011102538014800207,0.9566769255775046,-0.41481102209099335,-0.21078752739105722,1.5036405569953114e-18,
continuous_heterogeneous,Contínuo: heterogêneo,S-learner,20,20262926,12000,2000,0.04516666666666667,542,True,,,0.3778786302801957,0.31790367819833354,0.011219702189175021,-0.43686877606825647,,,,
continuous_heterogeneous,Contínuo: heterogêneo,Q,21,20262927,12000,2000,0.04758333333333333,571,True,,,0.5443708550072732,0.3893816152875048,-0.09100491935717014,0.44151884356250487,,,,
continuous_heterogeneous,Contínuo: heterogêneo,DML,21,20262927,12000,2000,0.04758333333333333,571,True,,,0.039915585874739354,0.03249539791764681,0.001221625643777495,0.9555583025357653,-0.38415661388508715,-0.1466213626973547,8.3530533035638515e-19,
continuous_heterogeneous,Contínuo: heterogêneo,S-learner,21,20262927,12000,2000,0.04758333333333333,571,True,,,0.3074221048277537,0.26201890162562963,0.07712107198487911,0.5948812135069484,,,,
continuous_heterogeneous,Contínuo: heterogêneo,Q,22,20262928,12000,2000,0.04616666666666667,554,True,,,0.27476570134850264,0.21601064926742577,0.10719600053008668,0.14373115733045103,,,,
continuous_heterogeneous,Contínuo: heterogêneo,DML,22,20262928,12000,2000,0.04616666666666667,554,True,,,0.06660805856848082,0.058196240585513,-0.007641971644084897,0.9524524242698855,-0.25477923625223986,-0.24509076369793742,2.1885092589218124e-18,
continuous_heterogeneous,Contínuo: heterogêneo,S-learner,22,20262928,12000,2000,0.04616666666666667,554,True,,,0.2285339364655616,0.17729966844912798,0.06033807134807943,0.46058645407556925,,,,
continuous_heterogeneous,Contínuo: heterogêneo,Q,23,20262929,12000,2000,0.04758333333333333,571,True,,,0.5881693651172429,0.7440630241492526,0.6774682101464491,-0.2593105381714346,,,,
continuous_heterogeneous,Contínuo: heterogêneo,DML,23,20262929,12000,2000,0.04758333333333333,571,True,,,0.0012945937369212763,0.0012069980955861461,-0.0003338945444030541,0.9575725282136522,-0.34809081757043875,-0.19926749478274783,6.180692047987495e-19,
continuous_heterogeneous,Contínuo: heterogêneo,S-learner,23,20262929,12000,2000,0.04758333333333333,571,True,,,0.2888441749981915,0.2921444446140601,0.20028423411045873,0.5294522848680605,,,,
continuous_heterogeneous,Contínuo: heterogêneo,Q,24,20262930,12000,2000,0.04691666666666667,563,True,,,0.28312508763662897,0.2536731163706288,0.1575268011102468,0.7097448417055151,,,,
continuous_heterogeneous,Contínuo: heterogêneo,DML,24,20262930,12000,2000,0.04691666666666667,563,True,,,0.03618514803031513,0.035450102570635536,0.004485501925928299,0.9508518923260183,-0.3443217289089726,-0.2568575010217913,3.3767699406167206e-19,
continuous_heterogeneous,Contínuo: heterogêneo,S-learner,24,20262930,12000,2000,0.04691666666666667,563,True,,,0.24471725262685737,0.2274290214115173,0.12938704426818248,0.7739162319218105,,,,
continuous_heterogeneous,Contínuo: heterogêneo,Q,25,20262931,12000,2000,0.04475,537,True,,,0.4682490737324159,0.4612536492525224,0.2082182136881195,0.08140354310296156,,,,
continuous_heterogeneous,Contínuo: heterogêneo,DML,25,20262931,12000,2000,0.04475,537,True,,,0.017544653400904702,0.01563015795557927,0.00283442758653446,0.9576976496353489,-0.3752326389801095,-0.18884617230412523,2.137466018326177e-18,
continuous_heterogeneous,Contínuo: heterogêneo,S-learner,25,20262931,12000,2000,0.04475,537,True,,,0.32090658896111235,0.30055704812076456,0.14020868722501315,0.2370707739809254,,,,
continuous_heterogeneous,Contínuo: heterogêneo,Q,26,20262932,12000,2000,0.0455,546,True,,,0.513574725605186,0.2914968696629007,-0.14368020649120644,-0.34569226662771946,,,,
continuous_heterogeneous,Contínuo: heterogêneo,DML,26,20262932,12000,2000,0.0455,546,True,,,0.04548226415328808,0.041202718074644866,-0.010777422295138403,0.9548862685437579,-0.2846113070011999,-0.1706509626110014,1.6621602202792818e-18,
continuous_heterogeneous,Contínuo: heterogêneo,S-learner,26,20262932,12000,2000,0.0455,546,True,,,0.2903883828505628,0.20644667029905936,-0.018575425844482154,0.00916233045601063,,,,
continuous_heterogeneous,Contínuo: heterogêneo,Q,27,20262933,12000,2000,0.0465,558,True,,,0.42095173424025895,0.2671996833507891,0.03255599375098986,-0.6907724891280977,,,,
continuous_heterogeneous,Contínuo: heterogêneo,DML,27,20262933,12000,2000,0.0465,558,True,,,0.03069520485106405,0.028570585204950157,-0.0009999228731430838,0.9480374876676889,-0.3644596556432611,-0.1543167795193251,1.2134680382679172e-19,
continuous_heterogeneous,Contínuo: heterogêneo,S-learner,27,20262933,12000,2000,0.0465,558,True,,,0.2668195221558657,0.21745692549296344,0.04350015305571962,-0.3729073404571135,,,,
continuous_heterogeneous,Contínuo: heterogêneo,Q,28,20262934,12000,2000,0.04766666666666667,572,True,,,0.42166599106112507,0.30468647627750556,-0.019464435055848738,0.4766598942841355,,,,
continuous_heterogeneous,Contínuo: heterogêneo,DML,28,20262934,12000,2000,0.04766666666666667,572,True,,,0.06837746885192293,0.06038882792148623,0.020213521448725246,0.9495455423930597,-0.4451159565419655,-0.2542293156413298,9.384609950601993e-19,
continuous_heterogeneous,Contínuo: heterogêneo,S-learner,28,20262934,12000,2000,0.04766666666666667,572,True,,,0.31763871923114956,0.25251551584142046,-0.02405394865387119,0.5372477854306679,,,,
continuous_heterogeneous,Contínuo: heterogêneo,Q,29,20262935,12000,2000,0.04466666666666667,536,True,,,0.41702034960735374,0.3283144414643048,-0.07232703493983782,0.8018130175474171,,,,
continuous_heterogeneous,Contínuo: heterogêneo,DML,29,20262935,12000,2000,0.04466666666666667,536,True,,,0.03810680618505152,0.03741175998333264,0.010306736925207944,0.9564327102883808,-0.4088874809095579,-0.21136345167656526,4.680586823627245e-19,
continuous_heterogeneous,Contínuo: heterogêneo,S-learner,29,20262935,12000,2000,0.04466666666666667,536,True,,,0.43065410700242573,0.3009182061053088,-0.14260198524383175,0.8207364040243599,,,,
continuous_rare,Contínuo: conversão rara,Q,0,20263906,12000,2000,0.0095,114,True,,,1.2422244854103244,1.9771962663249938,1.67581890640048,0.23509115798079444,,,,
continuous_rare,Contínuo: conversão rara,DML,0,20263906,12000,2000,0.0095,114,True,,,0.2588998656960761,0.2503601429188396,0.08083753567640095,0.9509638882697802,-0.7406212172351715,-0.07560617187776135,5.6130270963493355e-19,
continuous_rare,Contínuo: conversão rara,S-learner,0,20263906,12000,2000,0.0095,114,True,,S-learner response clipped.,0.7006178774562285,0.8412787951859007,0.6549150303636528,0.36367689443370715,,,,
continuous_rare,Contínuo: conversão rara,Q,1,20263907,12000,2000,0.008666666666666666,104,True,,,0.9153814474302616,0.7494320245894495,0.1532433268886303,-0.30530611305322763,,,,
continuous_rare,Contínuo: conversão rara,DML,1,20263907,12000,2000,0.008666666666666666,104,True,,,0.6787135402906259,0.7091572794082094,0.3639213878124674,-0.9536142066182998,-1.3170021422574503,0.2576636791072747,1.3591260953868533e-18,
continuous_rare,Contínuo: conversão rara,S-learner,1,20263907,12000,2000,0.008666666666666666,104,True,,S-learner response clipped.,0.5485642780569965,0.5731862655804302,0.21638252213492756,0.718939109448062,,,,
continuous_rare,Contínuo: conversão rara,Q,2,20263908,12000,2000,0.01075,129,True,,,0.7147176937828699,0.8203734944435307,0.5815741367919266,-0.11929536352519944,,,,
continuous_rare,Contínuo: conversão rara,DML,2,20263908,12000,2000,0.01075,129,True,,,0.11576026424887917,0.11267998280813407,-0.01893284498232736,0.9503652808004355,-0.16697075544422915,-0.20017707664995138,2.212035081377006e-19,
continuous_rare,Contínuo: conversão rara,S-learner,2,20263908,12000,2000,0.01075,129,True,,,0.5289881493871585,0.6196175725243623,0.5441471052688155,0.03605096492353936,,,,
continuous_rare,Contínuo: conversão rara,Q,3,20263909,12000,2000,0.00825,99,True,,,1.583504404321441,0.7132384539616059,-0.44779276769908005,-0.42157529892749424,,,,
continuous_rare,Contínuo: conversão rara,DML,3,20263909,12000,2000,0.00825,99,True,,,0.20296886159695568,0.19868024469429876,-0.006135824454901892,-0.9536110228885288,-0.3460584536472497,0.12087015288606709,5.359607782647208e-19,
continuous_rare,Contínuo: conversão rara,S-learner,3,20263909,12000,2000,0.00825,99,True,,S-learner response clipped.,0.9865997051961647,0.5362525223453358,-0.3152894408959106,-0.5596205557756164,,,,
continuous_rare,Contínuo: conversão rara,Q,4,20263910,12000,2000,0.008,96,True,,,0.8956646930053359,1.3319981530862852,1.125650072733433,0.3936579760270967,,,,
continuous_rare,Contínuo: conversão rara,DML,4,20263910,12000,2000,0.008,96,True,,,0.30742715627649914,0.23934940550735012,0.0642512929224319,-0.9485841820547578,-0.6610333235748446,0.16585148958237525,6.98670980614111e-20,
continuous_rare,Contínuo: conversão rara,S-learner,4,20263910,12000,2000,0.008,96,True,,S-learner response clipped.,0.46300072968089195,0.48359123522568315,0.39427809632740596,0.7019833293034777,,,,
continuous_rare,Contínuo: conversão rara,Q,5,20263911,12000,2000,0.01025,123,True,,,1.2193363459537858,0.637977654432434,-0.35489521735981083,-0.8203023862022627,,,,
continuous_rare,Contínuo: conversão rara,DML,5,20263911,12000,2000,0.01025,123,True,,,0.32276337403545996,0.2827529170199663,0.054728317448665166,-0.9554660106816076,-0.605478922532984,0.24101585872825937,8.793074948357521e-20,
continuous_rare,Contínuo: conversão rara,S-learner,5,20263911,12000,2000,0.01025,123,True,,,0.8347290570270882,0.551383134436812,-0.3044045832118273,-0.8194975843340105,,,,
continuous_rare,Contínuo: conversão rara,Q,6,20263912,12000,2000,0.010166666666666666,122,True,,,0.8007571842798787,0.9855775959754396,0.8224110075884631,0.42354585373052944,,,,
continuous_rare,Contínuo: conversão rara,DML,6,20263912,12000,2000,0.010166666666666666,122,True,,,0.1770705043030168,0.16282787926687092,-0.015207528636513474,0.9570456831586759,-0.08287149994790245,-0.2868187298395601,1.1019649159983355e-19,
continuous_rare,Contínuo: conversão rara,S-learner,6,20263912,12000,2000,0.010166666666666666,122,True,,S-learner response clipped.,0.845007275846377,1.2684648509837453,1.2208473693520396,0.646088224051603,,,,
continuous_rare,Contínuo: conversão rara,Q,7,20263913,12000,2000,0.008166666666666666,98,True,,,1.1104033565362708,2.086805655937407,2.0457742012593716,-0.290056392049688,,,,
continuous_rare,Contínuo: conversão rara,DML,7,20263913,12000,2000,0.008166666666666666,98,True,,,0.028554382252584522,0.027628886018606382,-0.006676539812284656,0.9578412489910215,-0.3058504312166039,-0.19073050766802327,2.263811514637136e-19,
continuous_rare,Contínuo: conversão rara,S-learner,7,20263913,12000,2000,0.008166666666666666,98,True,,S-learner response clipped.,0.6936237823251127,0.9851427438536714,0.9794365920238023,0.46418907720384467,,,,
continuous_rare,Contínuo: conversão rara,Q,8,20263914,12000,2000,0.0095,114,True,,,0.9566726059603184,0.5058754059294236,-0.16464607668018852,-0.063845167054191,,,,
continuous_rare,Contínuo: conversão rara,DML,8,20263914,12000,2000,0.0095,114,True,,,0.14379470658917415,0.10618244932055938,0.004894461947061771,0.9546369506970399,-0.205095067597201,-0.3793037836219413,3.719520872793342e-19,
continuous_rare,Contínuo: conversão rara,S-learner,8,20263914,12000,2000,0.0095,114,True,,S-learner response clipped.,0.48351943722908497,0.3024611885273846,-0.04500195967377788,0.4883426528896552,,,,
continuous_rare,Contínuo: conversão rara,Q,9,20263915,12000,2000,0.009333333333333334,112,True,,,0.8432528768432163,0.5721658167194856,-0.23596359634406605,0.206981098610737,,,,
continuous_rare,Contínuo: conversão rara,DML,9,20263915,12000,2000,0.009333333333333334,112,True,,,0.15001442631357528,0.1518044339769663,0.04714608689111898,0.9568002728239041,-0.5867385129085501,-0.2133347166944924,1.839284801167566e-19,
continuous_rare,Contínuo: conversão rara,S-learner,9,20263915,12000,2000,0.009333333333333334,112,True,,S-learner response clipped.,0.4691034328705726,0.3611993008993522,-0.07896263340000605,0.455311903366893,,,,
continuous_rare,Contínuo: conversão rara,Q,10,20263916,12000,2000,0.010083333333333333,121,True,,,0.7051390571819961,0.8668635439029719,0.5638257706386995,0.003116900417586039,,,,
continuous_rare,Contínuo: conversão rara,DML,10,20263916,12000,2000,0.010083333333333333,121,True,,,0.17449400761751244,0.1516351623318055,0.017851103226368684,0.9510905530414664,-0.22633640694723836,-0.4455222870979031,1.5118131404196373e-19,
continuous_rare,Contínuo: conversão rara,S-learner,10,20263916,12000,2000,0.010083333333333333,121,True,,,0.6292274405959752,0.7387622260978857,0.35545736793811594,0.40360750037093196,,,,
continuous_rare,Contínuo: conversão rara,Q,11,20263917,12000,2000,0.00925,111,True,,,1.1432244425075209,0.5184844860151072,-0.2986448818551578,0.2840474760181319,,,,
continuous_rare,Contínuo: conversão rara,DML,11,20263917,12000,2000,0.00925,111,True,,,0.2963752630678184,0.24724681578730326,0.04070743302497028,0.9528109020686786,-0.10631616319437673,-0.5913525564388589,2.761730411767506e-19,
continuous_rare,Contínuo: conversão rara,S-learner,11,20263917,12000,2000,0.00925,111,True,,S-learner response clipped.,0.46795716902616474,0.30755686552269007,-0.03823595938484354,0.6810641537566133,,,,
continuous_rare,Contínuo: conversão rara,Q,12,20263918,12000,2000,0.010666666666666666,128,True,,,1.0036816066280279,0.6180184754243603,-0.362920032994053,0.7149300720933123,,,,
continuous_rare,Contínuo: conversão rara,DML,12,20263918,12000,2000,0.010666666666666666,128,True,,,0.11444652080026212,0.11233490949866294,0.028412869895540302,0.9561642516194812,-0.39574798948585366,-0.37462063425442194,7.031407524596753e-17,
continuous_rare,Contínuo: conversão rara,S-learner,12,20263918,12000,2000,0.010666666666666666,128,True,,,0.5732686899042474,0.39748946577591177,-0.26864590860695237,0.6230619228691274,,,,
continuous_rare,Contínuo: conversão rara,Q,13,20263919,12000,2000,0.008583333333333333,103,True,,,1.2570119426881745,2.6689521885639524,2.627170251532118,-0.07360962260406839,,,,
continuous_rare,Contínuo: conversão rara,DML,13,20263919,12000,2000,0.008583333333333333,103,True,,,0.17432796196258565,0.17332481551803425,0.0349259340182806,0.9575770459416475,-0.3255869231749219,-0.47438261269941734,5.240526046521421e-19,
continuous_rare,Contínuo: conversão rara,S-learner,13,20263919,12000,2000,0.008583333333333333,103,True,,S-learner response clipped.,1.0484131861489305,1.8315592373780318,1.8259319058807915,0.10634756890040453,,,,
continuous_rare,Contínuo: conversão rara,Q,14,20263920,12000,2000,0.00875,105,True,,,0.6888209393053312,0.47482279712163344,-0.30550774115946777,0.8075294417700629,,,,
continuous_rare,Contínuo: conversão rara,DML,14,20263920,12000,2000,0.00875,105,True,,,0.11554658156511229,0.1124511625302273,0.01706602286914405,0.9528052974658002,-0.320077736736659,-0.3796307076939387,7.660300977152945e-19,
continuous_rare,Contínuo: conversão rara,S-learner,14,20263920,12000,2000,0.00875,105,True,,,0.38915122495824717,0.2805568797323406,-0.14307779609240015,0.7891317593540913,,,,
continuous_rare,Contínuo: conversão rara,Q,15,20263921,12000,2000,0.00875,105,True,,,0.9215562988069982,1.0135125273198562,0.40706584374630406,-0.2930508600572387,,,,
continuous_rare,Contínuo: conversão rara,DML,15,20263921,12000,2000,0.00875,105,True,,,0.18215513598746186,0.1428629043939789,-0.0032607068575126446,0.9562683928930329,-0.1140956889455406,-0.3664120280833372,6.121047805873936e-17,
continuous_rare,Contínuo: conversão rara,S-learner,15,20263921,12000,2000,0.00875,105,True,,S-learner response clipped.,0.5179034628572095,0.42697133719250907,0.06418153122536614,0.4565567647258685,,,,
continuous_rare,Contínuo: conversão rara,Q,16,20263922,12000,2000,0.009583333333333333,115,True,,,0.8755825190164475,0.5783499842691756,0.05483260592939664,0.23291886352001753,,,,
continuous_rare,Contínuo: conversão rara,DML,16,20263922,12000,2000,0.009583333333333333,115,True,,,0.09527686869088092,0.09495714431498428,0.020058739416910026,0.956684035697316,-0.3661222515260443,-0.3494104112569076,1.973852049662094e-18,
continuous_rare,Contínuo: conversão rara,S-learner,16,20263922,12000,2000,0.009583333333333333,115,True,,S-learner response clipped.,0.6217662916791148,0.6704507422599263,0.3645187033445111,0.5648044350593047,,,,
continuous_rare,Contínuo: conversão rara,Q,17,20263923,12000,2000,0.010416666666666666,125,True,,,0.8221836116743051,1.2645089930717517,1.0134851660192938,-0.4370353511886389,,,,
continuous_rare,Contínuo: conversão rara,DML,17,20263923,12000,2000,0.010416666666666666,125,True,,,0.18471525392611526,0.16195618540012924,0.021555860360105653,0.9555960357296884,-0.22222902933580913,-0.4651966610460124,2.0631248577735972e-18,
continuous_rare,Contínuo: conversão rara,S-learner,17,20263923,12000,2000,0.010416666666666666,125,True,,S-learner response clipped.,0.6848570057015215,0.8976499226674923,0.7092956185459262,-0.1895895430140402,,,,
continuous_rare,Contínuo: conversão rara,Q,18,20263924,12000,2000,0.008916666666666666,107,True,,,1.3048459481347876,0.749489348071533,-0.4227109344195049,-0.6448528108661404,,,,
continuous_rare,Contínuo: conversão rara,DML,18,20263924,12000,2000,0.008916666666666666,107,True,,,0.10925567110508469,0.08652121911024463,-0.021800434403360235,0.950378457506962,-0.20894702085827227,-0.09697308658424951,1.9289416213418185e-19,
continuous_rare,Contínuo: conversão rara,S-learner,18,20263924,12000,2000,0.008916666666666666,107,True,,S-learner response clipped.,0.9116729902478775,0.5158823474341183,-0.35623237402587926,-0.3586670008494355,,,,
continuous_rare,Contínuo: conversão rara,Q,19,20263925,12000,2000,0.00975,117,True,,,0.8204848178437444,0.597540618436516,0.007763983144831286,-0.3769940567125011,,,,
continuous_rare,Contínuo: conversão rara,DML,19,20263925,12000,2000,0.00975,117,True,,,0.20106969917649115,0.19065312449956212,-0.015072712737858492,-0.9499165538349732,-0.2755762504662168,0.10938304558103835,8.44439995226274e-20,
continuous_rare,Contínuo: conversão rara,S-learner,19,20263925,12000,2000,0.00975,117,True,,S-learner response clipped.,0.5089672870156905,0.39032023775048197,-0.027837667598577212,-0.01750486073721743,,,,
continuous_rare,Contínuo: conversão rara,Q,20,20263926,12000,2000,0.009916666666666667,119,True,,,1.120894000564497,0.5775268855828263,-0.32916319338924255,-0.2791040329822432,,,,
continuous_rare,Contínuo: conversão rara,DML,20,20263926,12000,2000,0.009916666666666667,119,True,,,0.1626980628235609,0.16198290620725128,0.04689788270895941,0.9490343510500452,-0.6039176067573617,-0.16707754123022583,1.8292651357200905e-19,
continuous_rare,Contínuo: conversão rara,S-learner,20,20263926,12000,2000,0.009916666666666667,119,True,,S-learner response clipped.,0.5464608372036162,0.48991584448035264,0.06480103385099545,0.2584179763589925,,,,
continuous_rare,Contínuo: conversão rara,Q,21,20263927,12000,2000,0.009083333333333334,109,True,,,1.1326965069809845,0.5268304144111864,-0.194581740486705,0.21458021332283717,,,,
continuous_rare,Contínuo: conversão rara,DML,21,20263927,12000,2000,0.009083333333333334,109,True,,,0.214168684934157,0.15290648934987985,0.01210119590969726,0.9538501848864194,-0.12391201156617887,-0.45528584621659396,5.811251723535135e-21,
continuous_rare,Contínuo: conversão rara,S-learner,21,20263927,12000,2000,0.009083333333333334,109,True,,,0.7151685171459234,0.8207165256757106,0.5107210120390623,0.19666143835929573,,,,
continuous_rare,Contínuo: conversão rara,Q,22,20263928,12000,2000,0.008583333333333333,103,True,,,1.151146639503388,0.8894101321267516,0.13802232500300535,0.4339449046674307,,,,
continuous_rare,Contínuo: conversão rara,DML,22,20263928,12000,2000,0.008583333333333333,103,True,,,0.11349707899987986,0.10326315377935251,-0.022791216631253244,0.9539677510420953,-0.18446794028799965,-0.13297427952296015,1.126586584332778e-19,
continuous_rare,Contínuo: conversão rara,S-learner,22,20263928,12000,2000,0.008583333333333333,103,True,,,0.8197032983586554,0.9109571227728782,0.37906375759698896,0.4022376225165664,,,,
continuous_rare,Contínuo: conversão rara,Q,23,20263929,12000,2000,0.009916666666666667,119,True,,,0.7948003757345342,0.7395309398926361,0.11676261987590456,0.6296272639578657,,,,
continuous_rare,Contínuo: conversão rara,DML,23,20263929,12000,2000,0.009916666666666667,119,True,,,0.2087967220162152,0.17407997115805876,0.021293858456047338,0.955351950426877,-0.1811998282188911,-0.4833819685840176,1.4318067795068587e-19,
continuous_rare,Contínuo: conversão rara,S-learner,23,20263929,12000,2000,0.009916666666666667,119,True,,S-learner response clipped.,0.6417654431232894,0.7076681825973089,0.4683900890644203,0.8255672939763772,,,,
continuous_rare,Contínuo: conversão rara,Q,24,20263930,12000,2000,0.009833333333333333,118,True,,,0.5023466519266206,0.4779908451369298,0.18266862610667828,-0.39233409677124115,,,,
continuous_rare,Contínuo: conversão rara,DML,24,20263930,12000,2000,0.009833333333333333,118,True,,,0.04997143332336411,0.03479255607928778,0.00405526538862436,0.9612594825433803,-0.4044862896882457,-0.14112227646180314,1.0851859408052828e-19,
continuous_rare,Contínuo: conversão rara,S-learner,24,20263930,12000,2000,0.009833333333333333,118,True,,,0.49154037490600677,0.5676423560485917,0.3945578165974048,-0.39846238900667785,,,,
continuous_rare,Contínuo: conversão rara,Q,25,20263931,12000,2000,0.008916666666666666,107,True,,,0.7451161039116742,0.533493337771274,0.12231091823228843,-0.7451152115911296,,,,
continuous_rare,Contínuo: conversão rara,DML,25,20263931,12000,2000,0.008916666666666666,107,True,,,0.1162810580598397,0.09779292963550086,0.021672994743547988,0.9550582635130871,-0.5078785188442153,-0.1057790657743924,6.354685396728457e-19,
continuous_rare,Contínuo: conversão rara,S-learner,25,20263931,12000,2000,0.008916666666666666,107,True,,S-learner response clipped.,0.4457331178638156,0.30555002434311557,-0.08347966136475043,-0.0678117608854969,,,,
continuous_rare,Contínuo: conversão rara,Q,26,20263932,12000,2000,0.008333333333333333,100,True,,,0.871792993483956,0.6998865849575853,-0.007894220537271792,-0.025793121224629994,,,,
continuous_rare,Contínuo: conversão rara,DML,26,20263932,12000,2000,0.008333333333333333,100,True,,,0.1766056780578084,0.17776525128075224,0.040142404536205004,0.953098526598848,-0.3565798345222579,-0.4792461133246773,6.215149485368431e-20,
continuous_rare,Contínuo: conversão rara,S-learner,26,20263932,12000,2000,0.008333333333333333,100,True,,S-learner response clipped.,0.4920204154924618,0.41257982348062555,-0.020537228167755977,0.7112826628865755,,,,
continuous_rare,Contínuo: conversão rara,Q,27,20263933,12000,2000,0.011083333333333334,133,True,,,1.0232466718586348,1.4555697803716965,0.903468753429548,0.7452816120566752,,,,
continuous_rare,Contínuo: conversão rara,DML,27,20263933,12000,2000,0.011083333333333334,133,True,,,0.09165313337756988,0.07147228857739509,-0.01802642853979355,0.9561264454115206,-0.26046130155862135,-0.08730120528072076,1.7683012442885271e-19,
continuous_rare,Contínuo: conversão rara,S-learner,27,20263933,12000,2000,0.011083333333333334,133,True,,S-learner response clipped.,0.8104455897752522,1.07612106909947,0.7562885152975407,0.8245593971372632,,,,
continuous_rare,Contínuo: conversão rara,Q,28,20263934,12000,2000,0.007916666666666667,95,True,,,0.9074729122192536,0.7469297400631804,0.21200608669360013,-0.3295793229869921,,,,
continuous_rare,Contínuo: conversão rara,DML,28,20263934,12000,2000,0.007916666666666667,95,True,,,0.0452084168182639,0.04136065541603337,-0.006402517174308358,0.9504430703412562,-0.2835858527784862,-0.2237896228561516,1.4969469280478395e-19,
continuous_rare,Contínuo: conversão rara,S-learner,28,20263934,12000,2000,0.007916666666666667,95,True,,S-learner response clipped.,0.7117642106806589,0.9021652024298505,0.7371109611131818,-0.38028432783563926,,,,
continuous_rare,Contínuo: conversão rara,Q,29,20263935,12000,2000,0.009666666666666667,116,True,,,1.2410163072693534,0.7077949969180349,-0.35012246152335363,0.10973966524602026,,,,
continuous_rare,Contínuo: conversão rara,DML,29,20263935,12000,2000,0.009666666666666667,116,True,,,0.04298284868609465,0.03898644271880048,-0.01018260769726242,0.9522980033796046,-0.28782566232486656,-0.17243151897945053,2.028835813158678e-19,
continuous_rare,Contínuo: conversão rara,S-learner,29,20263935,12000,2000,0.009666666666666667,116,True,,,0.973071518622824,0.5839498377073418,-0.25416549444957093,0.5375384798680607,,,,
continuous_weak,Contínuo: pouco overlap,Q,0,20264906,12000,2000,0.04075,489,True,,,0.2557227843620196,0.16839737251097994,0.052674467602237283,0.6155904371968409,,,,
continuous_weak,Contínuo: pouco overlap,DML,0,20264906,12000,2000,0.04075,489,True,,,0.1316983632067296,0.11045990827382525,0.04414447957402291,0.9574216542709252,-0.5136958948861168,-0.32547203238485406,1.601978491484748e-19,
continuous_weak,Contínuo: pouco overlap,S-learner,0,20264906,12000,2000,0.04075,489,True,,,0.24621470659008687,0.16986371047743745,-0.03328823620015382,0.6515743063836666,,,,
continuous_weak,Contínuo: pouco overlap,Q,1,20264907,12000,2000,0.03791666666666667,455,True,,,0.26892339233827545,0.18261147460830296,-0.03123102709811362,0.6215946870206536,,,,
continuous_weak,Contínuo: pouco overlap,DML,1,20264907,12000,2000,0.03791666666666667,455,True,,,0.09223705096372732,0.07440370331369656,0.0271270935006223,0.9551880903836211,-0.44196854128376467,-0.3139237011607505,1.8967006899618406e-19,
continuous_weak,Contínuo: pouco overlap,S-learner,1,20264907,12000,2000,0.03791666666666667,455,True,,,0.28657506148056505,0.240446983828965,0.006811638497297025,0.8253173963054924,,,,
continuous_weak,Contínuo: pouco overlap,Q,2,20264908,12000,2000,0.037333333333333336,448,True,,,0.44753675349895367,0.3932669610055343,-0.00884051130512313,0.14165196154203988,,,,
continuous_weak,Contínuo: pouco overlap,DML,2,20264908,12000,2000,0.037333333333333336,448,True,,,0.1463814237346081,0.1361901547402589,-0.017206864909796615,-0.9547401313781035,-0.2782314625101307,0.020256498163998896,5.129504682769313e-19,
continuous_weak,Contínuo: pouco overlap,S-learner,2,20264908,12000,2000,0.037333333333333336,448,True,,,0.4030613874533281,0.3382277495936521,-0.0730127563171166,0.41267494467515414,,,,
continuous_weak,Contínuo: pouco overlap,Q,3,20264909,12000,2000,0.0415,498,True,,,0.5847435979560304,0.4398906417617231,0.02536810876774654,0.2089631225480864,,,,
continuous_weak,Contínuo: pouco overlap,DML,3,20264909,12000,2000,0.0415,498,True,,,0.021358292860169027,0.018778652090355705,-0.0029541404553051365,0.9547176813646532,-0.31946969463639446,-0.21422193166640746,3.9726814122175346e-19,
continuous_weak,Contínuo: pouco overlap,S-learner,3,20264909,12000,2000,0.0415,498,True,,,0.45892011130309357,0.4650482798415194,0.19904306709867461,0.5459468211747093,,,,
continuous_weak,Contínuo: pouco overlap,Q,4,20264910,12000,2000,0.03916666666666667,470,True,,,0.9019882850954718,1.2048641317126638,0.8478141875341934,0.6483091044816305,,,,
continuous_weak,Contínuo: pouco overlap,DML,4,20264910,12000,2000,0.03916666666666667,470,True,,,0.09196324780449094,0.06773503821022,0.012344200273030652,0.9538244056974211,-0.46124894231403596,-0.10558698674975665,1.2778553253239955e-18,
continuous_weak,Contínuo: pouco overlap,S-learner,4,20264910,12000,2000,0.03916666666666667,470,True,,,0.4604088445938893,0.4933480585590636,0.3586909824642517,0.6378843001513272,,,,
continuous_weak,Contínuo: pouco overlap,Q,5,20264911,12000,2000,0.03983333333333333,478,True,,,0.34458970637890146,0.2214215734446625,-0.07792527029231985,-0.6686894110460753,,,,
continuous_weak,Contínuo: pouco overlap,DML,5,20264911,12000,2000,0.03983333333333333,478,True,,,0.10989389105870985,0.10505570814692652,-0.0027443518417162877,0.9484251210741177,-0.3878859898724155,-0.02992988167895481,3.531407717263895e-19,
continuous_weak,Contínuo: pouco overlap,S-learner,5,20264911,12000,2000,0.03983333333333333,478,True,,,0.17425235433272032,0.1440642723259018,0.01397666270444448,0.7080757931771197,,,,
continuous_weak,Contínuo: pouco overlap,Q,6,20264912,12000,2000,0.03783333333333333,454,True,,,0.5127524420210746,0.3049796572755418,-0.13709974939964528,-0.7882612577683342,,,,
continuous_weak,Contínuo: pouco overlap,DML,6,20264912,12000,2000,0.03783333333333333,454,True,,,0.06186510769975858,0.049368673142555664,0.0006960198630384547,0.9543299569384034,-0.29539307049703517,-0.28044931192674344,9.085964857166497e-18,
continuous_weak,Contínuo: pouco overlap,S-learner,6,20264912,12000,2000,0.03783333333333333,454,True,,,0.29818989424025205,0.22990235322467692,0.15237475036997625,-0.3364569548587201,,,,
continuous_weak,Contínuo: pouco overlap,Q,7,20264913,12000,2000,0.0395,474,True,,,0.301828487640411,0.261642477064991,0.09480253236361044,0.6838756782644408,,,,
continuous_weak,Contínuo: pouco overlap,DML,7,20264913,12000,2000,0.0395,474,True,,,0.07124174022255962,0.06948570836793036,-0.013936395094939992,0.9494506733415154,-0.23747946097130818,-0.19020636812746158,2.350283481161744e-19,
continuous_weak,Contínuo: pouco overlap,S-learner,7,20264913,12000,2000,0.0395,474,True,,,0.28257914988073063,0.2409628695560851,0.10828862210150424,0.7262562032835902,,,,
continuous_weak,Contínuo: pouco overlap,Q,8,20264914,12000,2000,0.0385,462,True,,,0.6154518142158256,0.38278108203697386,-0.18094747991231253,-0.812769567004629,,,,
continuous_weak,Contínuo: pouco overlap,DML,8,20264914,12000,2000,0.0385,462,True,,,0.10799381360407338,0.09893865728638465,-0.021486963795982774,0.9528490274655361,-0.18927138410887634,-0.1392201012019704,2.3837717809680014e-19,
continuous_weak,Contínuo: pouco overlap,S-learner,8,20264914,12000,2000,0.0385,462,True,,,0.4328988768993052,0.29067633096259055,-0.05311041091498433,-0.002408340551696751,,,,
continuous_weak,Contínuo: pouco overlap,Q,9,20264915,12000,2000,0.037333333333333336,448,True,,,0.43537383175210137,0.39847550369886225,0.08928865429120796,0.7989937152669954,,,,
continuous_weak,Contínuo: pouco overlap,DML,9,20264915,12000,2000,0.037333333333333336,448,True,,,0.07567912669314121,0.06871017837281189,0.005939946280976069,0.9520341719114545,-0.30669170817403973,-0.31146034619051477,2.583935820015892e-19,
continuous_weak,Contínuo: pouco overlap,S-learner,9,20264915,12000,2000,0.037333333333333336,448,True,,,0.2395995548879821,0.18943805776762576,0.004376478019142933,0.6887328910896653,,,,
continuous_weak,Contínuo: pouco overlap,Q,10,20264916,12000,2000,0.0385,462,True,,,0.4095073920949431,0.28381196202859843,-0.06812307573638418,-0.00971313959451157,,,,
continuous_weak,Contínuo: pouco overlap,DML,10,20264916,12000,2000,0.0385,462,True,,,0.16982905867379655,0.14906081822482362,0.055782440640102016,0.9565014480156467,-0.49970406415832125,-0.4245731403337081,1.9804207419130484e-18,
continuous_weak,Contínuo: pouco overlap,S-learner,10,20264916,12000,2000,0.0385,462,True,,,0.29486240634508426,0.20983455728930683,-0.06230947485129219,0.6833754391462437,,,,
continuous_weak,Contínuo: pouco overlap,Q,11,20264917,12000,2000,0.041416666666666664,497,True,,,0.5805073798446214,0.6198170694439092,0.3014061104928172,0.09940196967223384,,,,
continuous_weak,Contínuo: pouco overlap,DML,11,20264917,12000,2000,0.041416666666666664,497,True,,,0.14158986967811377,0.12112177841185186,-0.020120332579962884,0.948716646679777,-0.24087118633156832,-4.0260692326984875e-07,1.4290493524226879e-18,
continuous_weak,Contínuo: pouco overlap,S-learner,11,20264917,12000,2000,0.041416666666666664,497,True,,,0.28394508564826554,0.2713015363979275,0.09796063319567781,0.44123863611978736,,,,
continuous_weak,Contínuo: pouco overlap,Q,12,20264918,12000,2000,0.04133333333333333,496,True,,,0.40920904623909543,0.38652594854711886,0.1540310851494766,0.8049966873444075,,,,
continuous_weak,Contínuo: pouco overlap,DML,12,20264918,12000,2000,0.04133333333333333,496,True,,,0.11496871375051453,0.08911163946161683,0.0037039951809949654,0.9582302214548233,-0.2426544495145207,-0.347995695717202,1.4255313101007514e-19,
continuous_weak,Contínuo: pouco overlap,S-learner,12,20264918,12000,2000,0.04133333333333333,496,True,,,0.43092053617554854,0.41045293850752157,0.26402691319378746,0.8323099883895143,,,,
continuous_weak,Contínuo: pouco overlap,Q,13,20264919,12000,2000,0.03758333333333334,451,True,,,0.5143618512317212,0.5498158583830407,0.4045220915681698,0.06712587471090098,,,,
continuous_weak,Contínuo: pouco overlap,DML,13,20264919,12000,2000,0.03758333333333334,451,True,,,0.025423443821409333,0.017614280611677895,0.0019643309963979024,0.9483633815644635,-0.3777301927020413,-0.17147470162841413,5.044048039707289e-19,
continuous_weak,Contínuo: pouco overlap,S-learner,13,20264919,12000,2000,0.03758333333333334,451,True,,,0.3225434225562681,0.28801300439136057,0.22043453425646434,0.5904550121988109,,,,
continuous_weak,Contínuo: pouco overlap,Q,14,20264920,12000,2000,0.035916666666666666,431,True,,,0.4588413608785171,0.31511217784675527,-0.2624991253561511,0.5455268480288855,,,,
continuous_weak,Contínuo: pouco overlap,DML,14,20264920,12000,2000,0.035916666666666666,431,True,,,0.05229455980092595,0.046945846989672836,-0.0005336494371770542,0.9524303291714215,-0.3822200442528823,-0.12320386595820769,7.290716019725268e-19,
continuous_weak,Contínuo: pouco overlap,S-learner,14,20264920,12000,2000,0.035916666666666666,431,True,,,0.3804644768263066,0.281678638366473,-0.18529143418509483,0.6957066768008769,,,,
continuous_weak,Contínuo: pouco overlap,Q,15,20264921,12000,2000,0.03758333333333334,451,True,,,0.48057478546076554,0.2931256190207782,-0.17658995421752782,-0.8023851458903056,,,,
continuous_weak,Contínuo: pouco overlap,DML,15,20264921,12000,2000,0.03758333333333334,451,True,,,0.15202667049669055,0.15197207860361595,0.03052414817897592,0.9544328401974089,-0.3484362972263051,-0.4403076457602455,1.8137828323885777e-18,
continuous_weak,Contínuo: pouco overlap,S-learner,15,20264921,12000,2000,0.03758333333333334,451,True,,,0.2103066144749811,0.14864248209673211,-0.05784199117244499,0.5833611396631562,,,,
continuous_weak,Contínuo: pouco overlap,Q,16,20264922,12000,2000,0.03841666666666667,461,True,,,0.4666413907507201,0.5206021541083887,0.29746329630433277,0.7748236955437205,,,,
continuous_weak,Contínuo: pouco overlap,DML,16,20264922,12000,2000,0.03841666666666667,461,True,,,0.11541266839570455,0.09822100343842055,0.006676611824111472,0.9501418948977557,-0.4393899928009288,-0.04206779075389378,5.492530110932773e-20,
continuous_weak,Contínuo: pouco overlap,S-learner,16,20264922,12000,2000,0.03841666666666667,461,True,,,0.3209314880325531,0.25892756078507057,-0.006895173716709962,0.30125552181846355,,,,
continuous_weak,Contínuo: pouco overlap,Q,17,20264923,12000,2000,0.03725,447,True,,,0.7166906388501361,0.5664979353016981,-0.04311455351204421,-0.8234846127525217,,,,
continuous_weak,Contínuo: pouco overlap,DML,17,20264923,12000,2000,0.03725,447,True,,,0.24590508294188376,0.20190565983516917,0.05802244942095592,-0.9499512164738418,-0.664428736555987,0.021896236613308008,8.877211394797751e-19,
continuous_weak,Contínuo: pouco overlap,S-learner,17,20264923,12000,2000,0.03725,447,True,,,0.3623871957037781,0.3359498551579594,0.08953638064004556,0.3896506202726336,,,,
continuous_weak,Contínuo: pouco overlap,Q,18,20264924,12000,2000,0.041,492,True,,,0.42421557231165896,0.2810041837443032,-0.22130849147696458,0.7583763724397737,,,,
continuous_weak,Contínuo: pouco overlap,DML,18,20264924,12000,2000,0.041,492,True,,,0.1487324102162429,0.13708219603937358,0.018084839014163388,0.952817540635019,-0.2710957890594558,-0.42082530940854473,6.566748817038742e-19,
continuous_weak,Contínuo: pouco overlap,S-learner,18,20264924,12000,2000,0.041,492,True,,,0.4372132442041798,0.3019189874794405,-0.24157864424950157,0.768624850643808,,,,
continuous_weak,Contínuo: pouco overlap,Q,19,20264925,12000,2000,0.03741666666666667,449,True,,,0.8518096116047169,0.39034329268415646,-0.3254174786605062,-0.8296131391060838,,,,
continuous_weak,Contínuo: pouco overlap,DML,19,20264925,12000,2000,0.03741666666666667,449,True,,,0.3863697950323083,0.3716738260448389,0.14044150869102878,-0.9541591309910075,-0.9120653731064885,0.035443992952695305,2.32949588457506e-19,
continuous_weak,Contínuo: pouco overlap,S-learner,19,20264925,12000,2000,0.03741666666666667,449,True,,,0.30930233122456857,0.22990825649177732,-0.17184774680930587,0.1335146132498158,,,,
continuous_weak,Contínuo: pouco overlap,Q,20,20264926,12000,2000,0.03775,453,True,,,0.31594757471819707,0.25056566091416266,-0.13831233261018372,0.052516792564939845,,,,
continuous_weak,Contínuo: pouco overlap,DML,20,20264926,12000,2000,0.03775,453,True,,,0.07479098638756844,0.07390144483766133,0.012016952476913957,0.9544663347732734,-0.3417285820083241,-0.3182054181879493,1.3836406405220266e-16,
continuous_weak,Contínuo: pouco overlap,S-learner,20,20264926,12000,2000,0.03775,453,True,,,0.2616249950683884,0.2045625136169886,-0.01432602051677167,0.7208789545830971,,,,
continuous_weak,Contínuo: pouco overlap,Q,21,20264927,12000,2000,0.03833333333333333,460,True,,,0.4173866687431645,0.31410288895649047,-0.0422092590929523,0.59585152292901,,,,
continuous_weak,Contínuo: pouco overlap,DML,21,20264927,12000,2000,0.03833333333333333,460,True,,,0.057371915471626844,0.05138187805083103,0.0038021943839874305,0.9545117131697852,-0.3145278725292205,-0.284309783924621,1.342109652856762e-16,
continuous_weak,Contínuo: pouco overlap,S-learner,21,20264927,12000,2000,0.03833333333333333,460,True,,,0.40580930008627675,0.2955564432276078,-0.09017314114459606,0.7758875884884424,,,,
continuous_weak,Contínuo: pouco overlap,Q,22,20264928,12000,2000,0.04058333333333333,487,True,,,0.5291965281813323,0.35018340008351395,-0.10310554264560155,-0.7798672823036086,,,,
continuous_weak,Contínuo: pouco overlap,DML,22,20264928,12000,2000,0.04058333333333333,487,True,,,0.08946819603841813,0.08590819399506629,0.022030538644117068,0.9555080562789504,-0.3953951916744108,-0.33379865956873545,1.007744803374096e-18,
continuous_weak,Contínuo: pouco overlap,S-learner,22,20264928,12000,2000,0.04058333333333333,487,True,,,0.29829168390657584,0.27060301599424147,0.10355830737325404,0.6158610998630216,,,,
continuous_weak,Contínuo: pouco overlap,Q,23,20264929,12000,2000,0.03841666666666667,461,True,,,0.6543792541907646,0.38599296342917166,-0.3618370529128032,0.7448738077166692,,,,
continuous_weak,Contínuo: pouco overlap,DML,23,20264929,12000,2000,0.03841666666666667,461,True,,,0.0071772601007455954,0.006655572009057883,-0.0012279289359369363,0.9535667266898147,-0.3392040842610638,-0.20350807718752312,7.072019390723269e-19,
continuous_weak,Contínuo: pouco overlap,S-learner,23,20264929,12000,2000,0.03841666666666667,461,True,,,0.6266104384520736,0.43957786604010923,-0.435043731016155,0.8307712773414065,,,,
continuous_weak,Contínuo: pouco overlap,Q,24,20264930,12000,2000,0.03966666666666667,476,True,,,0.7289439531540458,0.3520133192811648,-0.26270666885270955,-0.7505650675836824,,,,
continuous_weak,Contínuo: pouco overlap,DML,24,20264930,12000,2000,0.03966666666666667,476,True,,,0.1808981342679717,0.15764973506415242,0.04135706313069569,0.9530215769437846,-0.6003965385383926,-0.06374282498713611,3.6843945644369243e-17,
continuous_weak,Contínuo: pouco overlap,S-learner,24,20264930,12000,2000,0.03966666666666667,476,True,,,0.2405318245653644,0.1798970190878677,-0.11663504173958135,0.7240161011429245,,,,
continuous_weak,Contínuo: pouco overlap,Q,25,20264931,12000,2000,0.03625,435,True,,,0.5074707006454383,0.5129369438696375,0.4036612651166886,-0.3337754409660478,,,,
continuous_weak,Contínuo: pouco overlap,DML,25,20264931,12000,2000,0.03625,435,True,,,0.05636108345075863,0.048154004579830045,0.0011847274443679545,0.9496788941748218,-0.39244308603420813,-0.12164176005517183,2.279279286727763e-19,
continuous_weak,Contínuo: pouco overlap,S-learner,25,20264931,12000,2000,0.03625,435,True,,,0.23328997608119037,0.1887329953898798,0.09678583481775203,0.3063187998523927,,,,
continuous_weak,Contínuo: pouco overlap,Q,26,20264932,12000,2000,0.04033333333333333,484,True,,,0.5739110756295258,0.227467569088641,-0.18879489267781327,-0.011531836061143677,,,,
continuous_weak,Contínuo: pouco overlap,DML,26,20264932,12000,2000,0.04033333333333333,484,True,,,0.04678218900840506,0.04632578010445512,0.008256501806447887,0.9512218810787608,-0.35667889593584684,-0.2736469557280114,8.007195618967697e-19,
continuous_weak,Contínuo: pouco overlap,S-learner,26,20264932,12000,2000,0.04033333333333333,484,True,,,0.42856919042962593,0.2624149335181835,-0.14981933779062373,0.07503916822555376,,,,
continuous_weak,Contínuo: pouco overlap,Q,27,20264933,12000,2000,0.04041666666666666,485,True,,,0.5724315610411181,0.3856449325472844,-0.2268753015338899,0.6836462968250921,,,,
continuous_weak,Contínuo: pouco overlap,DML,27,20264933,12000,2000,0.04041666666666666,485,True,,,0.022230344672386253,0.021879973047062736,0.005708580972393115,0.9547387814760105,-0.38469172739021756,-0.2051563663242813,7.5735377194659e-19,
continuous_weak,Contínuo: pouco overlap,S-learner,27,20264933,12000,2000,0.04041666666666666,485,True,,,0.5926375784308017,0.4081741795873643,-0.3133317122866832,0.7226029739496606,,,,
continuous_weak,Contínuo: pouco overlap,Q,28,20264934,12000,2000,0.03808333333333333,457,True,,,0.32083147315140975,0.2725614520446402,0.03242342606836534,0.41807857563829515,,,,
continuous_weak,Contínuo: pouco overlap,DML,28,20264934,12000,2000,0.03808333333333333,457,True,,,0.08284871024958483,0.08015544120026126,-0.004356794385986127,0.9537359330208316,-0.37058375283679357,-0.07050843207626978,9.722149256166872e-19,
continuous_weak,Contínuo: pouco overlap,S-learner,28,20264934,12000,2000,0.03808333333333333,457,True,,,0.2898607254172916,0.23510399896398246,0.07513974408854275,0.7106714340853322,,,,
continuous_weak,Contínuo: pouco overlap,Q,29,20264935,12000,2000,0.03758333333333334,451,True,,,0.4411539176804832,0.3332123825855345,-0.12039250655573418,0.46864205250665575,,,,
continuous_weak,Contínuo: pouco overlap,DML,29,20264935,12000,2000,0.03758333333333334,451,True,,,0.08867552010853386,0.08190003740417953,-0.018655026095799478,0.9561601452369206,-0.21814432003795242,-0.15193257751765613,2.036277800146138e-19,
continuous_weak,Contínuo: pouco overlap,S-learner,29,20264935,12000,2000,0.03758333333333334,451,True,,,0.3076707919035629,0.2431071436016497,-0.04546525859226301,0.28149761013183416,,,,
continuous_curved,Contínuo: curva omitida,Q,0,20265906,12000,2000,0.06158333333333333,739,True,,,0.49676428281968965,0.4361982452073372,-0.37786760808142644,-0.4858946195424414,,,,
continuous_curved,Contínuo: curva omitida,DML,0,20265906,12000,2000,0.06158333333333333,739,True,,,0.38349471169277133,0.4376966398320442,-0.4376966398320442,0.978963637052845,-0.26891051892002316,-0.08545415739663055,2.8304978030033008e-18,
continuous_curved,Contínuo: curva omitida,S-learner,0,20265906,12000,2000,0.06158333333333333,739,True,,,0.36751219314684147,0.3831841204545442,-0.35952062836119614,0.27223730857280914,,,,
continuous_curved,Contínuo: curva omitida,Q,1,20265907,12000,2000,0.06075,729,True,,,0.4312297305248043,0.5723557487651278,0.22867327991074574,0.6125203166785222,,,,
continuous_curved,Contínuo: curva omitida,DML,1,20265907,12000,2000,0.06075,729,True,,,0.3874347609991862,0.4344980757426672,-0.4344980757426672,0.9788223008280638,-0.3044238660524197,-0.04111547791412555,5.581922808465648e-18,
continuous_curved,Contínuo: curva omitida,S-learner,1,20265907,12000,2000,0.06075,729,True,,,0.34245698288798543,0.44635476056041345,0.15181385593155927,0.5572709554362314,,,,
continuous_curved,Contínuo: curva omitida,Q,2,20265908,12000,2000,0.06283333333333334,754,True,,,0.3732989294028145,0.3552747408336161,-0.10999124342924645,-0.3630830097509521,,,,
continuous_curved,Contínuo: curva omitida,DML,2,20265908,12000,2000,0.06283333333333334,754,True,,,0.39843810802373353,0.4276478954568825,-0.4276478954568825,-0.9735996199264969,-0.35477965205438255,0.020579213618657652,1.3912798461822695e-18,
continuous_curved,Contínuo: curva omitida,S-learner,2,20265908,12000,2000,0.06283333333333334,754,True,,,0.26880305404155064,0.26072565754494237,-0.13373635644895912,-0.11098292582927198,,,,
continuous_curved,Contínuo: curva omitida,Q,3,20265909,12000,2000,0.06325,759,True,,,0.48703754630170937,0.7989724857082663,0.5524292993302486,-0.7393881899756305,,,,
continuous_curved,Contínuo: curva omitida,DML,3,20265909,12000,2000,0.06325,759,True,,,0.3834278350152411,0.43664551714544175,-0.43664551714544175,0.9777700605810676,-0.27792819082428716,-0.0796554392977737,1.5945116094734397e-18,
continuous_curved,Contínuo: curva omitida,S-learner,3,20265909,12000,2000,0.06325,759,True,,,0.41010310909496367,0.7048258107376268,0.6134435376449808,-0.2120889408573028,,,,
continuous_curved,Contínuo: curva omitida,Q,4,20265910,12000,2000,0.069,828,True,,,0.3176826769833083,0.3923308945983147,-0.015488709529265236,0.5964530425642904,,,,
continuous_curved,Contínuo: curva omitida,DML,4,20265910,12000,2000,0.069,828,True,,,0.37882254318292896,0.4364998167273292,-0.4364998167273292,0.982590189585042,-0.2690807736672277,-0.13875373602990793,3.802575763000247e-18,
continuous_curved,Contínuo: curva omitida,S-learner,4,20265910,12000,2000,0.069,828,True,,,0.23446943914593224,0.2873750179315765,-0.03333328409698433,0.8145054233083104,,,,
continuous_curved,Contínuo: curva omitida,Q,5,20265911,12000,2000,0.06233333333333333,748,True,,,0.40411010676159403,0.4176188181342777,-0.09323869015474061,-0.01957934540522453,,,,
continuous_curved,Contínuo: curva omitida,DML,5,20265911,12000,2000,0.06233333333333333,748,True,,,0.38652926378509955,0.4419977412088936,-0.4419977412088936,0.9783567087910673,-0.22236634551891452,-0.1051884879835934,2.6869866570060924e-18,
continuous_curved,Contínuo: curva omitida,S-learner,5,20265911,12000,2000,0.06233333333333333,748,True,,,0.3153699055648465,0.37754809951956975,0.04352581518133831,0.5503584323859393,,,,
continuous_curved,Contínuo: curva omitida,Q,6,20265912,12000,2000,0.0605,726,True,,,0.5655030295990203,0.893702655025789,0.6160819304297851,0.287266521003773,,,,
continuous_curved,Contínuo: curva omitida,DML,6,20265912,12000,2000,0.0605,726,True,,,0.41307406675610875,0.4155308354823163,-0.4103150278443102,-0.9776400664739876,-0.4545891999687496,0.05726449541992408,1.9066039888851177e-18,
continuous_curved,Contínuo: curva omitida,S-learner,6,20265912,12000,2000,0.0605,726,True,,,0.42272743144276415,0.5915604000521548,0.3256927675863857,0.4833598070126107,,,,
continuous_curved,Contínuo: curva omitida,Q,7,20265913,12000,2000,0.06375,765,True,,,0.45334019314616636,0.44479999333322495,-0.4146828671706446,-0.6967163925551579,,,,
continuous_curved,Contínuo: curva omitida,DML,7,20265913,12000,2000,0.06375,765,True,,,0.3911779485138929,0.43595357142946417,-0.43595357142946417,0.9817098972730964,-0.3025163803347889,-0.02116230578158085,8.17866387985185e-18,
continuous_curved,Contínuo: curva omitida,S-learner,7,20265913,12000,2000,0.06375,765,True,,,0.38340066725876276,0.35092300685248345,-0.2610887909339046,-0.820299916339331,,,,
continuous_curved,Contínuo: curva omitida,Q,8,20265914,12000,2000,0.06566666666666666,788,True,,,0.76340110357734,0.5725006215157918,-0.1676397192258755,-0.7799256720084493,,,,
continuous_curved,Contínuo: curva omitida,DML,8,20265914,12000,2000,0.06566666666666666,788,True,,,0.39968992795946023,0.42267673456073757,-0.42267673456073757,-0.9812642772588086,-0.4014710045650946,0.02167844410333949,2.8064280751823603e-15,
continuous_curved,Contínuo: curva omitida,S-learner,8,20265914,12000,2000,0.06566666666666666,788,True,,,0.4539306002564393,0.4381900674225471,-0.013880135613821778,-0.34926227877118665,,,,
continuous_curved,Contínuo: curva omitida,Q,9,20265915,12000,2000,0.06116666666666667,734,True,,,0.28041734023293174,0.3070599806949554,-0.17489549730138668,0.7562197243682663,,,,
continuous_curved,Contínuo: curva omitida,DML,9,20265915,12000,2000,0.06116666666666667,734,True,,,0.38125766525421056,0.43139035010823684,-0.43139035010823684,0.9785328208817685,-0.3253421550756627,-0.07899003329735278,1.8802267849293953e-18,
continuous_curved,Contínuo: curva omitida,S-learner,9,20265915,12000,2000,0.06116666666666667,734,True,,,0.26431397938158746,0.27668450635390607,-0.0600306524164861,0.7370613631655739,,,,
continuous_curved,Contínuo: curva omitida,Q,10,20265916,12000,2000,0.06091666666666667,731,True,,,0.4317110172752159,0.5390038542891266,0.22670215011046463,-0.5530807334316732,,,,
continuous_curved,Contínuo: curva omitida,DML,10,20265916,12000,2000,0.06091666666666667,731,True,,,0.4085556419505395,0.4246051326249841,-0.4246051326249841,-0.9822656155258856,-0.3898553453408484,0.0613345644620451,3.5517012831229597e-19,
continuous_curved,Contínuo: curva omitida,S-learner,10,20265916,12000,2000,0.06091666666666667,731,True,,,0.2701630646503893,0.35759353320083176,0.17164555783247398,-0.5554130914870188,,,,
continuous_curved,Contínuo: curva omitida,Q,11,20265917,12000,2000,0.06075,729,True,,,0.49763212724394124,0.6255392122545499,0.009055245414863683,-0.3790112211227329,,,,
continuous_curved,Contínuo: curva omitida,DML,11,20265917,12000,2000,0.06075,729,True,,,0.40252436156063,0.4240726789475751,-0.4240726789475751,-0.9760972755226427,-0.3726409775213512,0.036678970830268554,1.2362276680106416e-18,
continuous_curved,Contínuo: curva omitida,S-learner,11,20265917,12000,2000,0.06075,729,True,,,0.24959474060464118,0.30161813098377294,0.17401704101232593,0.6399459699000841,,,,
continuous_curved,Contínuo: curva omitida,Q,12,20265918,12000,2000,0.06333333333333334,760,True,,,0.39791611575448166,0.5911820707446728,0.438262343460293,0.48758571431025116,,,,
continuous_curved,Contínuo: curva omitida,DML,12,20265918,12000,2000,0.06333333333333334,760,True,,,0.4058472220808488,0.45128368841975136,-0.4485932304562058,0.9752211380442388,-0.13120001707835016,-0.06869731151957147,4.959522876758717e-19,
continuous_curved,Contínuo: curva omitida,S-learner,12,20265918,12000,2000,0.06333333333333334,760,True,,,0.364080647422877,0.5549466300375875,0.39259617725064716,0.7165105661440444,,,,
continuous_curved,Contínuo: curva omitida,Q,13,20265919,12000,2000,0.06491666666666666,779,True,,,0.38024251140911774,0.5333581068068742,0.2840495982096522,0.682590867806823,,,,
continuous_curved,Contínuo: curva omitida,DML,13,20265919,12000,2000,0.06491666666666666,779,True,,,0.38608694493653406,0.43859472428494434,-0.43859472428494434,0.9795107540566261,-0.27433802353698034,-0.06396515648393553,2.9721691991426604e-18,
continuous_curved,Contínuo: curva omitida,S-learner,13,20265919,12000,2000,0.06491666666666666,779,True,,,0.28783646071448277,0.3467106767657717,0.022662944830787617,0.5445269709160837,,,,
continuous_curved,Contínuo: curva omitida,Q,14,20265920,12000,2000,0.06208333333333333,745,True,,,0.3330795561384596,0.3869727397734006,0.10529365320471339,0.3838372017138967,,,,
continuous_curved,Contínuo: curva omitida,DML,14,20265920,12000,2000,0.06208333333333333,745,True,,,0.39993101285832083,0.42318401275242173,-0.42318401275242173,-0.9784968181363809,-0.38240920989442523,0.024185935154779924,1.4980158906580038e-18,
continuous_curved,Contínuo: curva omitida,S-learner,14,20265920,12000,2000,0.06208333333333333,745,True,,,0.25868273536952574,0.314731449379402,0.14979646289451384,0.36252072913791766,,,,
continuous_curved,Contínuo: curva omitida,Q,15,20265921,12000,2000,0.063,756,True,,,0.4433369007763823,0.490953408655766,-0.2671472686620998,0.5203190134208998,,,,
continuous_curved,Contínuo: curva omitida,DML,15,20265921,12000,2000,0.063,756,True,,,0.4253618710272074,0.42354957292591505,-0.41934324470658013,-0.9768208688285109,-0.38362221818867476,0.11989292912274706,1.3451261546615427e-18,
continuous_curved,Contínuo: curva omitida,S-learner,15,20265921,12000,2000,0.063,756,True,,,0.3112365647581194,0.38770924068989226,-0.059025221019227074,0.8049977324301905,,,,
continuous_curved,Contínuo: curva omitida,Q,16,20265922,12000,2000,0.06641666666666667,797,True,,,0.3939669640957046,0.6040848424035498,0.4866110205897888,-0.24622840307255892,,,,
continuous_curved,Contínuo: curva omitida,DML,16,20265922,12000,2000,0.06641666666666667,797,True,,,0.4126981905751708,0.427290054724383,-0.427290054724383,-0.9808804512938114,-0.3543583712281395,0.07858711810068869,7.283422550178473e-19,
continuous_curved,Contínuo: curva omitida,S-learner,16,20265922,12000,2000,0.06641666666666667,797,True,,,0.4018711350081616,0.6006164485039583,0.5119154221985631,-0.21333659102999133,,,,
continuous_curved,Contínuo: curva omitida,Q,17,20265923,12000,2000,0.06408333333333334,769,True,,,0.3889857343635225,0.4358697529682601,-0.3969346926553404,0.7857376059576694,,,,
continuous_curved,Contínuo: curva omitida,DML,17,20265923,12000,2000,0.06408333333333334,769,True,,,0.38899511705558754,0.4423837776945762,-0.4423837776945762,0.9761710623322754,-0.22669406176157958,-0.07732293280799464,2.187008051755295e-18,
continuous_curved,Contínuo: curva omitida,S-learner,17,20265923,12000,2000,0.06408333333333334,769,True,,,0.4037542799349822,0.4221686805280405,-0.3810451390651174,0.48187051475538617,,,,
continuous_curved,Contínuo: curva omitida,Q,18,20265924,12000,2000,0.06408333333333334,769,True,,,0.3951501540035499,0.5456206932755574,0.29762993195698845,0.8289115351083006,,,,
continuous_curved,Contínuo: curva omitida,DML,18,20265924,12000,2000,0.06408333333333334,769,True,,,0.4159307151653043,0.417006724856555,-0.4101803681100811,-0.9760928160519168,-0.4564721244632959,0.06869785813591972,1.3944318811168072e-18,
continuous_curved,Contínuo: curva omitida,S-learner,18,20265924,12000,2000,0.06408333333333334,769,True,,,0.26446925309137737,0.32552207461142774,0.13873472498089265,0.8019384620360761,,,,
continuous_curved,Contínuo: curva omitida,Q,19,20265925,12000,2000,0.063,756,True,,,0.5035896345242109,0.5522894356116961,0.13158033934345964,-0.8503654153075392,,,,
continuous_curved,Contínuo: curva omitida,DML,19,20265925,12000,2000,0.063,756,True,,,0.41773907922312264,0.4142584328575696,-0.40430283638776077,-0.9796069558675106,-0.4898058245433383,0.06072201651430726,1.3909029803615139e-19,
continuous_curved,Contínuo: curva omitida,S-learner,19,20265925,12000,2000,0.063,756,True,,,0.35394293139070315,0.4280056011206808,0.17971550731002203,-0.6186468910835395,,,,
continuous_curved,Contínuo: curva omitida,Q,20,20265926,12000,2000,0.06166666666666667,740,True,,,0.5037433896116374,0.4124140029285081,-0.20847263820043574,-0.8019479476070077,,,,
continuous_curved,Contínuo: curva omitida,DML,20,20265926,12000,2000,0.06166666666666667,740,True,,,0.376810282600295,0.4212067082635709,-0.4212067082635709,0.9791940543183438,-0.3833336181025558,-0.12457577138204663,4.866106351236621e-19,
continuous_curved,Contínuo: curva omitida,S-learner,20,20265926,12000,2000,0.06166666666666667,740,True,,,0.3607327756794858,0.38045761066188233,-0.21179120923911723,-0.30768195957930183,,,,
continuous_curved,Contínuo: curva omitida,Q,21,20265927,12000,2000,0.060583333333333336,727,True,,,0.6412165863984703,1.193458012477074,1.1079800061616092,0.2641597283981875,,,,
continuous_curved,Contínuo: curva omitida,DML,21,20265927,12000,2000,0.060583333333333336,727,True,,,0.38404478408845893,0.4328534282221722,-0.4328534282221722,0.9789583100460939,-0.3065314787955215,-0.061500216193428735,5.459884778410908e-18,
continuous_curved,Contínuo: curva omitida,S-learner,21,20265927,12000,2000,0.060583333333333336,727,True,,,0.47053888907932084,0.7692860984272222,0.7034826204271064,-0.07631682969940548,,,,
continuous_curved,Contínuo: curva omitida,Q,22,20265928,12000,2000,0.06408333333333334,769,True,,,0.27642779095660586,0.3307786238285162,0.07217681656069273,-0.541152502000741,,,,
continuous_curved,Contínuo: curva omitida,DML,22,20265928,12000,2000,0.06408333333333334,769,True,,,0.3976851307862634,0.4356748350678774,-0.4356748350678774,-0.9809387416996107,-0.3040953247391197,0.012176859746688692,3.7334485323392576e-19,
continuous_curved,Contínuo: curva omitida,S-learner,22,20265928,12000,2000,0.06408333333333334,769,True,,,0.2524232984094644,0.31675009021981954,0.07884913777287551,-0.5084709096065452,,,,
continuous_curved,Contínuo: curva omitida,Q,23,20265929,12000,2000,0.06133333333333333,736,True,,,0.4364006959223142,0.45161873200201785,-0.11969927038070481,-0.6317995617795186,,,,
continuous_curved,Contínuo: curva omitida,DML,23,20265929,12000,2000,0.06133333333333333,736,True,,,0.3980876227715642,0.42420126040840817,-0.42420126040840817,-0.9788899748922242,-0.38040390828708975,0.016600085813981827,1.133759307518854e-18,
continuous_curved,Contínuo: curva omitida,S-learner,23,20265929,12000,2000,0.06133333333333333,736,True,,,0.3252442119061965,0.3613358028166319,-0.15966373952396434,-0.11293426652815024,,,,
continuous_curved,Contínuo: curva omitida,Q,24,20265930,12000,2000,0.06375,765,True,,,0.4002472476648161,0.6011382026789072,0.5612155788216143,0.771810768144726,,,,
continuous_curved,Contínuo: curva omitida,DML,24,20265930,12000,2000,0.06375,765,True,,,0.3928071827098713,0.4447797446564359,-0.4447797446564359,0.9779101591739319,-0.20616980696395787,-0.07101605702050261,1.7483221120276716e-18,
continuous_curved,Contínuo: curva omitida,S-learner,24,20265930,12000,2000,0.06375,765,True,,,0.258950915797836,0.3097098039069298,0.05464359974121442,0.6393136960909361,,,,
continuous_curved,Contínuo: curva omitida,Q,25,20265931,12000,2000,0.06691666666666667,803,True,,,0.37388771725827497,0.3794137458608465,-0.2405432708968897,-0.4310017793784065,,,,
continuous_curved,Contínuo: curva omitida,DML,25,20265931,12000,2000,0.06691666666666667,803,True,,,0.3892978227708919,0.4230480147171997,-0.4230480147171997,0.978430727500888,-0.3851396976357868,-0.02912294065050053,2.0683729109110015e-18,
continuous_curved,Contínuo: curva omitida,S-learner,25,20265931,12000,2000,0.06691666666666667,803,True,,,0.2740440293038165,0.2904075481506488,-0.026575033273912096,0.1368656395414206,,,,
continuous_curved,Contínuo: curva omitida,Q,26,20265932,12000,2000,0.06441666666666666,773,True,,,0.30609598040356256,0.3235416339860394,-0.24967433427780053,0.15325827220740434,,,,
continuous_curved,Contínuo: curva omitida,DML,26,20265932,12000,2000,0.06441666666666666,773,True,,,0.40776199386940915,0.4283514521832375,-0.4283514521832375,-0.9755656952234874,-0.3409652113865812,0.05994979744905363,1.1892311904966637e-18,
continuous_curved,Contínuo: curva omitida,S-learner,26,20265932,12000,2000,0.06441666666666666,773,True,,,0.2720403800664839,0.2816445644699978,-0.19451613815711646,0.36142328307116633,,,,
continuous_curved,Contínuo: curva omitida,Q,27,20265933,12000,2000,0.06133333333333333,736,True,,,0.5212820566301704,0.37796040641472883,-0.1605691208668382,-0.5447058169604647,,,,
continuous_curved,Contínuo: curva omitida,DML,27,20265933,12000,2000,0.06133333333333333,736,True,,,0.37631968930396786,0.4296378107313794,-0.4296378107313794,0.9791107766025944,-0.32471742291688616,-0.12772421215338658,1.3275827824705228e-18,
continuous_curved,Contínuo: curva omitida,S-learner,27,20265933,12000,2000,0.06133333333333333,736,True,,,0.3151937563172134,0.28841759801392425,-0.08529317512634085,0.10090852505998651,,,,
continuous_curved,Contínuo: curva omitida,Q,28,20265934,12000,2000,0.06491666666666666,779,True,,,0.6690092954834516,0.525802786223385,-0.3926403814508191,-0.19899483447993585,,,,
continuous_curved,Contínuo: curva omitida,DML,28,20265934,12000,2000,0.06491666666666666,779,True,,,0.3922821007731484,0.4245197760582683,-0.4245197760582683,0.9785212552252811,-0.38795200574214495,-0.01189352906797058,3.4741824261766305e-18,
continuous_curved,Contínuo: curva omitida,S-learner,28,20265934,12000,2000,0.06491666666666666,779,True,,,0.47678467998282603,0.42666265286008015,-0.357410765649655,0.20015652081837151,,,,
continuous_curved,Contínuo: curva omitida,Q,29,20265935,12000,2000,0.064,768,True,,,0.6110194515674775,1.1746401611900137,1.1283078358766165,0.4733159484162886,,,,
continuous_curved,Contínuo: curva omitida,DML,29,20265935,12000,2000,0.064,768,True,,,0.40190454664651887,0.4080850862407281,-0.4079866712764531,0.9790194474978843,-0.47172139693938786,-0.0009259324147437396,1.025245881423255e-18,
continuous_curved,Contínuo: curva omitida,S-learner,29,20265935,12000,2000,0.064,768,True,,,0.41085546617795676,0.5678587608911859,0.4796213503025771,0.7476402991274351,,,,
binary_rct,Binário: aleatorizado,Q,0,20266906,12000,2000,0.04075,489,True,,,0.48750846049360025,0.23288825264326612,-0.12349282222765963,0.16401199409593661,,,,
binary_rct,Binário: aleatorizado,DML,0,20266906,12000,2000,0.04075,489,True,,"Estimated response clipped to [clip, 1]; ratios may be unstable.",1.024263422995798,0.634549264592551,0.1896654414695837,0.1138557791835432,,,,0.0
binary_rct,Binário: aleatorizado,S-learner,0,20266906,12000,2000,0.04075,489,True,,,0.32727525369692106,0.17383108050226856,-0.08645129979450915,0.45429872260387694,,,,
binary_rct,Binário: aleatorizado,Q,1,20266907,12000,2000,0.041666666666666664,500,True,,,0.5732536923048884,0.3080202475349656,-0.01804876007300013,-0.12099140020111802,,,,
binary_rct,Binário: aleatorizado,DML,1,20266907,12000,2000,0.041666666666666664,500,True,,"Estimated response clipped to [clip, 1]; ratios may be unstable.",0.9873738405173098,0.5537145323089693,0.12116460970161279,-0.14579337148181368,,,,0.0
binary_rct,Binário: aleatorizado,S-learner,1,20266907,12000,2000,0.041666666666666664,500,True,,,0.3548121383660713,0.20015726892234523,-0.044667090522500945,-0.05621150020937679,,,,
binary_rct,Binário: aleatorizado,Q,2,20266908,12000,2000,0.04158333333333333,499,True,,,0.41431689056428284,0.26505648712210483,0.08383452537770811,0.5268367461763332,,,,
binary_rct,Binário: aleatorizado,DML,2,20266908,12000,2000,0.04158333333333333,499,True,,"Estimated response clipped to [clip, 1]; ratios may be unstable.",0.9498700526629997,0.6760709083952021,0.33847930559351413,0.3302057346283551,,,,0.0
binary_rct,Binário: aleatorizado,S-learner,2,20266908,12000,2000,0.04158333333333333,499,True,,,0.24007132765300748,0.12793958794578386,0.03146967604534013,0.7229607799590568,,,,
binary_rct,Binário: aleatorizado,Q,3,20266909,12000,2000,0.0425,510,True,,,0.5225568271106666,0.3219595683878881,0.07314707104807938,0.28687859269388244,,,,
binary_rct,Binário: aleatorizado,DML,3,20266909,12000,2000,0.0425,510,True,,"Estimated response clipped to [clip, 1]; ratios may be unstable.",1.015021048379882,0.7480536498007861,0.41529313221588326,0.19070247965566825,,,,0.0
binary_rct,Binário: aleatorizado,S-learner,3,20266909,12000,2000,0.0425,510,True,,,0.2983291206470212,0.14048382382830124,0.03971099178929369,0.5501743712041118,,,,
binary_rct,Binário: aleatorizado,Q,4,20266910,12000,2000,0.03983333333333333,478,True,,,0.4006107887527147,0.2171895634815584,-0.010052149923240812,0.46943692331883374,,,,
binary_rct,Binário: aleatorizado,DML,4,20266910,12000,2000,0.03983333333333333,478,True,,"Estimated response clipped to [clip, 1]; ratios may be unstable.",0.9670940784455287,0.6362617640854303,0.24518400821044617,0.17237467537997955,,,,0.0
binary_rct,Binário: aleatorizado,S-learner,4,20266910,12000,2000,0.03983333333333333,478,True,,,0.2828546288937675,0.15507742697138213,0.0019524141845596108,0.6391987729998176,,,,
binary_rct,Binário: aleatorizado,Q,5,20266911,12000,2000,0.03891666666666667,467,True,,,0.39262887997525,0.2139911496689812,-0.01361860426232687,0.30774743144505246,,,,
binary_rct,Binário: aleatorizado,DML,5,20266911,12000,2000,0.03891666666666667,467,True,,"Estimated response clipped to [clip, 1]; ratios may be unstable.",1.0976213515606994,1.2200089947422905,0.8742088386279582,0.2194522196908411,,,,0.0
binary_rct,Binário: aleatorizado,S-learner,5,20266911,12000,2000,0.03891666666666667,467,True,,,0.261548416428366,0.11670046808762938,-0.006668413916444797,0.6446638503884514,,,,
binary_rct,Binário: aleatorizado,Q,6,20266912,12000,2000,0.03933333333333333,472,True,,,0.4474513950493263,0.22682543084911788,-0.09287795693482229,0.00698342728170316,,,,
binary_rct,Binário: aleatorizado,DML,6,20266912,12000,2000,0.03933333333333333,472,True,,"Estimated response clipped to [clip, 1]; ratios may be unstable.",1.1430156004706324,0.7951672277096491,0.3747421196990542,0.03169260582012807,,,,0.0
binary_rct,Binário: aleatorizado,S-learner,6,20266912,12000,2000,0.03933333333333333,472,True,,,0.3921332832394786,0.21642764048261262,-0.05219895170349618,0.09733056927978558,,,,
binary_rct,Binário: aleatorizado,Q,7,20266913,12000,2000,0.04133333333333333,496,True,,,0.47061250545639705,0.28397385793618546,0.050866377282980886,0.19443650322202283,,,,
binary_rct,Binário: aleatorizado,DML,7,20266913,12000,2000,0.04133333333333333,496,True,,"Estimated response clipped to [clip, 1]; ratios may be unstable.",1.0592355868153027,0.8206515953530039,0.4453592609533228,0.08149976108996322,,,,0.0
binary_rct,Binário: aleatorizado,S-learner,7,20266913,12000,2000,0.04133333333333333,496,True,,,0.25184164149782,0.13321801252911888,0.02405678240500167,0.5997550286677755,,,,
binary_rct,Binário: aleatorizado,Q,8,20266914,12000,2000,0.0415,498,True,,,0.5296499984554816,0.40207609196709987,0.21667733149201013,0.4071228281541115,,,,
binary_rct,Binário: aleatorizado,DML,8,20266914,12000,2000,0.0415,498,True,,"Estimated response clipped to [clip, 1]; ratios may be unstable.",1.008752668168529,1.6121366063952909,1.3410845284354007,0.25811753923034103,,,,0.0
binary_rct,Binário: aleatorizado,S-learner,8,20266914,12000,2000,0.0415,498,True,,,0.22464187866180912,0.14507187796354898,0.12149130251730139,0.7441661563208374,,,,
binary_rct,Binário: aleatorizado,Q,9,20266915,12000,2000,0.03991666666666667,479,True,,,0.5048800461153947,0.2657429574916419,-0.06014652399725449,0.05725863959730046,,,,
binary_rct,Binário: aleatorizado,DML,9,20266915,12000,2000,0.03991666666666667,479,True,,"Estimated response clipped to [clip, 1]; ratios may be unstable.",1.113428515154744,1.0006313649171574,0.6224675520570565,0.11940243378622448,,,,0.0
binary_rct,Binário: aleatorizado,S-learner,9,20266915,12000,2000,0.03991666666666667,479,True,,,0.3406021320943451,0.18051777645440684,-0.05758007815300195,0.2624631698435511,,,,
binary_rct,Binário: aleatorizado,Q,10,20266916,12000,2000,0.04175,501,True,,,0.3944745503941746,0.2382856222280491,0.040717581266898534,0.4149968249041374,,,,
binary_rct,Binário: aleatorizado,DML,10,20266916,12000,2000,0.04175,501,True,,"Estimated response clipped to [clip, 1]; ratios may be unstable.",1.0068745840789408,0.8141716682335358,0.5022303969756781,0.2595298541077175,,,,0.0
binary_rct,Binário: aleatorizado,S-learner,10,20266916,12000,2000,0.04175,501,True,,,0.2402961495711427,0.10644992577515867,0.017394934156608814,0.6849749254251268,,,,
binary_rct,Binário: aleatorizado,Q,11,20266917,12000,2000,0.04075,489,True,,,0.4866197056453824,0.26887594664339626,-0.03432157542589746,0.18773084805055218,,,,
binary_rct,Binário: aleatorizado,DML,11,20266917,12000,2000,0.04075,489,True,,"Estimated response clipped to [clip, 1]; ratios may be unstable.",1.1456917460200966,0.972242416716548,0.5886684060647792,0.14638897520067168,,,,0.0
binary_rct,Binário: aleatorizado,S-learner,11,20266917,12000,2000,0.04075,489,True,,,0.2849901207898679,0.13873848115353257,-0.03979805667366209,0.5608341357687947,,,,
binary_rct,Binário: aleatorizado,Q,12,20266918,12000,2000,0.04066666666666666,488,True,,,0.43147315053876245,0.317374801687691,0.23635247304573112,0.5221622453687491,,,,
binary_rct,Binário: aleatorizado,DML,12,20266918,12000,2000,0.04066666666666666,488,True,,"Estimated response clipped to [clip, 1]; ratios may be unstable.",1.0314903569890652,0.9422012939615417,0.6984394027766748,0.2674843992190828,,,,0.0
binary_rct,Binário: aleatorizado,S-learner,12,20266918,12000,2000,0.04066666666666666,488,True,,,0.31416565735627017,0.20924381703464506,0.1697307586749293,0.6178818257644693,,,,
binary_rct,Binário: aleatorizado,Q,13,20266919,12000,2000,0.042,504,True,,,0.4921060260476146,0.32198241207750616,0.18414537582552878,0.7023956445346758,,,,
binary_rct,Binário: aleatorizado,DML,13,20266919,12000,2000,0.042,504,True,,"Estimated response clipped to [clip, 1]; ratios may be unstable.",0.9157221951486854,1.1988732021870596,0.958819429311171,0.4810487170287823,,,,0.0
binary_rct,Binário: aleatorizado,S-learner,13,20266919,12000,2000,0.042,504,True,,,0.29298590052886986,0.18190037507177867,0.11932781119260312,0.747944783635043,,,,
binary_rct,Binário: aleatorizado,Q,14,20266920,12000,2000,0.042,504,True,,,0.49714017016332884,0.24310772645605422,-0.0824081787162015,0.3188988367076107,,,,
binary_rct,Binário: aleatorizado,DML,14,20266920,12000,2000,0.042,504,True,,"Estimated response clipped to [clip, 1]; ratios may be unstable.",0.9418333102020788,0.5652989428854307,0.19228793758061538,0.27251608961259993,,,,0.0
binary_rct,Binário: aleatorizado,S-learner,14,20266920,12000,2000,0.042,504,True,,,0.3222618300828649,0.11467897154153252,-0.08472612985740272,0.5844189174655259,,,,
binary_rct,Binário: aleatorizado,Q,15,20266921,12000,2000,0.04158333333333333,499,True,,,0.507720134686034,0.30461627187782253,0.06273607420834902,0.22496934942914765,,,,
binary_rct,Binário: aleatorizado,DML,15,20266921,12000,2000,0.04158333333333333,499,True,,"Estimated response clipped to [clip, 1]; ratios may be unstable.",1.062283817032886,0.9288306936165011,0.5504347275138134,0.057245943353918034,,,,0.0
binary_rct,Binário: aleatorizado,S-learner,15,20266921,12000,2000,0.04158333333333333,499,True,,,0.3060629813305425,0.1627253103252953,0.004331920591091308,0.38768647856031396,,,,
binary_rct,Binário: aleatorizado,Q,16,20266922,12000,2000,0.03966666666666667,476,True,,,0.5695224438750431,0.26423273730033464,-0.13160647523716132,0.38871556491980586,,,,
binary_rct,Binário: aleatorizado,DML,16,20266922,12000,2000,0.03966666666666667,476,True,,"Estimated response clipped to [clip, 1]; ratios may be unstable.",1.0916334071562364,0.5866313356710294,0.09152063171876773,0.11826554200210533,,,,0.0
binary_rct,Binário: aleatorizado,S-learner,16,20266922,12000,2000,0.03966666666666667,476,True,,,0.39929369452809116,0.1651883256646451,-0.12315114379383249,0.6235615645991723,,,,
binary_rct,Binário: aleatorizado,Q,17,20266923,12000,2000,0.0395,474,True,,,0.419193390499709,0.27757264104965435,0.10086116209872177,0.5507448936802599,,,,
binary_rct,Binário: aleatorizado,DML,17,20266923,12000,2000,0.0395,474,True,,"Estimated response clipped to [clip, 1]; ratios may be unstable.",1.061359291436584,1.1578014910628303,0.8602602041847548,0.37611608834599614,,,,0.0
binary_rct,Binário: aleatorizado,S-learner,17,20266923,12000,2000,0.0395,474,True,,,0.2290288817148908,0.1136510865187328,0.03434296927126423,0.7606973082940249,,,,
binary_rct,Binário: aleatorizado,Q,18,20266924,12000,2000,0.04083333333333333,490,True,,,0.48930332362199597,0.2827398812015805,-0.02626393027942706,0.23450423110897387,,,,
binary_rct,Binário: aleatorizado,DML,18,20266924,12000,2000,0.04083333333333333,490,True,,"Estimated response clipped to [clip, 1]; ratios may be unstable.",1.0021097713394522,0.8505099214045644,0.4664511941651497,0.12140093905473666,,,,0.0
binary_rct,Binário: aleatorizado,S-learner,18,20266924,12000,2000,0.04083333333333333,490,True,,,0.2699815429983231,0.1521499437393957,-0.019338152270866816,0.552665511295769,,,,
binary_rct,Binário: aleatorizado,Q,19,20266925,12000,2000,0.038,456,True,,,0.5977736989053382,0.5230967862552994,0.41643779113047535,0.7293348427503634,,,,
binary_rct,Binário: aleatorizado,DML,19,20266925,12000,2000,0.038,456,True,,"Estimated response clipped to [clip, 1]; ratios may be unstable.",1.072055557853795,1.4431612452742217,1.2444493765021107,0.5998615579364198,,,,0.0
binary_rct,Binário: aleatorizado,S-learner,19,20266925,12000,2000,0.038,456,True,,,0.3505349409817339,0.26866182150702606,0.21699215630124422,0.8131198153899257,,,,
binary_rct,Binário: aleatorizado,Q,20,20266926,12000,2000,0.04108333333333333,493,True,,,0.4457099623144479,0.24869082696598657,-0.014460367860647978,0.17122773824135198,,,,
binary_rct,Binário: aleatorizado,DML,20,20266926,12000,2000,0.04108333333333333,493,True,,"Estimated response clipped to [clip, 1]; ratios may be unstable.",1.0536628282779978,0.8905749174478885,0.5100077421418083,0.13594298465317028,,,,0.0
binary_rct,Binário: aleatorizado,S-learner,20,20266926,12000,2000,0.04108333333333333,493,True,,,0.2564358063676843,0.12882591978896754,-0.0060971913256058115,0.5928305991858169,,,,
binary_rct,Binário: aleatorizado,Q,21,20266927,12000,2000,0.042416666666666665,509,True,,,0.38212219296982514,0.22449284019703003,0.036658228706835695,0.3197178703526758,,,,
binary_rct,Binário: aleatorizado,DML,21,20266927,12000,2000,0.042416666666666665,509,True,,"Estimated response clipped to [clip, 1]; ratios may be unstable.",0.8617349887599574,0.6258542610223694,0.33905229309371615,0.2924917796966675,,,,0.0
binary_rct,Binário: aleatorizado,S-learner,21,20266927,12000,2000,0.042416666666666665,509,True,,,0.19763865183717286,0.0975094163191609,0.03635382733314658,0.6985141566610903,,,,
binary_rct,Binário: aleatorizado,Q,22,20266928,12000,2000,0.03825,459,True,,,0.43640181238303777,0.34298904042313816,0.27091744272840884,0.6572802682622755,,,,
binary_rct,Binário: aleatorizado,DML,22,20266928,12000,2000,0.03825,459,True,,"Estimated response clipped to [clip, 1]; ratios may be unstable.",1.1081078338186805,1.4351912997915615,1.206155823707053,0.32027965284266935,,,,0.0
binary_rct,Binário: aleatorizado,S-learner,22,20266928,12000,2000,0.03825,459,True,,,0.2949015678302029,0.2219813018505305,0.20325870789454437,0.7725803603937411,,,,
binary_rct,Binário: aleatorizado,Q,23,20266929,12000,2000,0.0405,486,True,,,0.4827805633671232,0.27184622214685533,0.03720629386294638,0.15665441089769394,,,,
binary_rct,Binário: aleatorizado,DML,23,20266929,12000,2000,0.0405,486,True,,"Estimated response clipped to [clip, 1]; ratios may be unstable.",0.9913618898709353,1.157749828922928,0.8144080517068658,0.07904979250331019,,,,0.0
binary_rct,Binário: aleatorizado,S-learner,23,20266929,12000,2000,0.0405,486,True,,,0.23899787971876865,0.11882863838771715,0.037079221570003845,0.560667751411556,,,,
binary_rct,Binário: aleatorizado,Q,24,20266930,12000,2000,0.03766666666666667,452,True,,,0.4365032655697703,0.22042603189192717,-0.07878619427476016,0.3127737425347846,,,,
binary_rct,Binário: aleatorizado,DML,24,20266930,12000,2000,0.03766666666666667,452,True,,"Estimated response clipped to [clip, 1]; ratios may be unstable.",1.01013247186939,0.6529708452469065,0.28065009104069943,0.12957934397182905,,,,0.0
binary_rct,Binário: aleatorizado,S-learner,24,20266930,12000,2000,0.03766666666666667,452,True,,,0.261766568711497,0.11223921261882697,-0.06732125255776338,0.6307914441965597,,,,
binary_rct,Binário: aleatorizado,Q,25,20266931,12000,2000,0.04441666666666667,533,True,,,0.5076500921764013,0.29525493169204836,0.06393731643817968,0.55975354169115,,,,
binary_rct,Binário: aleatorizado,DML,25,20266931,12000,2000,0.04441666666666667,533,True,,"Estimated response clipped to [clip, 1]; ratios may be unstable.",1.0318570558235136,0.8394472159369872,0.45709460668609747,0.3016457487342752,,,,0.0
binary_rct,Binário: aleatorizado,S-learner,25,20266931,12000,2000,0.04441666666666667,533,True,,,0.26916849994188946,0.1449001971915636,-0.0035847131517709116,0.7239282228787075,,,,
binary_rct,Binário: aleatorizado,Q,26,20266932,12000,2000,0.041166666666666664,494,True,,,0.402682679685177,0.199219485129971,-0.018316523856752247,0.61892427513711,,,,
binary_rct,Binário: aleatorizado,DML,26,20266932,12000,2000,0.041166666666666664,494,True,,"Estimated response clipped to [clip, 1]; ratios may be unstable.",1.0257524273416745,0.733081515720137,0.3402135366516294,0.30328559751423473,,,,0.0
binary_rct,Binário: aleatorizado,S-learner,26,20266932,12000,2000,0.041166666666666664,494,True,,,0.3111555032720549,0.14550264526533885,-0.005986680495059487,0.712728178611665,,,,
binary_rct,Binário: aleatorizado,Q,27,20266933,12000,2000,0.041,492,True,,,0.4125707398779956,0.24331850805452923,0.09378870308872231,0.5168065905256795,,,,
binary_rct,Binário: aleatorizado,DML,27,20266933,12000,2000,0.041,492,True,,"Estimated response clipped to [clip, 1]; ratios may be unstable.",1.0049328974556648,1.065504147814412,0.7655590716814763,0.3427149868617527,,,,0.0
binary_rct,Binário: aleatorizado,S-learner,27,20266933,12000,2000,0.041,492,True,,,0.2599914128102231,0.14616571828015373,0.08492612810397532,0.716352316264471,,,,
binary_rct,Binário: aleatorizado,Q,28,20266934,12000,2000,0.042,504,True,,,0.5421895953074359,0.3238590678427964,0.022820156642360246,0.38243781046679154,,,,
binary_rct,Binário: aleatorizado,DML,28,20266934,12000,2000,0.042,504,True,,"Estimated response clipped to [clip, 1]; ratios may be unstable.",1.1770625212331074,1.0463021947854074,0.6410186137483989,0.17950137009788433,,,,0.0
binary_rct,Binário: aleatorizado,S-learner,28,20266934,12000,2000,0.042,504,True,,,0.304863706248614,0.16198738961230386,-0.0034525016864939586,0.6416038287666675,,,,
binary_rct,Binário: aleatorizado,Q,29,20266935,12000,2000,0.03925,471,True,,,0.39973405756172253,0.2059091973847158,-0.02950683483296281,0.3429388816420858,,,,
binary_rct,Binário: aleatorizado,DML,29,20266935,12000,2000,0.03925,471,True,,"Estimated response clipped to [clip, 1]; ratios may be unstable.",1.0101353769177446,0.9699778416698166,0.5785465304036854,0.1563440148239807,,,,0.0
binary_rct,Binário: aleatorizado,S-learner,29,20266935,12000,2000,0.03925,471,True,,,0.24163276121835886,0.1300974954212796,-0.008409515845783864,0.6597690664926723,,,,
binary_confounded,Binário: confundido,Q,0,20267906,12000,2000,0.04,480,True,,,0.42371177078185784,0.2243040550649486,0.013347864110868432,0.5252342786129718,,,,
binary_confounded,Binário: confundido,DML,0,20267906,12000,2000,0.04,480,True,,"Estimated response clipped to [clip, 1]; ratios may be unstable.",1.0673077308292334,1.2920308175736699,0.8788318913709212,0.09230764446005614,,,,0.0
binary_confounded,Binário: confundido,S-learner,0,20267906,12000,2000,0.04,480,True,,,0.23028317519775487,0.1110322063634241,-0.034007439431456225,0.6933291167408141,,,,
binary_confounded,Binário: confundido,Q,1,20267907,12000,2000,0.03825,459,True,,,0.5981163036120801,0.39915410322088424,0.08383264724913181,0.3595366251941184,,,,
binary_confounded,Binário: confundido,DML,1,20267907,12000,2000,0.03825,459,True,,"Estimated response clipped to [clip, 1]; ratios may be unstable.",1.317619122265147,1.3941631361928037,0.9016770436015654,0.01848316126621911,,,,0.0
binary_confounded,Binário: confundido,S-learner,1,20267907,12000,2000,0.03825,459,True,,,0.27090417769774655,0.14637507273226902,0.018105075121078465,0.7869195164568029,,,,
binary_confounded,Binário: confundido,Q,2,20267908,12000,2000,0.036,432,True,,,0.635818246537576,0.2978704218301639,-0.12427654366924214,-0.16152402142002312,,,,
binary_confounded,Binário: confundido,DML,2,20267908,12000,2000,0.036,432,True,,"Estimated response clipped to [clip, 1]; ratios may be unstable.",1.3476937482555502,0.7303147695971196,0.18917877425012486,-0.2355068907820705,,,,0.0
binary_confounded,Binário: confundido,S-learner,2,20267908,12000,2000,0.036,432,True,,,0.37366472231767245,0.1913903820660228,-0.08006824877086226,0.061192750026779916,,,,
binary_confounded,Binário: confundido,Q,3,20267909,12000,2000,0.03766666666666667,452,True,,,0.4502072436932597,0.29843694516081665,0.15240885781029445,0.5864422303007345,,,,
binary_confounded,Binário: confundido,DML,3,20267909,12000,2000,0.03766666666666667,452,True,,"Estimated response clipped to [clip, 1]; ratios may be unstable.",1.1937737761934781,1.3701998513590679,0.9805511799343986,0.12336167709231372,,,,0.0
binary_confounded,Binário: confundido,S-learner,3,20267909,12000,2000,0.03766666666666667,452,True,,,0.2673379943244587,0.14392493650254407,0.08270558072638944,0.767704230318806,,,,
binary_confounded,Binário: confundido,Q,4,20267910,12000,2000,0.03991666666666667,479,True,,,0.595749631024937,0.4793001185071843,0.3515166605193809,0.5730399507474494,,,,
binary_confounded,Binário: confundido,DML,4,20267910,12000,2000,0.03991666666666667,479,True,,"Estimated response clipped to [clip, 1]; ratios may be unstable.",1.2733380629829094,2.224784160182193,1.8700042770399055,0.07499183431607784,,,,0.0
binary_confounded,Binário: confundido,S-learner,4,20267910,12000,2000,0.03991666666666667,479,True,,,0.2877525061680736,0.17005653674371285,0.11191055472455765,0.6616745663521412,,,,
binary_confounded,Binário: confundido,Q,5,20267911,12000,2000,0.0395,474,True,,,0.4953315754937856,0.30765939088323124,0.06914344503321078,0.5766830712392148,,,,
binary_confounded,Binário: confundido,DML,5,20267911,12000,2000,0.0395,474,True,,"Estimated response clipped to [clip, 1]; ratios may be unstable.",1.1119547308497815,1.576516589241164,1.1733587225692168,0.15586547786833926,,,,0.0
binary_confounded,Binário: confundido,S-learner,5,20267911,12000,2000,0.0395,474,True,,,0.2883229536808614,0.15867081387863635,0.022655633450087875,0.7109278948100964,,,,
binary_confounded,Binário: confundido,Q,6,20267912,12000,2000,0.03641666666666667,437,True,,,0.5634341164081762,0.30887971089487476,0.050005605517757575,0.1479333496199984,,,,
binary_confounded,Binário: confundido,DML,6,20267912,12000,2000,0.03641666666666667,437,True,,"Estimated response clipped to [clip, 1]; ratios may be unstable.",1.2275624501309315,1.7010507559239008,1.229138527376972,-0.20931965588897347,,,,0.0
binary_confounded,Binário: confundido,S-learner,6,20267912,12000,2000,0.03641666666666667,437,True,,,0.26191397304176184,0.13913759310293325,0.023495209256117033,0.4304460976656107,,,,
binary_confounded,Binário: confundido,Q,7,20267913,12000,2000,0.041833333333333333,502,True,,,0.5061494918030512,0.39143328143008693,0.2867522072899653,0.6162014611808563,,,,
binary_confounded,Binário: confundido,DML,7,20267913,12000,2000,0.041833333333333333,502,True,,"Estimated response clipped to [clip, 1]; ratios may be unstable.",1.2850783018556684,2.5543356431505235,2.2764195756487133,0.21396628996439454,,,,0.0
binary_confounded,Binário: confundido,S-learner,7,20267913,12000,2000,0.041833333333333333,502,True,,,0.26308831031464985,0.18149576073776058,0.12178027462967048,0.7220268142408109,,,,
binary_confounded,Binário: confundido,Q,8,20267914,12000,2000,0.0355,426,True,,,0.37471721009807063,0.22826872556351896,0.12107116628518776,0.5638064910368749,,,,
binary_confounded,Binário: confundido,DML,8,20267914,12000,2000,0.0355,426,True,,"Estimated response clipped to [clip, 1]; ratios may be unstable.",0.9360511543066726,1.1064464217325918,0.7873456286816558,0.014426504089039937,,,,0.0
binary_confounded,Binário: confundido,S-learner,8,20267914,12000,2000,0.0355,426,True,,,0.22690192337693751,0.132821685867723,0.08802261189947425,0.7204843854004183,,,,
binary_confounded,Binário: confundido,Q,9,20267915,12000,2000,0.036583333333333336,439,True,,,0.41429384310133566,0.2578158665251476,0.11356791653805443,0.5318754467502019,,,,
binary_confounded,Binário: confundido,DML,9,20267915,12000,2000,0.036583333333333336,439,True,,"Estimated response clipped to [clip, 1]; ratios may be unstable.",1.1086997007425508,1.3003110657883998,0.9286565535488973,0.10877820461884244,,,,0.0
binary_confounded,Binário: confundido,S-learner,9,20267915,12000,2000,0.036583333333333336,439,True,,,0.2933922359543953,0.16496006281560513,0.06830982729810413,0.6335169597738448,,,,
binary_confounded,Binário: confundido,Q,10,20267916,12000,2000,0.03725,447,True,,,0.6280064357321189,0.32323882119609687,-0.077702044543368,-0.08282114364486753,,,,
binary_confounded,Binário: confundido,DML,10,20267916,12000,2000,0.03725,447,True,,"Estimated response clipped to [clip, 1]; ratios may be unstable.",1.0650439464821035,0.6607147790136342,0.18853363132001374,-0.16945912507818162,,,,0.0
binary_confounded,Binário: confundido,S-learner,10,20267916,12000,2000,0.03725,447,True,,,0.35494319003886354,0.18205069487791123,-0.0668446708788189,0.19605614512572994,,,,
binary_confounded,Binário: confundido,Q,11,20267917,12000,2000,0.03908333333333333,469,True,,,0.5032777563831294,0.3161082584240115,0.045553019150843706,0.19376215733249658,,,,
binary_confounded,Binário: confundido,DML,11,20267917,12000,2000,0.03908333333333333,469,True,,"Estimated response clipped to [clip, 1]; ratios may be unstable.",1.1218006692661568,0.8112110085161629,0.3570880120406569,-0.04380354983252877,,,,0.0
binary_confounded,Binário: confundido,S-learner,11,20267917,12000,2000,0.03908333333333333,469,True,,,0.28748073963605986,0.15789149218513834,0.011919959542815748,0.4619083268848587,,,,
binary_confounded,Binário: confundido,Q,12,20267918,12000,2000,0.03866666666666667,464,True,,,0.48730952490661195,0.2857378270863958,0.01579567605461419,0.5204050621793057,,,,
binary_confounded,Binário: confundido,DML,12,20267918,12000,2000,0.03866666666666667,464,True,,"Estimated response clipped to [clip, 1]; ratios may be unstable.",0.9463961877776412,1.0992642082808761,0.722117979419156,0.20114369826254214,,,,0.0
binary_confounded,Binário: confundido,S-learner,12,20267918,12000,2000,0.03866666666666667,464,True,,,0.25262819746675347,0.1324636482372058,-0.012873190061197625,0.7244478442905732,,,,
binary_confounded,Binário: confundido,Q,13,20267919,12000,2000,0.03766666666666667,452,True,,,0.5601490979737632,0.33748024076370214,0.0921757183930165,0.24570508569274244,,,,
binary_confounded,Binário: confundido,DML,13,20267919,12000,2000,0.03766666666666667,452,True,,"Estimated response clipped to [clip, 1]; ratios may be unstable.",1.2665996970984146,1.17911584412365,0.7714441183283205,0.05169224493654758,,,,0.0
binary_confounded,Binário: confundido,S-learner,13,20267919,12000,2000,0.03766666666666667,452,True,,,0.25468066602907996,0.14323151998528147,0.06797787422315466,0.6478296738230254,,,,
binary_confounded,Binário: confundido,Q,14,20267920,12000,2000,0.035416666666666666,425,True,,,0.5320116955594335,0.3597782647347626,0.15099142600438376,0.3597823053429134,,,,
binary_confounded,Binário: confundido,DML,14,20267920,12000,2000,0.035416666666666666,425,True,,"Estimated response clipped to [clip, 1]; ratios may be unstable.",1.2418782960171553,1.054591255477174,0.5716383334611564,-0.1618467014992599,,,,0.0
binary_confounded,Binário: confundido,S-learner,14,20267920,12000,2000,0.035416666666666666,425,True,,,0.29616828547338053,0.15763901293040236,0.043638857698572835,0.5198594319664879,,,,
binary_confounded,Binário: confundido,Q,15,20267921,12000,2000,0.03825,459,True,,,0.5005490297943598,0.38633071955807724,0.2687919827220522,0.5697035949125014,,,,
binary_confounded,Binário: confundido,DML,15,20267921,12000,2000,0.03825,459,True,,"Estimated response clipped to [clip, 1]; ratios may be unstable.",1.2683350108817761,2.15135311924853,1.7488839854248106,-0.03175542423960077,,,,0.0
binary_confounded,Binário: confundido,S-learner,15,20267921,12000,2000,0.03825,459,True,,,0.22397693312913364,0.13540039395630954,0.10635536805224348,0.7128083306199451,,,,
binary_confounded,Binário: confundido,Q,16,20267922,12000,2000,0.036083333333333335,433,True,,,0.4398409080417613,0.2746836301837899,0.12228218864229753,0.6802294831644515,,,,
binary_confounded,Binário: confundido,DML,16,20267922,12000,2000,0.036083333333333335,433,True,,"Estimated response clipped to [clip, 1]; ratios may be unstable.",1.0732396050313864,0.8412103008172443,0.5127465188268461,0.2659779562554493,,,,0.0
binary_confounded,Binário: confundido,S-learner,16,20267922,12000,2000,0.036083333333333335,433,True,,,0.26091141740418167,0.12686803606179645,0.051838239222645174,0.8431285836372233,,,,
binary_confounded,Binário: confundido,Q,17,20267923,12000,2000,0.03791666666666667,455,True,,,0.5979545557356365,0.31415885446580294,-0.043022066103830726,-0.24085619115585893,,,,
binary_confounded,Binário: confundido,DML,17,20267923,12000,2000,0.03791666666666667,455,True,,"Estimated response clipped to [clip, 1]; ratios may be unstable.",1.3625436331693785,2.3702747877682158,1.904335761892604,-0.29843896027439254,,,,0.0
binary_confounded,Binário: confundido,S-learner,17,20267923,12000,2000,0.03791666666666667,455,True,,,0.4250252929912802,0.2515538418702827,-0.030970667791599554,-0.2641801858960812,,,,
binary_confounded,Binário: confundido,Q,18,20267924,12000,2000,0.041416666666666664,497,True,,,0.5411099072116715,0.3339874642767511,0.05072959772142911,0.32215137127596316,,,,
binary_confounded,Binário: confundido,DML,18,20267924,12000,2000,0.041416666666666664,497,True,,"Estimated response clipped to [clip, 1]; ratios may be unstable.",1.0713014563910521,0.718543280448239,0.2225742997252052,-0.08519250044156074,,,,0.0
binary_confounded,Binário: confundido,S-learner,18,20267924,12000,2000,0.041416666666666664,497,True,,,0.33559981588531185,0.18141041256446086,0.0404284368952441,0.5863270975804308,,,,
binary_confounded,Binário: confundido,Q,19,20267925,12000,2000,0.035083333333333334,421,True,,,0.4480855275080916,0.2862624251766397,0.10146862068776182,0.5521745780676616,,,,
binary_confounded,Binário: confundido,DML,19,20267925,12000,2000,0.035083333333333334,421,True,,"Estimated response clipped to [clip, 1]; ratios may be unstable.",1.22716371600975,1.7289716457689683,1.30331703103599,0.08825827851246254,,,,0.0
binary_confounded,Binário: confundido,S-learner,19,20267925,12000,2000,0.035083333333333334,421,True,,,0.27234653514570706,0.14049585845113427,0.03663601351996267,0.7147470027490134,,,,
binary_confounded,Binário: confundido,Q,20,20267926,12000,2000,0.03791666666666667,455,True,,,0.524748836679316,0.2723269217586285,-0.06273664892735475,0.1553032196095137,,,,
binary_confounded,Binário: confundido,DML,20,20267926,12000,2000,0.03791666666666667,455,True,,"Estimated response clipped to [clip, 1]; ratios may be unstable.",1.0497068003764565,0.8750594877356994,0.4328248341822709,-0.06931171256227492,,,,0.0
binary_confounded,Binário: confundido,S-learner,20,20267926,12000,2000,0.03791666666666667,455,True,,,0.37945002043156806,0.21777826556695867,-0.05196644387658524,0.21526171408896103,,,,
binary_confounded,Binário: confundido,Q,21,20267927,12000,2000,0.034083333333333334,409,True,,,0.4511902007589218,0.3297295747431066,0.19763320718235647,0.4722488202899325,,,,
binary_confounded,Binário: confundido,DML,21,20267927,12000,2000,0.034083333333333334,409,True,,"Estimated response clipped to [clip, 1]; ratios may be unstable.",0.9830917947506959,0.9817533256205706,0.6878687964610462,0.16188902443145917,,,,0.0
binary_confounded,Binário: confundido,S-learner,21,20267927,12000,2000,0.034083333333333334,409,True,,,0.23193736806980805,0.13722854213607225,0.11046646177965573,0.7043015328517492,,,,
binary_confounded,Binário: confundido,Q,22,20267928,12000,2000,0.03425,411,True,,,0.4370270568127016,0.2576528402144715,0.013390562973853057,0.19873711691739696,,,,
binary_confounded,Binário: confundido,DML,22,20267928,12000,2000,0.03425,411,True,,"Estimated response clipped to [clip, 1]; ratios may be unstable.",1.0681201099078268,1.2769819309458397,0.8793102716900545,-0.033199001507887294,,,,0.0
binary_confounded,Binário: confundido,S-learner,22,20267928,12000,2000,0.03425,411,True,,,0.26137073989931686,0.15597607169911823,0.04526571908156174,0.5520386525099452,,,,
binary_confounded,Binário: confundido,Q,23,20267929,12000,2000,0.03858333333333333,463,True,,,0.4285332251857245,0.2626318263358965,0.04787037487938657,0.425972889570128,,,,
binary_confounded,Binário: confundido,DML,23,20267929,12000,2000,0.03858333333333333,463,True,,"Estimated response clipped to [clip, 1]; ratios may be unstable.",1.0972860649437708,1.2285841100491128,0.8208923596712796,0.017193940394879644,,,,0.0
binary_confounded,Binário: confundido,S-learner,23,20267929,12000,2000,0.03858333333333333,463,True,,,0.24851330393752652,0.1432592644362672,0.005172388951566708,0.6082566224629018,,,,
binary_confounded,Binário: confundido,Q,24,20267930,12000,2000,0.03833333333333333,460,True,,,0.41038666038898974,0.27776264640975185,0.16486751551246015,0.5828300475519141,,,,
binary_confounded,Binário: confundido,DML,24,20267930,12000,2000,0.03833333333333333,460,True,,"Estimated response clipped to [clip, 1]; ratios may be unstable.",1.0906752227640113,1.744650802720611,1.4558430480312996,0.21950675779858825,,,,0.0
binary_confounded,Binário: confundido,S-learner,24,20267930,12000,2000,0.03833333333333333,460,True,,,0.19532056784431245,0.12703153511388277,0.09817111965604985,0.7760849741915083,,,,
binary_confounded,Binário: confundido,Q,25,20267931,12000,2000,0.0395,474,True,,,0.4729735931348347,0.33768859152700503,0.22861798054549257,0.3839016834259008,,,,
binary_confounded,Binário: confundido,DML,25,20267931,12000,2000,0.0395,474,True,,"Estimated response clipped to [clip, 1]; ratios may be unstable.",1.0940898326908204,1.3563599246571139,1.0448384760741767,0.03091770734514041,,,,0.0
binary_confounded,Binário: confundido,S-learner,25,20267931,12000,2000,0.0395,474,True,,,0.29718396800162644,0.2070312780024603,0.1752429903077503,0.6747048986679179,,,,
binary_confounded,Binário: confundido,Q,26,20267932,12000,2000,0.03716666666666667,446,True,,,0.4434948636697892,0.3220582472163943,0.22258710465629541,0.7142286583748357,,,,
binary_confounded,Binário: confundido,DML,26,20267932,12000,2000,0.03716666666666667,446,True,,"Estimated response clipped to [clip, 1]; ratios may be unstable.",1.1026393899116869,1.3946154135144089,1.058162015223106,0.18011644891287454,,,,0.0
binary_confounded,Binário: confundido,S-learner,26,20267932,12000,2000,0.03716666666666667,446,True,,,0.218115282543703,0.1489419272817662,0.11768517984667223,0.8110329643021876,,,,
binary_confounded,Binário: confundido,Q,27,20267933,12000,2000,0.03475,417,True,,,0.4917801455310331,0.35058662905981625,0.18356472887546071,0.44367719975032327,,,,
binary_confounded,Binário: confundido,DML,27,20267933,12000,2000,0.03475,417,True,,"Estimated response clipped to [clip, 1]; ratios may be unstable.",1.166426790511227,1.447351951423248,1.075574638850825,0.07206878371840895,,,,0.0
binary_confounded,Binário: confundido,S-learner,27,20267933,12000,2000,0.03475,417,True,,,0.2741844918634992,0.1706622604626971,0.07906391499759471,0.5698892951720655,,,,
binary_confounded,Binário: confundido,Q,28,20267934,12000,2000,0.035,420,True,,,0.5179532054636243,0.4005630912371291,0.28680066144906924,0.7656954798401884,,,,
binary_confounded,Binário: confundido,DML,28,20267934,12000,2000,0.035,420,True,,"Estimated response clipped to [clip, 1]; ratios may be unstable.",1.1617999450209466,1.3441748706318128,1.0292526409649794,0.2286602014071908,,,,0.0
binary_confounded,Binário: confundido,S-learner,28,20267934,12000,2000,0.035,420,True,,,0.24043185069533887,0.16775069411969823,0.1311218574989662,0.8195486363852863,,,,
binary_confounded,Binário: confundido,Q,29,20267935,12000,2000,0.03741666666666667,449,True,,,0.42603786347438716,0.2895441134723171,0.10585533679312752,0.588957487961049,,,,
binary_confounded,Binário: confundido,DML,29,20267935,12000,2000,0.03741666666666667,449,True,,"Estimated response clipped to [clip, 1]; ratios may be unstable.",1.1966857200123708,1.0407796534463187,0.6438232218232718,0.14308224449843074,,,,0.0
binary_confounded,Binário: confundido,S-learner,29,20267935,12000,2000,0.03741666666666667,449,True,,,0.253848255847355,0.124581422307408,0.03337606722203927,0.7147931791204429,,,,
three_arm,Discreto: três braços,Q,0,20268906,12000,2000,0.028666666666666667,344,True,,,0.6828137347809152,0.4505363999972695,0.27528056037795023,0.6192579694615081,,,,
three_arm,Discreto: três braços,DML,0,20268906,12000,2000,0.028666666666666667,344,True,,"Estimated response clipped to [clip, 1]; ratios may be unstable.",1.7136123497481819,4.204488043830579,3.793832634210653,0.01699786847196342,,,,0.0
three_arm,Discreto: três braços,S-learner,0,20268906,12000,2000,0.028666666666666667,344,True,,,0.2728829346835482,0.14497204585486492,0.08934836337674133,0.8030150955446105,,,,
three_arm,Discreto: três braços,Q,1,20268907,12000,2000,0.027833333333333335,334,True,,,0.6514051881647096,0.3319776390556873,0.028010007299195477,0.5288018718631886,,,,
three_arm,Discreto: três braços,DML,1,20268907,12000,2000,0.027833333333333335,334,True,,"Estimated response clipped to [clip, 1]; ratios may be unstable.",1.6608595767449896,2.4957105833827944,1.958652280899167,-0.30497258720572873,,,,0.0
three_arm,Discreto: três braços,S-learner,1,20268907,12000,2000,0.027833333333333335,334,True,,,0.3294987601847485,0.13709985000711963,-0.032507239091429045,0.765484302332525,,,,
three_arm,Discreto: três braços,Q,2,20268908,12000,2000,0.027333333333333334,328,True,,,0.6175855019195428,0.3521488770387108,0.11895146105059533,0.5537134647701816,,,,
three_arm,Discreto: três braços,DML,2,20268908,12000,2000,0.027333333333333334,328,True,,"Estimated response clipped to [clip, 1]; ratios may be unstable.",1.6599311024836694,2.5521353956288206,2.1106589752857654,-0.23513442335861745,,,,0.0
three_arm,Discreto: três braços,S-learner,2,20268908,12000,2000,0.027333333333333334,328,True,,,0.3317198120535809,0.16897533462490186,0.05075503978032977,0.7240533094755579,,,,
three_arm,Discreto: três braços,Q,3,20268909,12000,2000,0.029166666666666667,350,True,,,0.652638674760938,0.4025182610037306,0.2123670834467065,0.7224038770749824,,,,
three_arm,Discreto: três braços,DML,3,20268909,12000,2000,0.029166666666666667,350,True,,"Estimated response clipped to [clip, 1]; ratios may be unstable.",1.450468663379938,1.6470783616160312,1.2243022871763196,0.25791896337433273,,,,0.0
three_arm,Discreto: três braços,S-learner,3,20268909,12000,2000,0.029166666666666667,350,True,,,0.2992581166210543,0.13403565522775834,0.06565110847740133,0.7865385043140407,,,,
three_arm,Discreto: três braços,Q,4,20268910,12000,2000,0.027416666666666666,329,True,,,0.6466639031390027,0.4376941859101526,0.2702838349682592,0.6298905090394133,,,,
three_arm,Discreto: três braços,DML,4,20268910,12000,2000,0.027416666666666666,329,True,,"Estimated response clipped to [clip, 1]; ratios may be unstable.",1.688565170684212,4.03092344354354,3.6609302389154537,-0.14543484875078705,,,,0.0
three_arm,Discreto: três braços,S-learner,4,20268910,12000,2000,0.027416666666666666,329,True,,,0.37496615110882847,0.2023879822013323,0.18909497098729372,0.6980930065927858,,,,
three_arm,Discreto: três braços,Q,5,20268911,12000,2000,0.0265,318,True,,,0.6275155356054266,0.32294694408560043,0.057240206041225775,0.3909402894746297,,,,
three_arm,Discreto: três braços,DML,5,20268911,12000,2000,0.0265,318,True,,"Estimated response clipped to [clip, 1]; ratios may be unstable.",1.6334101959965508,2.29546263158261,1.8503221707671422,-0.1891604572961208,,,,0.0
three_arm,Discreto: três braços,S-learner,5,20268911,12000,2000,0.0265,318,True,,,0.300787107397945,0.1334148352526492,0.02233856411737719,0.6498793723659417,,,,
three_arm,Discreto: três braços,Q,6,20268912,12000,2000,0.02825,339,True,,,0.7124827064948728,0.3298616780984578,0.00605118154769356,0.1583043816546283,,,,
three_arm,Discreto: três braços,DML,6,20268912,12000,2000,0.02825,339,True,,"Estimated response clipped to [clip, 1]; ratios may be unstable.",1.788477599358593,5.02311663245987,4.520152764106698,-0.38507734064993393,,,,0.0
three_arm,Discreto: três braços,S-learner,6,20268912,12000,2000,0.02825,339,True,,,0.3776482052468586,0.18144664789407658,-0.017908130660354408,0.4706678103728114,,,,
three_arm,Discreto: três braços,Q,7,20268913,12000,2000,0.027,324,True,,,0.5838909918490762,0.3088419468470018,0.13697920852660586,0.5048618140521395,,,,
three_arm,Discreto: três braços,DML,7,20268913,12000,2000,0.027,324,True,,"Estimated response clipped to [clip, 1]; ratios may be unstable.",1.803936827360782,3.513977541065079,3.071983627044946,-0.17925414038200974,,,,0.0
three_arm,Discreto: três braços,S-learner,7,20268913,12000,2000,0.027,324,True,,,0.37722568720710103,0.16947385521903374,0.07659159072950966,0.6083613264089769,,,,
three_arm,Discreto: três braços,Q,8,20268914,12000,2000,0.02925,351,True,,,0.7304093812535978,0.5523416380839269,0.4049582204102393,0.6563722997145095,,,,
three_arm,Discreto: três braços,DML,8,20268914,12000,2000,0.02925,351,True,,"Estimated response clipped to [clip, 1]; ratios may be unstable.",1.4407105862930958,2.416118311898224,2.069849276023323,0.1463254138813292,,,,0.0
three_arm,Discreto: três braços,S-learner,8,20268914,12000,2000,0.02925,351,True,,,0.4036411718637411,0.2431564880749572,0.18725191955392478,0.8247259083601801,,,,
three_arm,Discreto: três braços,Q,9,20268915,12000,2000,0.02808333333333333,337,True,,,0.590632016375437,0.3297007730816562,0.10776655402360188,0.6052450728975839,,,,
three_arm,Discreto: três braços,DML,9,20268915,12000,2000,0.02808333333333333,337,True,,"Estimated response clipped to [clip, 1]; ratios may be unstable.",1.4460732638558091,2.534856177190805,2.1794245135065005,0.04083462150656129,,,,0.0
three_arm,Discreto: três braços,S-learner,9,20268915,12000,2000,0.02808333333333333,337,True,,,0.2778924195384529,0.14149701466751724,0.07784511707709037,0.793927175161978,,,,
three_arm,Discreto: três braços,Q,10,20268916,12000,2000,0.027916666666666666,335,True,,,0.6340277694814348,0.3065626417283888,0.01794152972073892,0.4602519758860097,,,,
three_arm,Discreto: três braços,DML,10,20268916,12000,2000,0.027916666666666666,335,True,,"Estimated response clipped to [clip, 1]; ratios may be unstable.",1.690430227014446,2.621881991799666,2.10593731274032,-0.3017903061177191,,,,0.0
three_arm,Discreto: três braços,S-learner,10,20268916,12000,2000,0.027916666666666666,335,True,,,0.35571201490736315,0.14577537639158658,-0.033410953765732936,0.7437144193948668,,,,
three_arm,Discreto: três braços,Q,11,20268917,12000,2000,0.027666666666666666,332,True,,,0.8145763532991025,0.2957207044831233,-0.07287300580420254,-0.002689420511707458,,,,
three_arm,Discreto: três braços,DML,11,20268917,12000,2000,0.027666666666666666,332,True,,"Estimated response clipped to [clip, 1]; ratios may be unstable.",1.7341311515382392,2.2158038559920725,1.6821886471607022,-0.5063215841034148,,,,0.0
three_arm,Discreto: três braços,S-learner,11,20268917,12000,2000,0.027666666666666666,332,True,,,0.35097931372879737,0.14279992341143805,-0.04361450343197878,0.6751839899134973,,,,
three_arm,Discreto: três braços,Q,12,20268918,12000,2000,0.029416666666666667,353,True,,,0.7052548450854481,0.3744470483127178,0.0694551924979447,0.3672888419657119,,,,
three_arm,Discreto: três braços,DML,12,20268918,12000,2000,0.029416666666666667,353,True,,"Estimated response clipped to [clip, 1]; ratios may be unstable.",1.7925858730654014,3.6093668643506525,3.109170790816475,-0.3158059377270472,,,,0.0
three_arm,Discreto: três braços,S-learner,12,20268918,12000,2000,0.029416666666666667,353,True,,,0.3807493118924768,0.17363107104199688,0.038414930140252136,0.7688176609049783,,,,
three_arm,Discreto: três braços,Q,13,20268919,12000,2000,0.028333333333333332,340,True,,,0.6659586243876864,0.38230679317863003,0.13479435049497399,0.3368714528449719,,,,
three_arm,Discreto: três braços,DML,13,20268919,12000,2000,0.028333333333333332,340,True,,"Estimated response clipped to [clip, 1]; ratios may be unstable.",1.7830706308440771,3.3866449568499783,2.91195678004405,-0.20665904360223686,,,,0.0
three_arm,Discreto: três braços,S-learner,13,20268919,12000,2000,0.028333333333333332,340,True,,,0.39495864097289735,0.20817519439570348,0.07970026309456117,0.48157841851751665,,,,
three_arm,Discreto: três braços,Q,14,20268920,12000,2000,0.02575,309,True,,,0.7107421137689063,0.34617594720677675,0.04842943597315812,0.4812260292841271,,,,
three_arm,Discreto: três braços,DML,14,20268920,12000,2000,0.02575,309,True,,"Estimated response clipped to [clip, 1]; ratios may be unstable.",1.4233422083718212,3.829898545392396,3.4044596498529445,0.14068017453163129,,,,0.0
three_arm,Discreto: três braços,S-learner,14,20268920,12000,2000,0.02575,309,True,,,0.4738114004988978,0.18558228584654846,-0.03566872477741387,0.6072690124072002,,,,
three_arm,Discreto: três braços,Q,15,20268921,12000,2000,0.026833333333333334,322,True,,,0.662626686904658,0.3922140026598886,0.20660037611059356,0.42432511906816783,,,,
three_arm,Discreto: três braços,DML,15,20268921,12000,2000,0.026833333333333334,322,True,,"Estimated response clipped to [clip, 1]; ratios may be unstable.",1.801126286313633,4.308109068543793,3.8442115453620156,-0.21409150264820115,,,,0.0
three_arm,Discreto: três braços,S-learner,15,20268921,12000,2000,0.026833333333333334,322,True,,,0.3783532034818053,0.17589697819267838,0.11218108360755744,0.6431157908929813,,,,
three_arm,Discreto: três braços,Q,16,20268922,12000,2000,0.028333333333333332,340,True,,,0.7447629683368309,0.46031786846482914,0.20530397563959807,0.31093894143030754,,,,
three_arm,Discreto: três braços,DML,16,20268922,12000,2000,0.028333333333333332,340,True,,"Estimated response clipped to [clip, 1]; ratios may be unstable.",1.6538494201270044,2.3253626712004642,1.88069590995816,-0.18494330842430323,,,,0.0
three_arm,Discreto: três braços,S-learner,16,20268922,12000,2000,0.028333333333333332,340,True,,,0.3359933159379973,0.18004316934656966,0.09006186277097229,0.6650037325414293,,,,
three_arm,Discreto: três braços,Q,17,20268923,12000,2000,0.02666666666666667,320,True,,,0.7091366881818459,0.3600659228622317,0.13487981769320778,0.39771408460760577,,,,
three_arm,Discreto: três braços,DML,17,20268923,12000,2000,0.02666666666666667,320,True,,"Estimated response clipped to [clip, 1]; ratios may be unstable.",1.5249361163115425,1.465273713087018,0.9912418155616446,-0.2724322117442638,,,,0.0
three_arm,Discreto: três braços,S-learner,17,20268923,12000,2000,0.02666666666666667,320,True,,,0.2957771653280934,0.14271027756533425,0.06502995692412188,0.6896602629699288,,,,
three_arm,Discreto: três braços,Q,18,20268924,12000,2000,0.029833333333333333,358,True,,,0.7772088908651025,0.4772485767076628,0.2685398186135659,0.6731908889971361,,,,
three_arm,Discreto: três braços,DML,18,20268924,12000,2000,0.029833333333333333,358,True,,"Estimated response clipped to [clip, 1]; ratios may be unstable.",1.7136425666276702,4.104241887464897,3.693760423743001,-0.009906426839440931,,,,0.0
three_arm,Discreto: três braços,S-learner,18,20268924,12000,2000,0.029833333333333333,358,True,,,0.367125881732334,0.189427681820916,0.09345705160863593,0.7784520334666798,,,,
three_arm,Discreto: três braços,Q,19,20268925,12000,2000,0.026166666666666668,314,True,,,0.7644846093869347,0.4399369351691441,0.14952133713515112,0.4129280422828135,,,,
three_arm,Discreto: três braços,DML,19,20268925,12000,2000,0.026166666666666668,314,True,,"Estimated response clipped to [clip, 1]; ratios may be unstable.",1.5232831607254707,2.2584291927545608,1.7929588268101442,-0.13737117776895247,,,,0.0
three_arm,Discreto: três braços,S-learner,19,20268925,12000,2000,0.026166666666666668,314,True,,,0.45730452222695905,0.19225049785357096,0.052252383132890025,0.46571947095849237,,,,
three_arm,Discreto: três braços,Q,20,20268926,12000,2000,0.0295,354,True,,,0.599607578629943,0.34909956233052253,0.08050930692639864,0.5854378068636329,,,,
three_arm,Discreto: três braços,DML,20,20268926,12000,2000,0.0295,354,True,,"Estimated response clipped to [clip, 1]; ratios may be unstable.",1.8710504079199965,5.065509033358201,4.575407952184688,-0.22380159928095977,,,,0.0
three_arm,Discreto: três braços,S-learner,20,20268926,12000,2000,0.0295,354,True,,,0.3224230562717117,0.16017142626280031,0.043430186467435315,0.6963698061728875,,,,
three_arm,Discreto: três braços,Q,21,20268927,12000,2000,0.027,324,True,,,0.8843747028410545,0.3515278081017928,-0.0014641013093386022,0.008832972192929205,,,,
three_arm,Discreto: três braços,DML,21,20268927,12000,2000,0.027,324,True,,"Estimated response clipped to [clip, 1]; ratios may be unstable.",1.6962597724039663,3.4879889516098204,3.0678198268294445,-0.14867141907914344,,,,0.0
three_arm,Discreto: três braços,S-learner,21,20268927,12000,2000,0.027,324,True,,,0.37197891761245916,0.16597928059705616,-0.02076167952718456,0.6770168879833238,,,,
three_arm,Discreto: três braços,Q,22,20268928,12000,2000,0.028833333333333332,346,True,,,0.6660991404281407,0.3321104259682235,0.07133085756575239,0.5794702754049953,,,,
three_arm,Discreto: três braços,DML,22,20268928,12000,2000,0.028833333333333332,346,True,,"Estimated response clipped to [clip, 1]; ratios may be unstable.",1.5318679847938588,2.02703677438246,1.616212477671555,-0.09467898617356522,,,,0.0
three_arm,Discreto: três braços,S-learner,22,20268928,12000,2000,0.028833333333333332,346,True,,,0.3204311335243092,0.13169135915122193,0.02642261630454825,0.8279101325875026,,,,
three_arm,Discreto: três braços,Q,23,20268929,12000,2000,0.02625,315,True,,,0.8207964856339693,0.457549330044317,0.10668563497948479,-0.23756188737998368,,,,
three_arm,Discreto: três braços,DML,23,20268929,12000,2000,0.02625,315,True,,"Estimated response clipped to [clip, 1]; ratios may be unstable.",1.7346306811993843,2.438603318483933,1.9454939884205262,-0.5175961849840603,,,,0.0
three_arm,Discreto: três braços,S-learner,23,20268929,12000,2000,0.02625,315,True,,,0.5445303934591753,0.2885449282327509,0.04735504727699715,-0.004968878824735623,,,,
three_arm,Discreto: três braços,Q,24,20268930,12000,2000,0.027666666666666666,332,True,,,0.5658926730640094,0.2841805356851038,0.025019517134529923,0.5853820460239479,,,,
three_arm,Discreto: três braços,DML,24,20268930,12000,2000,0.027666666666666666,332,True,,"Estimated response clipped to [clip, 1]; ratios may be unstable.",1.4640462028074486,2.4386781854482575,2.0388247807954527,0.09246589527296369,,,,0.0
three_arm,Discreto: três braços,S-learner,24,20268930,12000,2000,0.027666666666666666,332,True,,,0.28576958110741346,0.1093893103764141,-0.0022469637963796175,0.8214571797396792,,,,
three_arm,Discreto: três braços,Q,25,20268931,12000,2000,0.0275,330,True,,,0.867460163318617,0.5171737659158225,0.22708634476903888,0.132480585381167,,,,
three_arm,Discreto: três braços,DML,25,20268931,12000,2000,0.0275,330,True,,"Estimated response clipped to [clip, 1]; ratios may be unstable.",1.7975221015464187,3.271981729338521,2.8642368939881746,-0.2961535525795487,,,,0.0
three_arm,Discreto: três braços,S-learner,25,20268931,12000,2000,0.0275,330,True,,,0.43513158373290833,0.21731512489676455,0.07973486605049553,0.4510507385782968,,,,
three_arm,Discreto: três braços,Q,26,20268932,12000,2000,0.03125,375,True,,,0.574119966809811,0.3285386459312555,0.10520869107606032,0.5206089204737484,,,,
three_arm,Discreto: três braços,DML,26,20268932,12000,2000,0.03125,375,True,,"Estimated response clipped to [clip, 1]; ratios may be unstable.",1.6830066619834634,3.626351531049545,3.18494501418699,-0.15327833827547516,,,,0.0
three_arm,Discreto: três braços,S-learner,26,20268932,12000,2000,0.03125,375,True,,,0.35557985964384076,0.1545426779868117,0.0819075169907473,0.7342411172849908,,,,
three_arm,Discreto: três braços,Q,27,20268933,12000,2000,0.0285,342,True,,,0.779145168661921,0.3160989290711753,-0.08800041204553558,0.39679244135287967,,,,
three_arm,Discreto: três braços,DML,27,20268933,12000,2000,0.0285,342,True,,"Estimated response clipped to [clip, 1]; ratios may be unstable.",1.7737780529978082,1.984337786660401,1.3697277154858574,-0.2661724620094264,,,,0.0
three_arm,Discreto: três braços,S-learner,27,20268933,12000,2000,0.0285,342,True,,,0.4945090629736713,0.1851620622416252,-0.12365808416961009,0.663163766460457,,,,
three_arm,Discreto: três braços,Q,28,20268934,12000,2000,0.027916666666666666,335,True,,,0.6414034573646042,0.37188242316352565,0.09828998796151653,0.6262448449220963,,,,
three_arm,Discreto: três braços,DML,28,20268934,12000,2000,0.027916666666666666,335,True,,"Estimated response clipped to [clip, 1]; ratios may be unstable.",1.841817031135084,3.4666827416227735,3.0033220970867487,0.09539770234095685,,,,0.0
three_arm,Discreto: três braços,S-learner,28,20268934,12000,2000,0.027916666666666666,335,True,,,0.4363545624712638,0.22213631807838213,0.09424917475412138,0.6943209599620459,,,,
three_arm,Discreto: três braços,Q,29,20268935,12000,2000,0.030083333333333333,361,True,,,0.7156360525534121,0.35381634728167355,0.03152241347473386,0.22715472346598387,,,,
three_arm,Discreto: três braços,DML,29,20268935,12000,2000,0.030083333333333333,361,True,,"Estimated response clipped to [clip, 1]; ratios may be unstable.",1.5953185721289307,2.7918146334743668,2.3631212883502744,-0.027992648219701648,,,,0.0
three_arm,Discreto: três braços,S-learner,29,20268935,12000,2000,0.030083333333333333,361,True,,,0.3674937822315058,0.1509904566057215,-0.02789588951272775,0.44712215174707504,,,,
binary_rare,Binário: conversão rara,Q,0,20269906,12000,2000,0.007666666666666666,92,True,,,0.9203087896469129,1.1384786329914454,0.9968894598007154,0.8266522099460226,,,,
binary_rare,Binário: conversão rara,DML,0,20269906,12000,2000,0.007666666666666666,92,True,,"Estimated response clipped to [clip, 1]; ratios may be unstable.",1.5903892407613047,2.871671475298672,2.542614403591039,0.131993557021241,,,,0.0
binary_rare,Binário: conversão rara,S-learner,0,20269906,12000,2000,0.007666666666666666,92,True,,S-learner response clipped.,0.5074158969676426,0.3954269725495642,0.33411573640542525,0.6393275505926616,,,,
binary_rare,Binário: conversão rara,Q,1,20269907,12000,2000,0.007666666666666666,92,True,,,0.811387195982297,0.8114155775953678,0.6074130211371159,0.8268745617620099,,,,
binary_rare,Binário: conversão rara,DML,1,20269907,12000,2000,0.007666666666666666,92,True,,"Estimated response clipped to [clip, 1]; ratios may be unstable.",1.5348489436079487,2.0039104818114035,1.586106855551472,0.267873135398105,,,,0.0
binary_rare,Binário: conversão rara,S-learner,1,20269907,12000,2000,0.007666666666666666,92,True,,S-learner response clipped.,0.5877128651084434,0.3348330771434243,0.15499846763873218,0.6070440366206692,,,,
binary_rare,Binário: conversão rara,Q,2,20269908,12000,2000,0.00875,105,True,,,0.9572683755630104,1.2565216922303721,1.1510564875419023,0.8274372310660213,,,,
binary_rare,Binário: conversão rara,DML,2,20269908,12000,2000,0.00875,105,True,,"Estimated response clipped to [clip, 1]; ratios may be unstable.",1.5881719202659095,2.973222391636294,2.6185282270301635,-0.09126860267540945,,,,0.0
binary_rare,Binário: conversão rara,S-learner,2,20269908,12000,2000,0.00875,105,True,,,0.4532008635151694,0.29191781873057154,0.18099513568686593,0.13635398658799955,,,,
binary_rare,Binário: conversão rara,Q,3,20269909,12000,2000,0.0085,102,True,,,0.9434441591283254,1.1790518612221563,1.0411086334892161,0.824546247635757,,,,
binary_rare,Binário: conversão rara,DML,3,20269909,12000,2000,0.0085,102,True,,"Estimated response clipped to [clip, 1]; ratios may be unstable.",1.4613460189387875,1.9101111745184953,1.4653439552219392,-0.1291849969457551,,,,0.0
binary_rare,Binário: conversão rara,S-learner,3,20269909,12000,2000,0.0085,102,True,,S-learner response clipped.,0.3684322630387415,0.23461325552024448,0.19161510191326478,0.11071049156610172,,,,
binary_rare,Binário: conversão rara,Q,4,20269910,12000,2000,0.00775,93,True,,,0.9779274399820892,1.2843090701552566,1.1681938187397034,0.8272292131329775,,,,
binary_rare,Binário: conversão rara,DML,4,20269910,12000,2000,0.00775,93,True,,"Estimated response clipped to [clip, 1]; ratios may be unstable.",1.5388411586888282,2.3154843101209543,1.9461591723237492,-0.26886454882725574,,,,0.0
binary_rare,Binário: conversão rara,S-learner,4,20269910,12000,2000,0.00775,93,True,,S-learner response clipped.,0.4665634229035484,0.2833276882771226,0.14055563212021918,-0.06772762897285338,,,,
binary_rare,Binário: conversão rara,Q,5,20269911,12000,2000,0.008333333333333333,100,True,,,0.875926943362928,1.0332070821463348,0.887183308572443,0.8352391402785776,,,,
binary_rare,Binário: conversão rara,DML,5,20269911,12000,2000,0.008333333333333333,100,True,,"Estimated response clipped to [clip, 1]; ratios may be unstable.",1.3387049737905619,1.2166619549731577,0.7383781826420097,-0.22060038142783156,,,,0.0
binary_rare,Binário: conversão rara,S-learner,5,20269911,12000,2000,0.008333333333333333,100,True,,S-learner response clipped.,0.42497048794591474,0.2611171749141432,0.13024933015168022,0.1557942992934826,,,,
binary_rare,Binário: conversão rara,Q,6,20269912,12000,2000,0.0069166666666666664,83,True,,,0.9326688295603937,1.1910634187412283,1.0719675343386899,0.8362776679607413,,,,
binary_rare,Binário: conversão rara,DML,6,20269912,12000,2000,0.0069166666666666664,83,True,,"Estimated response clipped to [clip, 1]; ratios may be unstable.",1.4739609089077723,1.960497520745599,1.5925625858100625,-0.18057426681313307,,,,0.0
binary_rare,Binário: conversão rara,S-learner,6,20269912,12000,2000,0.0069166666666666664,83,True,,S-learner response clipped.,0.46554978020772153,0.29274980354937225,0.21930247153130353,-0.020029166714409744,,,,
binary_rare,Binário: conversão rara,Q,7,20269913,12000,2000,0.007916666666666667,95,True,,,0.865609914972715,0.9332985556813577,0.7416812614033074,0.8243812766032541,,,,
binary_rare,Binário: conversão rara,DML,7,20269913,12000,2000,0.007916666666666667,95,True,,"Estimated response clipped to [clip, 1]; ratios may be unstable.",1.4470198058841208,1.2678689792105187,0.7365957192375131,-0.26455749702206904,,,,0.0
binary_rare,Binário: conversão rara,S-learner,7,20269913,12000,2000,0.007916666666666667,95,True,,S-learner response clipped.,0.856760281206536,0.3794984797185898,-0.18001968830147702,-0.4621657465881969,,,,
binary_rare,Binário: conversão rara,Q,8,20269914,12000,2000,0.00825,99,True,,,0.9004314536439428,0.9899489878529506,0.793653171449749,0.8366816568995475,,,,
binary_rare,Binário: conversão rara,DML,8,20269914,12000,2000,0.00825,99,True,,"Estimated response clipped to [clip, 1]; ratios may be unstable.",1.4261856461461697,2.161416391650847,1.7381680149372396,0.1801518801304595,,,,0.0
binary_rare,Binário: conversão rara,S-learner,8,20269914,12000,2000,0.00825,99,True,,S-learner response clipped.,0.46735399570086955,0.31529174054862197,0.19938322145351917,0.6471615264686791,,,,
binary_rare,Binário: conversão rara,Q,9,20269915,12000,2000,0.006333333333333333,76,True,,,0.8812787080250611,1.033794621186802,0.8809537263542624,0.8343998727275744,,,,
binary_rare,Binário: conversão rara,DML,9,20269915,12000,2000,0.006333333333333333,76,True,,"Estimated response clipped to [clip, 1]; ratios may be unstable.",1.5229631667275236,2.3557163455848578,1.9985142662760114,0.027138517559881753,,,,0.0
binary_rare,Binário: conversão rara,S-learner,9,20269915,12000,2000,0.006333333333333333,76,True,,S-learner response clipped.,0.40442671082086384,0.20966549372702972,0.11222919411758328,0.5160666013963303,,,,
binary_rare,Binário: conversão rara,Q,10,20269916,12000,2000,0.006583333333333333,79,True,,,0.8959836189091763,1.0670047193894612,0.916959514751152,0.8348242445508147,,,,
binary_rare,Binário: conversão rara,DML,10,20269916,12000,2000,0.006583333333333333,79,True,,"Estimated response clipped to [clip, 1]; ratios may be unstable.",1.720940704547396,3.3304553822080796,2.9735030394867783,0.005594900870287812,,,,0.0
binary_rare,Binário: conversão rara,S-learner,10,20269916,12000,2000,0.006583333333333333,79,True,,S-learner response clipped.,0.5079401766958698,0.35760104855483904,0.24797543336236505,0.022094948891116375,,,,
binary_rare,Binário: conversão rara,Q,11,20269917,12000,2000,0.007083333333333333,85,True,,,0.9339971766314634,1.1953145747129361,1.09302840181848,0.8212135343400334,,,,
binary_rare,Binário: conversão rara,DML,11,20269917,12000,2000,0.007083333333333333,85,True,,"Estimated response clipped to [clip, 1]; ratios may be unstable.",1.37465057084067,1.692209344788502,1.289158419923035,-0.023390395702257975,,,,0.0
binary_rare,Binário: conversão rara,S-learner,11,20269917,12000,2000,0.007083333333333333,85,True,,S-learner response clipped.,0.3702508314741613,0.23158244748499568,0.20859072931646572,0.43178854677364636,,,,
binary_rare,Binário: conversão rara,Q,12,20269918,12000,2000,0.007333333333333333,88,True,,,0.9241182281098269,1.1363207977861902,0.9907018543447432,0.8256670148731046,,,,
binary_rare,Binário: conversão rara,DML,12,20269918,12000,2000,0.007333333333333333,88,True,,"Estimated response clipped to [clip, 1]; ratios may be unstable.",1.324305422327399,1.7207071356841634,1.350426999833325,0.07019950367266173,,,,0.0
binary_rare,Binário: conversão rara,S-learner,12,20269918,12000,2000,0.007333333333333333,88,True,,S-learner response clipped.,0.3419897940160455,0.2076101828504653,0.16966932595505793,0.4041566156926092,,,,
binary_rare,Binário: conversão rara,Q,13,20269919,12000,2000,0.007583333333333333,91,True,,,0.9163543396764338,1.1469098272832001,1.0152385137677267,0.8376732764716198,,,,
binary_rare,Binário: conversão rara,DML,13,20269919,12000,2000,0.007583333333333333,91,True,,"Estimated response clipped to [clip, 1]; ratios may be unstable.",1.40141120446523,1.669071334618868,1.189230324634243,-0.2977160476980103,,,,0.0
binary_rare,Binário: conversão rara,S-learner,13,20269919,12000,2000,0.007583333333333333,91,True,,,0.33023053828383153,0.18104340695818139,0.1271239180098696,0.24730840291037628,,,,
binary_rare,Binário: conversão rara,Q,14,20269920,12000,2000,0.008083333333333333,97,True,,,0.8856300787314207,1.0652424544474473,0.9452263007933904,0.8284706552816855,,,,
binary_rare,Binário: conversão rara,DML,14,20269920,12000,2000,0.008083333333333333,97,True,,"Estimated response clipped to [clip, 1]; ratios may be unstable.",1.6084089172347755,2.137354236831368,1.7837808342343828,-0.31339896169681175,,,,0.0
binary_rare,Binário: conversão rara,S-learner,14,20269920,12000,2000,0.008083333333333333,97,True,,S-learner response clipped.,0.4562776785540744,0.28499319655049904,0.06523888210664539,-0.5070334143771736,,,,
binary_rare,Binário: conversão rara,Q,15,20269921,12000,2000,0.007,84,True,,,0.9084832475334713,1.0967257707835023,0.9545906483723752,0.8273635197484613,,,,
binary_rare,Binário: conversão rara,DML,15,20269921,12000,2000,0.007,84,True,,"Estimated response clipped to [clip, 1]; ratios may be unstable.",1.4280725306393396,1.906433484585004,1.4748397467088696,-0.2615039128328375,,,,0.0
binary_rare,Binário: conversão rara,S-learner,15,20269921,12000,2000,0.007,84,True,,,0.5179054531528723,0.33325775430777393,0.08852861044209676,-0.22148162841217228,,,,
binary_rare,Binário: conversão rara,Q,16,20269922,12000,2000,0.008833333333333334,106,True,,,1.028492500575985,1.441090358158421,1.3763993858002164,0.8326784155720964,,,,
binary_rare,Binário: conversão rara,DML,16,20269922,12000,2000,0.008833333333333334,106,True,,"Estimated response clipped to [clip, 1]; ratios may be unstable.",1.5208049323907211,2.575044458110148,2.2607951651858884,-0.12945562558299592,,,,0.0
binary_rare,Binário: conversão rara,S-learner,16,20269922,12000,2000,0.008833333333333334,106,True,,,0.5820318391519368,0.39133760020964564,0.31587128575184065,-0.028344204832081152,,,,
binary_rare,Binário: conversão rara,Q,17,20269923,12000,2000,0.007416666666666667,89,True,,,1.0246721166172486,1.432266527827635,1.3535286627673835,0.8364888472393907,,,,
binary_rare,Binário: conversão rara,DML,17,20269923,12000,2000,0.007416666666666667,89,True,,"Estimated response clipped to [clip, 1]; ratios may be unstable.",1.8190484286259327,4.042817366691092,3.6866729293670644,-0.27291424332563224,,,,0.0
binary_rare,Binário: conversão rara,S-learner,17,20269923,12000,2000,0.007416666666666667,89,True,,,0.7805504353245977,0.6596126532128962,0.6051286092576562,-0.028344218819328863,,,,
binary_rare,Binário: conversão rara,Q,18,20269924,12000,2000,0.007166666666666667,86,True,,,0.8198228221207093,0.8652149958649404,0.6950689338987275,0.8383351514354531,,,,
binary_rare,Binário: conversão rara,DML,18,20269924,12000,2000,0.007166666666666667,86,True,,"Estimated response clipped to [clip, 1]; ratios may be unstable.",1.3584953758782354,1.4528525679334368,1.0730680282137273,0.0589509669272155,,,,0.0
binary_rare,Binário: conversão rara,S-learner,18,20269924,12000,2000,0.007166666666666667,86,True,,S-learner response clipped.,0.4505748326584099,0.26466350216829493,0.07569461895400402,0.44046108553572566,,,,
binary_rare,Binário: conversão rara,Q,19,20269925,12000,2000,0.007833333333333333,94,True,,,0.8303565020877641,0.7973778874900552,0.5597172654302148,0.8300870198425095,,,,
binary_rare,Binário: conversão rara,DML,19,20269925,12000,2000,0.007833333333333333,94,True,,"Estimated response clipped to [clip, 1]; ratios may be unstable.",1.480984438172051,1.0294806960084357,0.3654800313897391,-0.19420080236701154,,,,0.0
binary_rare,Binário: conversão rara,S-learner,19,20269925,12000,2000,0.007833333333333333,94,True,,S-learner response clipped.,0.4425326102188898,0.20229590853639542,-0.014624101624988796,0.12283250993344189,,,,
binary_rare,Binário: conversão rara,Q,20,20269926,12000,2000,0.006666666666666667,80,True,,,0.8187058630800563,0.8340080043071789,0.6385765320139642,0.836086070142877,,,,
binary_rare,Binário: conversão rara,DML,20,20269926,12000,2000,0.006666666666666667,80,True,,"Estimated response clipped to [clip, 1]; ratios may be unstable.",1.4821504720259628,1.9934864244202133,1.5272553403668454,-0.021422799698672185,,,,0.0
binary_rare,Binário: conversão rara,S-learner,20,20269926,12000,2000,0.006666666666666667,80,True,,S-learner response clipped.,0.5620968330385183,0.3474884226061573,0.16724774994505678,0.2904555763387155,,,,
binary_rare,Binário: conversão rara,Q,21,20269927,12000,2000,0.008166666666666666,98,True,,,0.869156648780963,1.0009161070816324,0.8344958937654672,0.8329826699755235,,,,
binary_rare,Binário: conversão rara,DML,21,20269927,12000,2000,0.008166666666666666,98,True,,"Estimated response clipped to [clip, 1]; ratios may be unstable.",1.4455696537438312,2.1126296352401996,1.7461939099164097,-0.005667129785953005,,,,0.0
binary_rare,Binário: conversão rara,S-learner,21,20269927,12000,2000,0.008166666666666666,98,True,,S-learner response clipped.,0.3849036763854581,0.20492042019730325,0.12048088279638355,0.46111786417285916,,,,
binary_rare,Binário: conversão rara,Q,22,20269928,12000,2000,0.008833333333333334,106,True,,,0.8496166221263092,0.8681632807191038,0.6434602335549962,0.8290754020398399,,,,
binary_rare,Binário: conversão rara,DML,22,20269928,12000,2000,0.008833333333333334,106,True,,"Estimated response clipped to [clip, 1]; ratios may be unstable.",1.3418856171533862,1.6880442387699772,1.1640633205075557,0.003886796114834105,,,,0.0
binary_rare,Binário: conversão rara,S-learner,22,20269928,12000,2000,0.008833333333333334,106,True,,,0.5021569521831644,0.24803764955524957,0.11517696908934605,0.6371042423861377,,,,
binary_rare,Binário: conversão rara,Q,23,20269929,12000,2000,0.00725,87,True,,,1.0001069782966063,1.3573140214149908,1.2667946435090198,0.8300795565198195,,,,
binary_rare,Binário: conversão rara,DML,23,20269929,12000,2000,0.00725,87,True,,"Estimated response clipped to [clip, 1]; ratios may be unstable.",1.5015871150191973,2.711186808876427,2.3447448707591168,-0.05138760951143837,,,,0.0
binary_rare,Binário: conversão rara,S-learner,23,20269929,12000,2000,0.00725,87,True,,S-learner response clipped.,0.41119663596056805,0.27859884097302934,0.2348564981641281,0.39307602216107435,,,,
binary_rare,Binário: conversão rara,Q,24,20269930,12000,2000,0.00775,93,True,,,0.9050549102750709,1.084025667104851,0.9470908737174761,0.8312281828462211,,,,
binary_rare,Binário: conversão rara,DML,24,20269930,12000,2000,0.00775,93,True,,"Estimated response clipped to [clip, 1]; ratios may be unstable.",1.462040691111209,1.9559489768370142,1.594154630487484,0.12609506553745572,,,,0.0
binary_rare,Binário: conversão rara,S-learner,24,20269930,12000,2000,0.00775,93,True,,S-learner response clipped.,0.5095761383836888,0.3490868672379401,0.22558647563625236,0.4443189380021201,,,,
binary_rare,Binário: conversão rara,Q,25,20269931,12000,2000,0.008666666666666666,104,True,,,0.7708764471889707,0.7456092991922174,0.5177888906101094,0.8275085171693579,,,,
binary_rare,Binário: conversão rara,DML,25,20269931,12000,2000,0.008666666666666666,104,True,,"Estimated response clipped to [clip, 1]; ratios may be unstable.",1.4507207838730176,1.4892778304730372,0.875695339721245,-0.1889473905749266,,,,0.0
binary_rare,Binário: conversão rara,S-learner,25,20269931,12000,2000,0.008666666666666666,104,True,,,0.3334428290204616,0.15948873471858774,-0.04796534755509061,0.5357590885626319,,,,
binary_rare,Binário: conversão rara,Q,26,20269932,12000,2000,0.007666666666666666,92,True,,,0.7994001880651245,0.6409793064553921,0.377691115537391,0.8314612967952778,,,,
binary_rare,Binário: conversão rara,DML,26,20269932,12000,2000,0.007666666666666666,92,True,,"Estimated response clipped to [clip, 1]; ratios may be unstable.",1.572458122930867,1.8361711160976943,1.296132560254594,0.18883865713888542,,,,0.0
binary_rare,Binário: conversão rara,S-learner,26,20269932,12000,2000,0.007666666666666666,92,True,,S-learner response clipped.,0.5172811512043888,0.21978298632270413,-0.06411422597893998,0.6371832608590099,,,,
binary_rare,Binário: conversão rara,Q,27,20269933,12000,2000,0.0075,90,True,,,0.8738485591179317,0.9838057428707553,0.8146121772634801,0.8257514156038341,,,,
binary_rare,Binário: conversão rara,DML,27,20269933,12000,2000,0.0075,90,True,,"Estimated response clipped to [clip, 1]; ratios may be unstable.",1.4431622833523,1.6164728521974965,1.1231854559248118,-0.2707202909673324,,,,0.0
binary_rare,Binário: conversão rara,S-learner,27,20269933,12000,2000,0.0075,90,True,,S-learner response clipped.,0.4401085087757298,0.2707177386120659,0.07274863946411389,-0.15854277444035575,,,,
binary_rare,Binário: conversão rara,Q,28,20269934,12000,2000,0.007916666666666667,95,True,,,0.9841901254761788,1.3134214751002222,1.2169602191978388,0.8189985427752695,,,,
binary_rare,Binário: conversão rara,DML,28,20269934,12000,2000,0.007916666666666667,95,True,,"Estimated response clipped to [clip, 1]; ratios may be unstable.",1.3837764871280778,1.6621094224499489,1.26797257631692,-0.191938793399596,,,,0.0
binary_rare,Binário: conversão rara,S-learner,28,20269934,12000,2000,0.007916666666666667,95,True,,S-learner response clipped.,0.3482820157546399,0.22178507616134932,0.16000972601183908,0.2168570356169506,,,,
binary_rare,Binário: conversão rara,Q,29,20269935,12000,2000,0.008333333333333333,100,True,,,0.8405898097816751,0.9008463226984829,0.7082620786337832,0.827664850743495,,,,
binary_rare,Binário: conversão rara,DML,29,20269935,12000,2000,0.008333333333333333,100,True,,"Estimated response clipped to [clip, 1]; ratios may be unstable.",1.6603751591654885,2.3439999040160773,1.8554653635682963,-0.24216439023648856,,,,0.0
binary_rare,Binário: conversão rara,S-learner,29,20269935,12000,2000,0.008333333333333333,100,True,,,0.4564331165089425,0.28942325635706595,0.06433643266828473,0.07068788564876459,,,,
